order_id,customer_id,product_id,quantity,order_date
O00001,C0094,P0211,5,2025-06-05
O00002,C0009,P0626,3,2024-07-03
O00003,C0039,P0217,1,2024-06-29
O00004,C0608,P0299,3,2025-03-13
O00005,C0544,P0055,1,2024-12-02
O00006,C0634,P0190,4,2024-07-08
O00007,C0610,P0613,5,2025-04-22
O00008,C0214,P0476,2,2025-05-04
O00009,C0757,P0695,2,2023-11-13
O00010,C0918,P0450,1,2024-05-24
O00011,C0115,P0216,1,2025-06-03
O00012,C0251,P0272,3,2025-05-13
O00013,C0088,P0123,2,2023-09-24
O00014,C0286,P0294,2,2024-02-17
O00015,C0806,P0339,1,2025-08-01
O00016,C0529,P0628,4,2025-06-10
O00017,C0910,P0254,2,2025-06-27
O00018,C0860,P0196,1,2024-07-28
O00019,C0359,P0472,3,2024-08-31
O00020,C0176,P0546,1,2025-08-14
O00021,C0193,P0458,1,2025-04-27
O00022,C0364,P0601,3,2025-07-23
O00023,C0663,P0629,2,2024-11-18
O00024,C0310,P0436,4,2024-03-24
O00025,C0160,P0594,5,2024-02-09
O00026,C0098,P0010,1,2024-08-16
O00027,C0070,P0644,3,2023-12-16
O00028,C0567,P0622,2,2025-09-08
O00029,C0761,P0656,4,2023-12-14
O00030,C0022,P0100,4,2024-03-29
O00031,C0920,P0245,1,2024-05-21
O00032,C0016,P0462,4,2025-09-05
O00033,C0105,P0414,2,2024-08-18
O00034,C0551,P0593,2,2025-03-29
O00035,C0543,P0145,3,2024-05-28
O00036,C0438,P0595,5,2024-02-23
O00037,C0347,P0040,4,2023-11-30
O00038,C0328,P0236,1,2025-01-18
O00039,C0578,P0153,2,2024-06-13
O00040,C0590,P0021,2,2024-07-17
O00041,C0544,P0450,1,2023-10-15
O00042,C0319,P0568,4,2025-02-21
O00043,C0243,P0072,2,2025-04-19
O00044,C0313,P0303,4,2025-07-20
O00045,C0452,P0321,3,2024-12-31
O00046,C0752,P0298,5,2024-12-27
O00047,C0730,P0645,4,2024-11-22
O00048,C0903,P0414,3,2024-05-08
O00049,C0275,P0213,4,2025-05-22
O00050,C0794,P0137,1,2025-01-04
O00051,C0828,P0399,4,2024-01-10
O00052,C0114,P0281,3,2025-06-03
O00053,C0748,P0067,4,2025-07-28
O00054,C0206,P0513,5,2025-03-07
O00055,C0564,P0522,2,2025-09-13
O00056,C0207,P0240,5,2024-12-11
O00057,C0926,P0374,4,2025-09-02
O00058,C0515,P0503,3,2024-08-30
O00059,C0313,P0082,2,2024-11-20
O00060,C0701,P0378,5,2025-08-10
O00061,C0401,P0091,2,2025-06-07
O00062,C0186,P0586,4,2023-10-19
O00063,C0125,P0237,5,2025-03-24
O00064,C0247,P0489,2,2025-04-14
O00065,C0682,P0429,2,2024-01-26
O00066,C0881,P0586,3,2024-11-12
O00067,C0875,P0401,3,2023-09-19
O00068,C0014,P0529,1,2023-10-13
O00069,C0664,P0475,2,2025-05-15
O00070,C0840,P0568,3,2025-06-08
O00071,C0329,P0634,3,2023-12-19
O00072,C0407,P0405,1,2024-08-10
O00073,C0338,P0148,1,2024-04-07
O00074,C0865,P0595,3,2025-01-25
O00075,C0201,P0550,4,2025-04-24
O00076,C0113,P0436,4,2025-04-14
O00077,C0371,P0076,5,2024-07-10
O00078,C0222,P0148,2,2024-03-27
O00079,C0699,P0276,4,2024-02-15
O00080,C0831,P0184,4,2024-10-08
O00081,C0430,P0431,4,2024-12-27
O00082,C0924,P0132,2,2024-02-04
O00083,C0194,P0313,1,2023-12-01
O00084,C0271,P0035,5,2025-05-07
O00085,C0086,P0355,2,2024-12-28
O00086,C0892,P0627,1,2025-05-13
O00087,C0110,P0593,3,2025-07-28
O00088,C0529,P0658,5,2025-07-27
O00089,C0121,P0513,3,2024-05-13
O00090,C0088,P0540,4,2025-01-20
O00091,C0516,P0646,4,2023-11-01
O00092,C0361,P0700,3,2025-01-30
O00093,C0624,P0239,1,2025-02-12
O00094,C0220,P0514,1,2023-10-23
O00095,C0660,P0439,4,2025-08-13
O00096,C0282,P0606,3,2024-10-08
O00097,C0056,P0698,1,2025-08-11
O00098,C0437,P0340,2,2024-09-29
O00099,C0104,P0258,2,2025-07-19
O00100,C0051,P0214,2,2024-07-13
O00101,C0624,P0588,1,2024-12-20
O00102,C0305,P0278,1,2023-09-23
O00103,C0906,P0235,4,2024-10-20
O00104,C0179,P0587,2,2023-12-06
O00105,C0788,P0351,2,2025-05-23
O00106,C0652,P0274,5,2024-04-18
O00107,C0060,P0241,3,2025-06-03
O00108,C0695,P0197,3,2024-01-29
O00109,C0056,P0498,4,2024-01-20
O00110,C0293,P0245,1,2025-01-23
O00111,C0591,P0346,4,2023-11-17
O00112,C0237,P0336,1,2025-03-29
O00113,C0159,P0183,1,2023-10-31
O00114,C0842,P0254,2,2024-12-04
O00115,C0381,P0606,3,2024-05-13
O00116,C0741,P0355,2,2025-04-02
O00117,C0227,P0321,1,2023-12-28
O00118,C0032,P0125,1,2025-02-13
O00119,C0179,P0277,4,2023-11-16
O00120,C0562,P0389,2,2023-12-18
O00121,C0494,P0163,5,2023-12-27
O00122,C0602,P0290,3,2024-09-05
O00123,C0131,P0294,2,2024-12-11
O00124,C0709,P0266,4,2023-12-23
O00125,C0860,P0247,5,2024-12-28
O00126,C0137,P0137,5,2023-11-26
O00127,C0229,P0599,1,2023-12-20
O00128,C0147,P0095,5,2024-12-25
O00129,C0807,P0404,3,2025-05-03
O00130,C0734,P0038,2,2024-04-13
O00131,C0490,P0417,2,2025-06-25
O00132,C0172,P0663,3,2023-12-26
O00133,C0902,P0020,3,2025-07-27
O00134,C0773,P0229,1,2023-12-12
O00135,C0417,P0470,4,2025-01-18
O00136,C0304,P0016,4,2024-09-19
O00137,C0868,P0529,3,2025-04-30
O00138,C0829,P0545,1,2023-10-18
O00139,C0018,P0454,5,2024-11-06
O00140,C0201,P0188,3,2024-07-20
O00141,C0836,P0247,4,2024-04-25
O00142,C0037,P0014,1,2024-06-15
O00143,C0778,P0244,1,2025-06-27
O00144,C0309,P0541,1,2024-03-29
O00145,C0620,P0039,4,2025-04-26
O00146,C0296,P0079,3,2024-06-22
O00147,C0039,P0247,4,2023-12-18
O00148,C0579,P0135,5,2024-11-13
O00149,C0842,P0300,1,2023-11-15
O00150,C0805,P0297,1,2024-11-08
O00151,C0817,P0025,4,2024-08-04
O00152,C0292,P0056,5,2025-06-28
O00153,C0141,P0581,5,2024-04-06
O00154,C0222,P0319,5,2024-07-03
O00155,C0158,P0066,3,2025-06-21
O00156,C0601,P0399,1,2024-12-12
O00157,C0904,P0099,4,2025-08-28
O00158,C0125,P0339,1,2025-02-05
O00159,C0119,P0680,1,2025-01-15
O00160,C0343,P0132,4,2024-03-05
O00161,C0737,P0397,5,2023-10-08
O00162,C0731,P0166,1,2024-10-28
O00163,C0692,P0687,1,2024-11-25
O00164,C0840,P0165,3,2025-09-02
O00165,C0733,P0092,1,2024-12-21
O00166,C0909,P0696,1,2024-12-01
O00167,C0203,P0670,2,2024-05-10
O00168,C0480,P0394,1,2024-01-08
O00169,C0457,P0106,1,2025-07-04
O00170,C0408,P0024,2,2024-07-11
O00171,C0386,P0696,3,2023-12-30
O00172,C0762,P0101,4,2024-06-23
O00173,C0688,P0468,3,2024-03-03
O00174,C0810,P0012,2,2024-05-09
O00175,C0154,P0326,2,2024-11-24
O00176,C0352,P0080,4,2024-08-18
O00177,C0021,P0048,1,2024-09-14
O00178,C0123,P0012,1,2024-11-30
O00179,C0487,P0535,1,2025-07-19
O00180,C0791,P0101,2,2025-08-21
O00181,C0032,P0619,3,2024-01-17
O00182,C0883,P0695,1,2023-12-08
O00183,C0025,P0122,2,2024-07-13
O00184,C0373,P0397,5,2024-06-06
O00185,C0665,P0508,5,2024-06-16
O00186,C0388,P0151,2,2025-07-16
O00187,C0157,P0387,3,2024-05-30
O00188,C0352,P0072,5,2024-05-29
O00189,C0233,P0682,5,2025-07-19
O00190,C0380,P0656,3,2023-09-29
O00191,C0371,P0478,5,2024-12-15
O00192,C0448,P0454,4,2023-12-03
O00193,C0082,P0622,2,2024-09-10
O00194,C0640,P0595,4,2024-09-10
O00195,C0462,P0371,1,2023-11-26
O00196,C0390,P0110,3,2025-03-20
O00197,C0305,P0680,3,2023-12-19
O00198,C0462,P0218,2,2023-10-24
O00199,C0925,P0250,3,2024-05-26
O00200,C0224,P0098,3,2025-07-02
O00201,C0686,P0089,4,2025-07-21
O00202,C0817,P0544,5,2025-04-08
O00203,C0413,P0441,1,2024-03-22
O00204,C0514,P0502,4,2024-06-14
O00205,C0890,P0175,1,2025-07-05
O00206,C0008,P0430,2,2024-04-13
O00207,C0094,P0424,3,2024-12-04
O00208,C0029,P0455,5,2025-08-28
O00209,C0833,P0497,5,2024-04-22
O00210,C0007,P0337,1,2024-05-28
O00211,C0775,P0253,2,2023-12-01
O00212,C0402,P0705,2,2025-03-02
O00213,C0470,P0648,3,2024-08-15
O00214,C0566,P0024,4,2025-04-26
O00215,C0566,P0292,4,2024-05-29
O00216,C0183,P0626,4,2025-04-19
O00217,C0218,P0493,5,2025-09-14
O00218,C0710,P0340,2,2024-10-25
O00219,C0498,P0033,1,2024-07-12
O00220,C0573,P0031,2,2024-03-12
O00221,C0152,P0252,5,2024-02-24
O00222,C0923,P0225,3,2025-03-09
O00223,C0572,P0095,1,2025-03-18
O00224,C0665,P0233,4,2024-01-06
O00225,C0407,P0262,1,2025-09-09
O00226,C0211,P0091,4,2025-02-28
O00227,C0312,P0340,3,2024-02-21
O00228,C0251,P0616,1,2023-10-02
O00229,C0744,P0360,2,2024-08-23
O00230,C0612,P0491,2,2025-01-08
O00231,C0443,P0250,5,2025-07-17
O00232,C0127,P0322,3,2024-05-20
O00233,C0523,P0495,1,2025-03-23
O00234,C0213,P0449,4,2025-07-17
O00235,C0296,P0470,2,2023-12-09
O00236,C0568,P0248,1,2024-03-08
O00237,C0372,P0589,3,2024-07-18
O00238,C0146,P0292,5,2024-02-21
O00239,C0282,P0098,3,2025-03-10
O00240,C0454,P0406,1,2023-12-07
O00241,C0924,P0297,1,2025-02-15
O00242,C0448,P0511,4,2024-04-29
O00243,C0846,P0117,5,2024-07-12
O00244,C0371,P0645,4,2025-06-12
O00245,C0522,P0414,4,2024-03-08
O00246,C0768,P0380,2,2023-09-25
O00247,C0190,P0317,2,2023-09-24
O00248,C0729,P0700,5,2024-07-24
O00249,C0513,P0257,2,2024-02-25
O00250,C0275,P0439,2,2024-07-17
O00251,C0886,P0594,2,2024-10-01
O00252,C0415,P0166,4,2023-10-06
O00253,C0147,P0303,3,2023-10-28
O00254,C0397,P0524,5,2023-10-23
O00255,C0627,P0463,2,2024-04-05
O00256,C0163,P0408,3,2025-09-01
O00257,C0514,P0635,1,2024-01-01
O00258,C0790,P0318,4,2024-11-10
O00259,C0317,P0169,4,2025-06-02
O00260,C0532,P0485,3,2024-08-24
O00261,C0889,P0089,4,2023-12-04
O00262,C0170,P0540,1,2023-10-20
O00263,C0867,P0504,3,2023-09-19
O00264,C0863,P0102,5,2024-09-10
O00265,C0371,P0574,3,2024-06-25
O00266,C0721,P0005,2,2024-05-21
O00267,C0635,P0320,3,2025-01-01
O00268,C0899,P0043,2,2024-11-07
O00269,C0919,P0654,5,2025-06-08
O00270,C0586,P0037,2,2024-07-06
O00271,C0531,P0282,4,2023-10-08
O00272,C0051,P0675,2,2024-08-30
O00273,C0921,P0699,4,2024-11-28
O00274,C0734,P0393,5,2025-03-24
O00275,C0723,P0536,4,2023-12-14
O00276,C0810,P0516,3,2025-05-30
O00277,C0887,P0138,3,2025-05-09
O00278,C0914,P0082,3,2024-07-13
O00279,C0028,P0366,1,2024-02-02
O00280,C0343,P0582,1,2023-10-16
O00281,C0565,P0193,2,2024-05-05
O00282,C0149,P0500,4,2024-02-14
O00283,C0610,P0545,4,2025-05-14
O00284,C0028,P0387,2,2024-03-02
O00285,C0708,P0558,5,2024-03-25
O00286,C0909,P0473,4,2024-01-16
O00287,C0100,P0617,3,2024-02-06
O00288,C0404,P0025,4,2024-07-15
O00289,C0015,P0039,2,2024-07-08
O00290,C0484,P0272,4,2023-10-24
O00291,C0308,P0543,3,2024-10-10
O00292,C0123,P0065,3,2024-09-13
O00293,C0842,P0148,3,2025-01-01
O00294,C0532,P0200,3,2024-03-23
O00295,C0379,P0408,3,2025-08-05
O00296,C0333,P0695,5,2024-01-16
O00297,C0754,P0514,4,2023-10-16
O00298,C0410,P0427,4,2024-07-22
O00299,C0443,P0347,2,2025-08-29
O00300,C0411,P0306,4,2024-10-24
O00301,C0197,P0376,1,2025-03-27
O00302,C0243,P0275,5,2024-10-11
O00303,C0600,P0369,3,2025-05-30
O00304,C0701,P0002,2,2024-08-27
O00305,C0547,P0326,3,2024-05-28
O00306,C0823,P0263,3,2024-10-21
O00307,C0588,P0407,5,2024-03-16
O00308,C0746,P0254,2,2024-11-19
O00309,C0814,P0633,4,2024-12-13
O00310,C0588,P0093,3,2024-03-14
O00311,C0326,P0174,4,2024-11-16
O00312,C0731,P0220,2,2024-08-02
O00313,C0398,P0637,2,2024-09-20
O00314,C0555,P0169,3,2025-01-29
O00315,C0049,P0305,2,2025-03-09
O00316,C0239,P0663,3,2025-05-30
O00317,C0080,P0361,4,2023-11-04
O00318,C0062,P0410,4,2025-08-06
O00319,C0229,P0127,1,2024-12-16
O00320,C0558,P0603,2,2024-07-16
O00321,C0771,P0291,5,2024-01-15
O00322,C0628,P0019,3,2024-11-04
O00323,C0594,P0467,5,2024-04-28
O00324,C0499,P0324,1,2024-12-29
O00325,C0842,P0018,2,2024-04-26
O00326,C0909,P0107,3,2024-07-15
O00327,C0401,P0218,5,2025-04-12
O00328,C0027,P0558,3,2025-04-03
O00329,C0775,P0088,2,2025-06-07
O00330,C0292,P0614,2,2024-07-18
O00331,C0026,P0308,1,2025-05-18
O00332,C0476,P0263,4,2024-01-16
O00333,C0503,P0377,5,2025-07-07
O00334,C0773,P0392,2,2024-02-18
O00335,C0097,P0395,4,2024-01-13
O00336,C0679,P0017,5,2024-10-04
O00337,C0715,P0693,2,2025-04-15
O00338,C0715,P0555,5,2024-12-23
O00339,C0437,P0508,4,2024-06-30
O00340,C0398,P0190,1,2023-11-05
O00341,C0359,P0243,1,2024-02-12
O00342,C0570,P0462,1,2023-12-19
O00343,C0549,P0340,4,2023-11-19
O00344,C0889,P0375,1,2024-12-07
O00345,C0914,P0397,1,2023-09-24
O00346,C0015,P0097,4,2025-06-14
O00347,C0296,P0395,3,2023-09-29
O00348,C0366,P0399,5,2025-05-31
O00349,C0755,P0612,2,2023-11-12
O00350,C0722,P0557,2,2024-10-16
O00351,C0789,P0279,3,2024-05-24
O00352,C0862,P0190,3,2023-09-20
O00353,C0138,P0049,3,2023-11-27
O00354,C0560,P0199,3,2024-10-11
O00355,C0852,P0426,2,2023-10-08
O00356,C0474,P0185,3,2024-01-20
O00357,C0391,P0071,3,2023-12-07
O00358,C0576,P0133,1,2025-03-05
O00359,C0369,P0427,5,2024-12-19
O00360,C0059,P0247,1,2025-07-29
O00361,C0625,P0290,5,2025-03-07
O00362,C0510,P0502,4,2025-05-24
O00363,C0302,P0702,4,2025-02-21
O00364,C0253,P0214,5,2024-07-24
O00365,C0257,P0177,3,2024-05-23
O00366,C0883,P0517,2,2024-02-24
O00367,C0038,P0188,2,2024-03-08
O00368,C0243,P0240,3,2023-11-27
O00369,C0846,P0118,4,2025-09-06
O00370,C0242,P0031,4,2024-06-02
O00371,C0154,P0665,5,2024-03-29
O00372,C0760,P0266,2,2025-01-31
O00373,C0835,P0418,1,2025-05-26
O00374,C0666,P0494,5,2025-05-01
O00375,C0430,P0306,5,2025-01-28
O00376,C0807,P0407,5,2025-07-11
O00377,C0506,P0249,4,2023-10-19
O00378,C0536,P0318,2,2024-03-23
O00379,C0027,P0432,2,2024-07-18
O00380,C0686,P0369,3,2024-01-20
O00381,C0358,P0472,3,2024-02-18
O00382,C0202,P0571,4,2025-05-13
O00383,C0415,P0565,1,2025-06-03
O00384,C0281,P0359,3,2024-06-20
O00385,C0542,P0557,1,2024-05-18
O00386,C0417,P0354,4,2023-10-14
O00387,C0632,P0175,5,2024-11-30
O00388,C0745,P0038,2,2025-09-04
O00389,C0191,P0520,1,2024-01-14
O00390,C0699,P0144,1,2024-10-18
O00391,C0895,P0127,4,2025-07-26
O00392,C0840,P0284,3,2024-11-12
O00393,C0216,P0323,3,2025-06-21
O00394,C0260,P0054,4,2025-06-03
O00395,C0895,P0107,3,2024-02-10
O00396,C0082,P0593,1,2024-01-30
O00397,C0438,P0001,2,2024-09-17
O00398,C0082,P0362,4,2024-12-26
O00399,C0242,P0019,4,2023-10-12
O00400,C0271,P0130,5,2025-03-31
O00401,C0738,P0482,3,2024-03-19
O00402,C0280,P0055,2,2024-11-29
O00403,C0877,P0027,2,2025-05-18
O00404,C0656,P0331,1,2024-08-08
O00405,C0138,P0249,3,2024-11-21
O00406,C0666,P0506,3,2024-04-19
O00407,C0526,P0133,1,2024-01-04
O00408,C0554,P0249,5,2025-01-30
O00409,C0367,P0185,1,2025-07-13
O00410,C0377,P0443,1,2024-08-01
O00411,C0547,P0302,2,2023-12-01
O00412,C0386,P0322,4,2025-04-26
O00413,C0791,P0124,3,2025-06-01
O00414,C0534,P0154,2,2023-12-08
O00415,C0631,P0519,2,2024-02-28
O00416,C0032,P0422,1,2024-11-05
O00417,C0195,P0396,2,2024-11-18
O00418,C0381,P0430,4,2024-12-15
O00419,C0855,P0615,5,2024-01-07
O00420,C0705,P0430,4,2024-05-25
O00421,C0158,P0013,5,2025-09-07
O00422,C0319,P0373,4,2024-02-23
O00423,C0288,P0440,4,2024-04-12
O00424,C0307,P0132,3,2025-03-08
O00425,C0919,P0036,2,2025-07-05
O00426,C0361,P0311,1,2024-07-10
O00427,C0502,P0698,3,2024-11-16
O00428,C0447,P0575,5,2024-04-02
O00429,C0498,P0586,2,2025-07-09
O00430,C0141,P0625,3,2024-07-09
O00431,C0219,P0263,4,2024-10-14
O00432,C0915,P0007,5,2023-12-06
O00433,C0710,P0565,4,2023-09-30
O00434,C0345,P0206,5,2024-02-23
O00435,C0863,P0492,2,2024-04-04
O00436,C0007,P0323,1,2024-06-29
O00437,C0736,P0040,4,2024-04-24
O00438,C0488,P0003,5,2025-08-22
O00439,C0006,P0299,4,2024-08-20
O00440,C0551,P0517,4,2023-10-18
O00441,C0473,P0029,4,2025-04-21
O00442,C0162,P0163,5,2024-05-05
O00443,C0398,P0223,4,2024-09-15
O00444,C0401,P0435,5,2023-09-17
O00445,C0585,P0219,5,2024-01-31
O00446,C0286,P0283,1,2024-09-26
O00447,C0038,P0457,1,2024-01-28
O00448,C0060,P0058,4,2025-07-30
O00449,C0667,P0264,1,2024-03-22
O00450,C0321,P0070,5,2024-10-15
O00451,C0369,P0220,4,2024-01-08
O00452,C0214,P0179,4,2024-10-08
O00453,C0731,P0524,5,2025-06-10
O00454,C0451,P0094,5,2023-12-20
O00455,C0094,P0299,4,2024-07-01
O00456,C0379,P0002,2,2025-08-02
O00457,C0285,P0346,5,2025-08-29
O00458,C0797,P0535,3,2024-02-05
O00459,C0249,P0548,5,2025-03-13
O00460,C0352,P0697,3,2024-09-23
O00461,C0409,P0558,2,2024-07-08
O00462,C0118,P0612,3,2025-04-27
O00463,C0367,P0690,4,2024-07-06
O00464,C0743,P0624,3,2025-06-24
O00465,C0622,P0167,1,2025-05-12
O00466,C0769,P0379,1,2024-02-09
O00467,C0616,P0070,3,2024-01-23
O00468,C0193,P0475,1,2024-12-23
O00469,C0076,P0511,4,2025-02-12
O00470,C0770,P0684,1,2024-08-26
O00471,C0601,P0047,2,2024-09-11
O00472,C0288,P0082,1,2025-03-23
O00473,C0038,P0443,3,2024-09-08
O00474,C0530,P0679,2,2025-05-17
O00475,C0711,P0327,3,2024-11-06
O00476,C0508,P0426,4,2024-02-23
O00477,C0587,P0364,2,2024-03-16
O00478,C0175,P0082,2,2025-06-06
O00479,C0106,P0436,1,2025-07-23
O00480,C0593,P0024,1,2024-07-01
O00481,C0900,P0443,2,2023-12-25
O00482,C0717,P0096,5,2024-06-11
O00483,C0012,P0101,5,2024-05-01
O00484,C0578,P0621,1,2025-03-07
O00485,C0270,P0674,1,2025-03-11
O00486,C0799,P0617,5,2024-06-04
O00487,C0646,P0311,1,2025-07-23
O00488,C0356,P0671,3,2024-05-02
O00489,C0700,P0041,1,2023-12-31
O00490,C0042,P0415,2,2025-01-08
O00491,C0013,P0577,3,2025-08-27
O00492,C0050,P0216,5,2024-04-25
O00493,C0540,P0696,3,2024-02-01
O00494,C0076,P0514,2,2023-11-20
O00495,C0482,P0425,4,2024-04-12
O00496,C0791,P0268,1,2023-10-08
O00497,C0181,P0035,4,2024-08-04
O00498,C0608,P0193,1,2024-01-29
O00499,C0573,P0021,2,2025-04-25
O00500,C0626,P0314,4,2025-07-02
O00501,C0440,P0101,1,2025-09-16
O00502,C0386,P0256,3,2023-12-06
O00503,C0068,P0543,5,2024-07-20
O00504,C0231,P0396,2,2024-09-06
O00505,C0527,P0185,2,2024-07-02
O00506,C0497,P0330,2,2025-09-09
O00507,C0372,P0004,1,2024-07-02
O00508,C0398,P0348,4,2024-09-03
O00509,C0164,P0122,4,2023-12-08
O00510,C0690,P0676,4,2025-01-28
O00511,C0268,P0671,3,2025-03-23
O00512,C0518,P0604,5,2023-11-14
O00513,C0779,P0192,2,2023-10-24
O00514,C0320,P0064,5,2024-10-28
O00515,C0165,P0649,2,2024-11-17
O00516,C0197,P0426,2,2025-05-11
O00517,C0446,P0345,3,2025-03-21
O00518,C0794,P0446,5,2023-10-04
O00519,C0878,P0220,5,2024-04-21
O00520,C0154,P0040,1,2024-10-31
O00521,C0626,P0336,3,2025-06-05
O00522,C0630,P0648,3,2024-03-18
O00523,C0261,P0187,4,2024-11-14
O00524,C0312,P0622,3,2024-09-16
O00525,C0057,P0699,1,2023-12-02
O00526,C0792,P0132,3,2023-11-23
O00527,C0429,P0144,1,2025-02-23
O00528,C0343,P0584,1,2023-12-27
O00529,C0425,P0417,3,2023-12-31
O00530,C0434,P0269,3,2025-02-08
O00531,C0577,P0156,1,2023-10-07
O00532,C0007,P0434,1,2025-07-30
O00533,C0273,P0519,1,2025-07-13
O00534,C0014,P0664,1,2024-01-31
O00535,C0767,P0182,2,2024-08-02
O00536,C0047,P0246,3,2024-10-01
O00537,C0552,P0393,3,2023-11-14
O00538,C0782,P0363,5,2024-09-18
O00539,C0343,P0028,5,2025-05-17
O00540,C0884,P0503,4,2024-10-01
O00541,C0564,P0004,1,2024-01-06
O00542,C0543,P0010,1,2024-07-19
O00543,C0743,P0672,4,2024-09-23
O00544,C0032,P0463,1,2023-09-26
O00545,C0916,P0693,4,2025-01-02
O00546,C0122,P0546,3,2024-11-23
O00547,C0319,P0501,5,2024-03-27
O00548,C0073,P0175,4,2024-03-10
O00549,C0534,P0006,5,2024-03-19
O00550,C0638,P0310,1,2024-08-13
O00551,C0167,P0323,5,2025-09-08
O00552,C0094,P0127,2,2025-01-28
O00553,C0075,P0371,5,2023-10-20
O00554,C0862,P0450,2,2024-08-06
O00555,C0189,P0691,3,2024-10-01
O00556,C0216,P0617,4,2024-07-12
O00557,C0918,P0030,1,2025-06-22
O00558,C0848,P0098,4,2025-06-02
O00559,C0734,P0653,5,2023-09-20
O00560,C0853,P0436,4,2024-05-31
O00561,C0705,P0250,2,2024-01-17
O00562,C0326,P0593,5,2023-12-05
O00563,C0716,P0116,3,2024-01-31
O00564,C0903,P0277,4,2025-09-14
O00565,C0207,P0590,1,2025-06-13
O00566,C0329,P0473,4,2025-04-23
O00567,C0571,P0684,1,2025-07-06
O00568,C0821,P0665,4,2023-12-21
O00569,C0689,P0526,1,2025-08-16
O00570,C0611,P0236,4,2025-06-08
O00571,C0299,P0030,5,2024-01-07
O00572,C0558,P0242,2,2023-10-26
O00573,C0516,P0617,4,2024-04-06
O00574,C0090,P0094,4,2025-07-29
O00575,C0210,P0644,2,2024-12-09
O00576,C0688,P0485,1,2025-08-17
O00577,C0012,P0603,4,2023-10-05
O00578,C0191,P0172,3,2023-10-24
O00579,C0722,P0585,3,2025-07-02
O00580,C0329,P0569,4,2025-02-05
O00581,C0098,P0136,2,2025-02-04
O00582,C0211,P0459,4,2024-02-11
O00583,C0175,P0309,4,2024-03-29
O00584,C0683,P0324,2,2024-07-11
O00585,C0122,P0486,4,2025-02-26
O00586,C0596,P0284,1,2024-01-28
O00587,C0476,P0245,3,2023-10-29
O00588,C0324,P0611,1,2025-07-22
O00589,C0275,P0419,1,2025-09-11
O00590,C0751,P0671,3,2025-09-04
O00591,C0495,P0659,1,2025-04-24
O00592,C0172,P0043,4,2024-02-27
O00593,C0501,P0174,4,2024-10-22
O00594,C0763,P0580,1,2025-06-01
O00595,C0123,P0402,2,2025-03-12
O00596,C0119,P0220,4,2023-12-29
O00597,C0024,P0121,4,2025-04-12
O00598,C0376,P0287,1,2024-07-31
O00599,C0759,P0671,3,2024-07-01
O00600,C0512,P0433,1,2025-03-27
O00601,C0604,P0081,1,2025-03-06
O00602,C0565,P0164,2,2024-09-18
O00603,C0584,P0269,5,2025-09-02
O00604,C0678,P0704,1,2025-07-01
O00605,C0042,P0214,2,2025-07-20
O00606,C0188,P0534,3,2024-05-02
O00607,C0001,P0569,4,2024-05-23
O00608,C0291,P0073,5,2024-07-22
O00609,C0010,P0538,3,2024-01-06
O00610,C0592,P0484,5,2024-04-27
O00611,C0539,P0234,2,2025-06-02
O00612,C0176,P0647,3,2023-12-22
O00613,C0014,P0553,4,2024-12-22
O00614,C0019,P0112,5,2024-12-18
O00615,C0395,P0107,1,2025-07-04
O00616,C0027,P0617,2,2023-10-06
O00617,C0560,P0031,1,2023-10-01
O00618,C0028,P0581,5,2024-03-30
O00619,C0320,P0173,2,2025-08-07
O00620,C0416,P0504,1,2024-05-11
O00621,C0266,P0704,5,2025-06-26
O00622,C0531,P0176,1,2024-10-14
O00623,C0330,P0432,3,2025-02-09
O00624,C0473,P0252,2,2024-07-26
O00625,C0002,P0154,5,2024-08-05
O00626,C0128,P0681,4,2025-06-15
O00627,C0297,P0172,1,2024-09-21
O00628,C0057,P0587,2,2024-03-08
O00629,C0308,P0416,1,2025-06-07
O00630,C0237,P0278,1,2024-02-25
O00631,C0638,P0154,5,2024-11-16
O00632,C0828,P0630,5,2025-07-24
O00633,C0181,P0194,2,2024-06-12
O00634,C0089,P0402,1,2024-05-25
O00635,C0256,P0056,5,2024-12-09
O00636,C0616,P0493,3,2025-02-25
O00637,C0730,P0482,1,2023-10-03
O00638,C0674,P0694,2,2024-01-30
O00639,C0195,P0321,2,2025-08-01
O00640,C0332,P0452,3,2024-10-11
O00641,C0608,P0063,3,2024-05-24
O00642,C0371,P0689,4,2024-06-02
O00643,C0566,P0165,4,2023-10-08
O00644,C0150,P0217,3,2023-11-14
O00645,C0038,P0159,4,2024-08-15
O00646,C0855,P0163,4,2025-01-18
O00647,C0111,P0026,1,2024-06-30
O00648,C0084,P0476,3,2024-07-05
O00649,C0760,P0498,2,2024-12-19
O00650,C0725,P0181,3,2023-12-09
O00651,C0672,P0603,5,2023-10-04
O00652,C0388,P0179,3,2025-05-05
O00653,C0868,P0663,2,2024-03-15
O00654,C0230,P0151,3,2024-08-31
O00655,C0239,P0672,4,2023-10-10
O00656,C0920,P0537,2,2023-11-07
O00657,C0382,P0170,3,2025-03-26
O00658,C0432,P0477,1,2025-05-13
O00659,C0359,P0189,1,2024-10-20
O00660,C0496,P0514,4,2025-07-29
O00661,C0866,P0462,4,2024-02-16
O00662,C0362,P0191,4,2025-05-05
O00663,C0179,P0691,5,2024-01-22
O00664,C0297,P0497,2,2024-12-11
O00665,C0001,P0219,1,2025-04-23
O00666,C0687,P0396,2,2024-09-28
O00667,C0845,P0694,1,2023-09-25
O00668,C0053,P0642,1,2024-08-01
O00669,C0523,P0221,5,2023-10-31
O00670,C0405,P0408,2,2025-07-26
O00671,C0592,P0681,4,2025-04-28
O00672,C0316,P0145,4,2025-09-02
O00673,C0685,P0518,3,2025-05-26
O00674,C0053,P0518,4,2025-02-18
O00675,C0667,P0015,3,2024-04-02
O00676,C0509,P0468,4,2023-10-15
O00677,C0881,P0293,1,2024-12-07
O00678,C0192,P0501,4,2025-03-20
O00679,C0225,P0675,4,2024-08-29
O00680,C0177,P0630,3,2025-08-29
O00681,C0688,P0490,3,2023-12-27
O00682,C0661,P0323,5,2024-04-10
O00683,C0765,P0328,2,2025-04-16
O00684,C0864,P0305,4,2025-08-09
O00685,C0539,P0274,4,2024-02-02
O00686,C0763,P0416,3,2023-10-13
O00687,C0453,P0142,2,2023-12-12
O00688,C0682,P0582,1,2024-12-19
O00689,C0008,P0148,4,2024-12-27
O00690,C0065,P0059,1,2025-04-16
O00691,C0193,P0602,4,2023-11-27
O00692,C0440,P0294,3,2025-01-24
O00693,C0099,P0569,3,2024-11-20
O00694,C0193,P0461,1,2024-06-04
O00695,C0284,P0597,5,2025-08-28
O00696,C0924,P0239,1,2025-01-06
O00697,C0474,P0609,4,2023-09-26
O00698,C0698,P0699,2,2024-01-31
O00699,C0547,P0284,4,2025-07-14
O00700,C0636,P0210,5,2024-05-01
O00701,C0479,P0629,2,2025-05-02
O00702,C0340,P0285,5,2025-02-16
O00703,C0339,P0342,5,2024-02-20
O00704,C0576,P0352,4,2024-03-29
O00705,C0240,P0015,1,2025-07-02
O00706,C0385,P0109,5,2025-06-11
O00707,C0327,P0089,2,2024-09-28
O00708,C0744,P0298,2,2024-08-31
O00709,C0778,P0446,2,2025-08-04
O00710,C0224,P0194,2,2025-03-07
O00711,C0026,P0604,1,2023-11-04
O00712,C0449,P0337,1,2025-07-29
O00713,C0659,P0686,5,2024-07-14
O00714,C0361,P0304,4,2024-08-22
O00715,C0582,P0034,5,2025-08-10
O00716,C0686,P0455,1,2025-04-28
O00717,C0100,P0238,3,2024-05-01
O00718,C0775,P0514,2,2024-02-25
O00719,C0398,P0348,1,2024-06-28
O00720,C0152,P0554,2,2024-02-13
O00721,C0688,P0020,3,2023-11-09
O00722,C0008,P0217,4,2025-01-12
O00723,C0060,P0112,2,2024-11-14
O00724,C0270,P0105,2,2024-03-31
O00725,C0144,P0496,3,2023-12-07
O00726,C0552,P0157,1,2023-11-07
O00727,C0403,P0186,5,2025-07-20
O00728,C0324,P0501,5,2025-08-08
O00729,C0648,P0358,1,2025-05-19
O00730,C0862,P0267,3,2025-03-27
O00731,C0342,P0375,2,2024-04-20
O00732,C0711,P0604,1,2023-11-01
O00733,C0226,P0163,4,2024-12-28
O00734,C0477,P0665,5,2025-01-29
O00735,C0686,P0132,4,2025-08-12
O00736,C0809,P0388,2,2025-06-22
O00737,C0705,P0474,4,2025-08-16
O00738,C0453,P0069,3,2024-03-10
O00739,C0304,P0336,2,2025-08-30
O00740,C0348,P0396,1,2024-07-13
O00741,C0159,P0423,4,2024-05-24
O00742,C0822,P0458,2,2024-09-09
O00743,C0372,P0209,4,2025-03-31
O00744,C0615,P0111,3,2024-09-08
O00745,C0630,P0380,3,2025-03-01
O00746,C0293,P0410,5,2025-05-19
O00747,C0216,P0526,5,2024-08-25
O00748,C0575,P0579,2,2024-05-28
O00749,C0369,P0400,5,2023-09-27
O00750,C0431,P0015,4,2024-03-15
O00751,C0101,P0391,5,2023-09-22
O00752,C0422,P0445,1,2025-08-06
O00753,C0391,P0281,1,2023-11-20
O00754,C0058,P0526,1,2024-09-28
O00755,C0428,P0662,5,2024-03-10
O00756,C0860,P0236,5,2024-12-26
O00757,C0006,P0089,4,2024-07-22
O00758,C0309,P0032,1,2025-05-12
O00759,C0337,P0523,4,2025-04-10
O00760,C0841,P0679,2,2024-07-20
O00761,C0043,P0073,2,2025-03-27
O00762,C0357,P0024,4,2025-06-01
O00763,C0441,P0423,5,2024-12-16
O00764,C0622,P0071,5,2024-02-15
O00765,C0318,P0639,1,2025-01-18
O00766,C0422,P0315,1,2025-06-12
O00767,C0567,P0195,4,2024-04-16
O00768,C0326,P0665,1,2024-11-06
O00769,C0058,P0521,1,2023-11-21
O00770,C0257,P0693,3,2025-04-24
O00771,C0570,P0318,1,2023-10-13
O00772,C0834,P0438,2,2024-01-05
O00773,C0514,P0066,5,2025-06-10
O00774,C0352,P0648,1,2023-12-13
O00775,C0729,P0202,3,2024-02-25
O00776,C0134,P0527,3,2023-10-28
O00777,C0354,P0498,4,2023-09-18
O00778,C0480,P0485,3,2024-03-21
O00779,C0131,P0127,5,2025-07-24
O00780,C0324,P0023,5,2024-09-24
O00781,C0235,P0243,1,2024-03-12
O00782,C0489,P0274,1,2025-06-28
O00783,C0727,P0393,4,2025-02-13
O00784,C0860,P0033,4,2024-01-22
O00785,C0390,P0288,5,2024-03-02
O00786,C0474,P0030,3,2025-04-11
O00787,C0413,P0438,5,2025-07-23
O00788,C0491,P0244,2,2024-06-11
O00789,C0495,P0374,3,2024-01-08
O00790,C0709,P0073,2,2024-08-30
O00791,C0261,P0177,3,2024-08-09
O00792,C0364,P0347,2,2025-07-10
O00793,C0233,P0679,2,2024-04-23
O00794,C0902,P0181,5,2024-03-06
O00795,C0886,P0539,2,2024-01-06
O00796,C0107,P0210,3,2024-04-05
O00797,C0172,P0321,1,2024-01-11
O00798,C0606,P0237,4,2023-11-10
O00799,C0622,P0127,5,2023-11-20
O00800,C0619,P0110,4,2025-04-24
O00801,C0404,P0093,1,2024-07-16
O00802,C0133,P0433,2,2025-03-05
O00803,C0521,P0397,2,2025-05-14
O00804,C0260,P0109,2,2024-08-30
O00805,C0155,P0187,3,2024-12-27
O00806,C0560,P0119,5,2025-02-22
O00807,C0325,P0333,1,2025-03-05
O00808,C0148,P0655,2,2024-05-21
O00809,C0559,P0046,3,2023-10-17
O00810,C0908,P0670,1,2024-09-09
O00811,C0762,P0222,5,2024-04-16
O00812,C0915,P0177,1,2024-06-25
O00813,C0750,P0164,5,2025-09-16
O00814,C0856,P0602,4,2024-09-10
O00815,C0874,P0125,4,2025-05-14
O00816,C0068,P0283,5,2025-08-19
O00817,C0754,P0501,5,2024-06-20
O00818,C0205,P0488,3,2023-10-18
O00819,C0323,P0540,5,2025-02-27
O00820,C0896,P0565,2,2024-09-10
O00821,C0099,P0482,3,2023-11-20
O00822,C0364,P0705,2,2024-01-25
O00823,C0841,P0581,2,2024-12-10
O00824,C0804,P0382,2,2023-11-29
O00825,C0448,P0301,3,2024-01-12
O00826,C0876,P0620,3,2024-10-18
O00827,C0737,P0546,5,2024-05-29
O00828,C0687,P0684,1,2025-08-09
O00829,C0723,P0087,1,2023-11-01
O00830,C0080,P0437,4,2024-06-09
O00831,C0602,P0388,5,2024-11-12
O00832,C0880,P0283,4,2025-07-29
O00833,C0880,P0468,3,2024-11-24
O00834,C0745,P0186,5,2023-11-24
O00835,C0813,P0396,4,2024-02-27
O00836,C0441,P0151,1,2023-10-14
O00837,C0872,P0375,1,2024-12-21
O00838,C0312,P0097,2,2024-01-13
O00839,C0669,P0189,4,2025-07-13
O00840,C0891,P0569,2,2024-09-01
O00841,C0107,P0009,4,2024-10-01
O00842,C0391,P0008,1,2024-11-06
O00843,C0583,P0664,3,2024-03-07
O00844,C0064,P0626,1,2025-03-28
O00845,C0656,P0287,3,2025-09-12
O00846,C0719,P0256,3,2025-07-10
O00847,C0749,P0106,1,2024-03-25
O00848,C0440,P0040,4,2024-06-25
O00849,C0212,P0683,5,2024-07-16
O00850,C0801,P0632,3,2025-01-21
O00851,C0326,P0657,3,2023-10-18
O00852,C0690,P0020,3,2025-07-14
O00853,C0835,P0620,3,2023-12-10
O00854,C0656,P0114,2,2025-06-15
O00855,C0345,P0366,3,2024-03-20
O00856,C0214,P0206,2,2025-09-01
O00857,C0224,P0615,5,2025-03-01
O00858,C0503,P0459,3,2024-06-19
O00859,C0060,P0584,2,2024-11-01
O00860,C0902,P0171,3,2025-04-16
O00861,C0826,P0370,5,2024-07-20
O00862,C0477,P0501,2,2025-08-17
O00863,C0721,P0663,5,2025-07-08
O00864,C0462,P0613,5,2024-08-08
O00865,C0412,P0281,5,2024-11-07
O00866,C0840,P0264,1,2024-04-17
O00867,C0411,P0666,3,2024-01-21
O00868,C0593,P0193,1,2023-10-07
O00869,C0874,P0508,4,2025-01-27
O00870,C0266,P0166,1,2025-02-07
O00871,C0815,P0466,1,2025-02-06
O00872,C0113,P0395,1,2025-08-02
O00873,C0240,P0398,5,2025-08-15
O00874,C0890,P0026,5,2025-08-01
O00875,C0248,P0334,2,2025-08-27
O00876,C0049,P0250,3,2024-09-22
O00877,C0691,P0233,2,2024-07-29
O00878,C0859,P0236,4,2023-10-17
O00879,C0628,P0707,5,2025-08-29
O00880,C0124,P0351,3,2024-05-06
O00881,C0388,P0062,2,2024-07-26
O00882,C0228,P0343,3,2024-02-28
O00883,C0078,P0128,2,2023-10-15
O00884,C0531,P0639,1,2025-07-27
O00885,C0825,P0487,1,2024-04-05
O00886,C0719,P0254,5,2024-10-15
O00887,C0665,P0322,3,2024-01-21
O00888,C0893,P0385,1,2025-07-11
O00889,C0809,P0163,4,2024-09-02
O00890,C0472,P0441,2,2023-11-06
O00891,C0820,P0376,2,2024-10-11
O00892,C0789,P0545,5,2024-09-24
O00893,C0701,P0453,4,2024-02-18
O00894,C0520,P0181,5,2025-05-01
O00895,C0154,P0343,3,2025-02-27
O00896,C0519,P0182,3,2025-03-01
O00897,C0133,P0457,5,2023-12-29
O00898,C0399,P0698,4,2023-11-25
O00899,C0220,P0590,3,2025-01-27
O00900,C0087,P0129,3,2024-03-03
O00901,C0832,P0318,1,2024-07-23
O00902,C0176,P0144,5,2023-12-06
O00903,C0110,P0350,5,2024-11-04
O00904,C0660,P0363,2,2024-06-03
O00905,C0898,P0440,5,2025-06-03
O00906,C0787,P0016,3,2024-06-22
O00907,C0180,P0616,5,2025-04-30
O00908,C0048,P0275,1,2024-12-01
O00909,C0062,P0672,3,2024-06-09
O00910,C0088,P0180,3,2024-07-06
O00911,C0419,P0199,2,2025-07-19
O00912,C0377,P0406,2,2024-08-20
O00913,C0555,P0260,2,2025-03-29
O00914,C0888,P0109,5,2025-06-10
O00915,C0380,P0675,3,2024-09-16
O00916,C0883,P0391,2,2025-03-31
O00917,C0345,P0349,5,2024-08-28
O00918,C0701,P0565,3,2024-10-21
O00919,C0299,P0698,2,2024-04-25
O00920,C0120,P0179,4,2024-11-14
O00921,C0113,P0358,2,2025-02-02
O00922,C0046,P0639,5,2025-01-29
O00923,C0746,P0150,4,2025-01-01
O00924,C0277,P0682,4,2025-03-31
O00925,C0422,P0612,2,2025-04-28
O00926,C0429,P0048,4,2023-12-23
O00927,C0168,P0131,5,2025-02-25
O00928,C0319,P0138,1,2024-07-25
O00929,C0030,P0348,5,2024-12-02
O00930,C0386,P0664,2,2025-02-11
O00931,C0219,P0569,2,2023-10-27
O00932,C0515,P0418,5,2023-10-08
O00933,C0686,P0605,2,2025-03-29
O00934,C0004,P0426,5,2024-05-27
O00935,C0054,P0513,3,2025-09-05
O00936,C0280,P0422,2,2025-04-13
O00937,C0013,P0460,2,2024-01-14
O00938,C0326,P0114,2,2025-02-01
O00939,C0149,P0647,1,2024-08-21
O00940,C0477,P0240,4,2024-07-17
O00941,C0892,P0689,2,2025-04-20
O00942,C0518,P0226,2,2025-07-07
O00943,C0814,P0641,5,2025-01-12
O00944,C0149,P0223,5,2024-05-23
O00945,C0901,P0270,2,2024-02-07
O00946,C0274,P0010,2,2025-07-31
O00947,C0511,P0027,1,2025-09-10
O00948,C0627,P0435,1,2024-12-14
O00949,C0518,P0310,5,2024-01-04
O00950,C0711,P0066,1,2024-12-28
O00951,C0924,P0682,1,2024-05-10
O00952,C0738,P0647,3,2025-07-04
O00953,C0891,P0380,5,2024-10-04
O00954,C0659,P0542,4,2025-01-13
O00955,C0749,P0068,3,2024-10-04
O00956,C0290,P0188,4,2025-03-07
O00957,C0074,P0578,5,2024-04-17
O00958,C0197,P0055,4,2025-01-13
O00959,C0862,P0075,3,2025-02-11
O00960,C0372,P0560,3,2023-09-24
O00961,C0197,P0697,1,2024-08-25
O00962,C0247,P0285,3,2025-05-11
O00963,C0697,P0357,1,2024-08-26
O00964,C0174,P0163,1,2025-02-04
O00965,C0749,P0142,5,2024-05-10
O00966,C0346,P0032,2,2024-08-12
O00967,C0638,P0399,4,2024-01-06
O00968,C0304,P0112,2,2025-03-06
O00969,C0508,P0308,2,2024-07-03
O00970,C0318,P0128,4,2024-09-26
O00971,C0051,P0632,4,2024-03-10
O00972,C0196,P0044,3,2023-11-02
O00973,C0189,P0585,5,2024-06-22
O00974,C0312,P0189,5,2025-01-15
O00975,C0746,P0327,5,2024-03-02
O00976,C0912,P0463,4,2024-12-10
O00977,C0289,P0114,1,2024-10-19
O00978,C0210,P0545,4,2025-06-24
O00979,C0887,P0588,2,2024-06-14
O00980,C0272,P0118,5,2023-12-09
O00981,C0022,P0510,2,2023-09-22
O00982,C0888,P0105,5,2024-07-21
O00983,C0904,P0617,4,2024-03-25
O00984,C0632,P0205,4,2025-05-01
O00985,C0455,P0139,2,2025-08-26
O00986,C0896,P0168,1,2024-09-06
O00987,C0657,P0663,4,2024-10-25
O00988,C0304,P0452,3,2024-08-09
O00989,C0290,P0310,1,2025-02-23
O00990,C0003,P0238,4,2023-11-09
O00991,C0672,P0014,3,2025-06-27
O00992,C0403,P0529,1,2025-02-26
O00993,C0867,P0550,4,2025-05-07
O00994,C0144,P0148,2,2023-11-20
O00995,C0344,P0132,2,2025-08-31
O00996,C0396,P0368,1,2025-02-09
O00997,C0126,P0458,3,2025-02-19
O00998,C0525,P0482,1,2025-06-06
O00999,C0118,P0116,5,2025-01-28
O01000,C0281,P0221,2,2024-11-15
O01001,C0330,P0094,1,2024-12-07
O01002,C0214,P0011,4,2024-01-22
O01003,C0921,P0215,2,2023-12-05
O01004,C0478,P0487,2,2024-04-25
O01005,C0295,P0612,2,2025-07-31
O01006,C0834,P0685,3,2023-10-04
O01007,C0093,P0308,2,2024-10-30
O01008,C0363,P0550,1,2025-06-09
O01009,C0371,P0079,4,2025-01-20
O01010,C0804,P0660,5,2024-10-20
O01011,C0049,P0213,5,2024-06-25
O01012,C0770,P0464,4,2024-09-22
O01013,C0719,P0561,5,2025-03-12
O01014,C0287,P0073,4,2025-09-04
O01015,C0185,P0357,3,2024-01-30
O01016,C0299,P0023,1,2024-04-21
O01017,C0583,P0635,3,2025-07-20
O01018,C0592,P0195,2,2025-03-10
O01019,C0176,P0353,1,2024-06-08
O01020,C0864,P0063,3,2024-03-10
O01021,C0186,P0245,1,2024-10-25
O01022,C0413,P0223,2,2025-06-20
O01023,C0705,P0309,1,2025-01-25
O01024,C0384,P0595,1,2024-02-13
O01025,C0681,P0429,4,2024-01-06
O01026,C0391,P0557,2,2023-11-13
O01027,C0701,P0413,2,2023-09-18
O01028,C0113,P0192,1,2025-04-17
O01029,C0276,P0072,4,2025-04-04
O01030,C0437,P0654,1,2024-12-25
O01031,C0493,P0097,3,2023-11-30
O01032,C0379,P0512,5,2024-06-30
O01033,C0575,P0131,2,2024-07-30
O01034,C0743,P0145,4,2025-02-18
O01035,C0296,P0638,3,2025-05-08
O01036,C0638,P0072,1,2024-06-18
O01037,C0089,P0141,5,2024-11-16
O01038,C0885,P0700,3,2023-09-20
O01039,C0242,P0693,5,2024-06-19
O01040,C0437,P0364,3,2025-01-18
O01041,C0805,P0368,4,2024-05-22
O01042,C0780,P0642,2,2025-06-23
O01043,C0406,P0004,3,2025-05-01
O01044,C0848,P0276,1,2025-02-27
O01045,C0579,P0621,2,2024-06-30
O01046,C0088,P0292,3,2024-07-12
O01047,C0699,P0405,4,2025-03-04
O01048,C0795,P0622,4,2024-04-16
O01049,C0332,P0594,5,2025-04-02
O01050,C0071,P0516,2,2025-07-04
O01051,C0277,P0308,2,2024-06-05
O01052,C0169,P0437,4,2024-05-08
O01053,C0427,P0156,4,2024-09-09
O01054,C0365,P0034,1,2025-07-06
O01055,C0738,P0367,3,2025-01-30
O01056,C0290,P0294,2,2024-01-29
O01057,C0627,P0479,2,2023-10-01
O01058,C0696,P0448,4,2025-01-27
O01059,C0169,P0020,3,2024-09-12
O01060,C0584,P0076,3,2025-03-20
O01061,C0227,P0467,4,2025-03-01
O01062,C0827,P0612,5,2024-07-02
O01063,C0633,P0602,2,2023-12-13
O01064,C0540,P0319,3,2023-10-29
O01065,C0400,P0289,3,2025-06-25
O01066,C0006,P0296,3,2025-03-03
O01067,C0214,P0666,3,2025-07-11
O01068,C0412,P0569,3,2024-06-16
O01069,C0271,P0332,3,2025-06-14
O01070,C0614,P0042,4,2024-10-16
O01071,C0843,P0692,1,2024-07-21
O01072,C0365,P0658,5,2024-09-26
O01073,C0506,P0240,4,2024-08-20
O01074,C0847,P0136,5,2024-09-11
O01075,C0611,P0472,5,2024-11-13
O01076,C0730,P0667,5,2025-04-20
O01077,C0502,P0476,1,2025-02-24
O01078,C0479,P0318,2,2024-03-05
O01079,C0099,P0653,3,2025-03-25
O01080,C0340,P0065,4,2023-09-21
O01081,C0526,P0589,5,2023-10-19
O01082,C0125,P0654,4,2024-03-26
O01083,C0243,P0226,2,2024-06-25
O01084,C0232,P0483,1,2025-07-29
O01085,C0257,P0153,5,2025-06-25
O01086,C0792,P0204,4,2025-05-02
O01087,C0346,P0137,2,2024-05-13
O01088,C0406,P0526,2,2024-11-22
O01089,C0286,P0494,4,2024-05-05
O01090,C0900,P0435,2,2025-01-28
O01091,C0705,P0216,2,2024-03-15
O01092,C0155,P0080,3,2024-06-12
O01093,C0484,P0142,4,2025-03-26
O01094,C0249,P0682,2,2023-11-11
O01095,C0379,P0561,4,2023-12-15
O01096,C0279,P0255,5,2023-12-13
O01097,C0157,P0257,1,2025-02-12
O01098,C0084,P0399,1,2024-06-20
O01099,C0658,P0249,3,2025-08-16
O01100,C0710,P0569,3,2025-08-29
O01101,C0759,P0629,4,2024-04-29
O01102,C0903,P0608,3,2025-02-07
O01103,C0480,P0526,4,2025-01-09
O01104,C0618,P0204,3,2024-08-29
O01105,C0492,P0500,1,2025-05-31
O01106,C0495,P0326,3,2024-09-25
O01107,C0152,P0067,5,2025-05-14
O01108,C0221,P0183,1,2025-03-27
O01109,C0637,P0572,5,2024-05-11
O01110,C0770,P0570,2,2025-06-25
O01111,C0074,P0133,4,2023-11-21
O01112,C0813,P0360,2,2024-12-23
O01113,C0879,P0522,2,2024-02-05
O01114,C0212,P0378,2,2025-03-13
O01115,C0555,P0526,1,2024-12-18
O01116,C0645,P0078,4,2025-05-17
O01117,C0563,P0659,4,2025-03-07
O01118,C0025,P0623,2,2025-05-19
O01119,C0657,P0565,3,2024-08-24
O01120,C0205,P0608,1,2023-10-18
O01121,C0801,P0297,4,2024-06-14
O01122,C0623,P0134,3,2024-03-21
O01123,C0546,P0187,2,2023-10-03
O01124,C0692,P0556,4,2024-12-15
O01125,C0469,P0315,5,2024-09-13
O01126,C0586,P0437,4,2024-10-17
O01127,C0729,P0187,3,2025-05-07
O01128,C0346,P0080,1,2023-10-01
O01129,C0648,P0147,1,2024-02-28
O01130,C0638,P0592,5,2024-07-08
O01131,C0449,P0286,2,2024-03-29
O01132,C0816,P0102,4,2024-04-21
O01133,C0474,P0409,5,2023-11-13
O01134,C0559,P0275,3,2024-07-18
O01135,C0346,P0443,2,2024-02-01
O01136,C0536,P0022,1,2024-05-04
O01137,C0114,P0474,5,2024-01-26
O01138,C0357,P0526,1,2025-03-10
O01139,C0793,P0154,1,2024-07-21
O01140,C0514,P0216,4,2024-11-15
O01141,C0023,P0296,1,2024-04-06
O01142,C0259,P0251,4,2024-12-02
O01143,C0849,P0688,3,2025-07-25
O01144,C0875,P0402,1,2025-06-08
O01145,C0869,P0242,5,2024-10-02
O01146,C0499,P0255,2,2024-01-18
O01147,C0743,P0465,2,2025-08-30
O01148,C0393,P0126,5,2025-06-09
O01149,C0846,P0586,1,2024-02-08
O01150,C0572,P0349,2,2025-07-19
O01151,C0547,P0357,2,2024-04-29
O01152,C0757,P0202,2,2025-03-27
O01153,C0333,P0025,5,2024-07-07
O01154,C0455,P0079,4,2025-05-30
O01155,C0067,P0514,1,2025-07-06
O01156,C0252,P0373,5,2023-10-03
O01157,C0195,P0489,3,2024-11-22
O01158,C0029,P0481,5,2025-05-22
O01159,C0822,P0113,3,2024-06-07
O01160,C0570,P0539,3,2024-03-11
O01161,C0734,P0388,2,2025-02-04
O01162,C0612,P0498,4,2024-05-16
O01163,C0197,P0457,4,2024-08-22
O01164,C0706,P0662,1,2024-10-20
O01165,C0346,P0568,4,2024-11-22
O01166,C0390,P0417,5,2023-11-11
O01167,C0754,P0066,5,2025-07-17
O01168,C0544,P0374,1,2024-01-03
O01169,C0774,P0344,2,2025-07-19
O01170,C0867,P0143,4,2024-12-09
O01171,C0050,P0152,2,2023-12-09
O01172,C0628,P0433,4,2023-11-22
O01173,C0220,P0604,1,2024-07-03
O01174,C0160,P0571,5,2024-04-03
O01175,C0037,P0526,5,2025-09-07
O01176,C0786,P0258,2,2024-04-02
O01177,C0329,P0542,5,2024-03-01
O01178,C0479,P0125,5,2025-07-03
O01179,C0427,P0106,3,2024-12-31
O01180,C0419,P0434,2,2024-01-11
O01181,C0157,P0614,2,2025-01-17
O01182,C0035,P0644,2,2025-07-08
O01183,C0254,P0328,3,2024-08-20
O01184,C0718,P0468,4,2025-06-24
O01185,C0842,P0349,5,2024-07-25
O01186,C0407,P0132,2,2024-10-23
O01187,C0032,P0621,3,2025-07-07
O01188,C0181,P0423,2,2025-02-01
O01189,C0593,P0037,2,2023-10-25
O01190,C0860,P0304,5,2023-10-12
O01191,C0387,P0314,4,2025-02-15
O01192,C0020,P0045,4,2025-06-02
O01193,C0893,P0313,3,2024-10-26
O01194,C0633,P0056,5,2024-04-12
O01195,C0865,P0130,5,2023-10-29
O01196,C0853,P0408,1,2023-10-03
O01197,C0209,P0455,4,2024-02-03
O01198,C0925,P0463,3,2025-07-20
O01199,C0289,P0063,4,2024-10-21
O01200,C0683,P0241,4,2023-12-23
O01201,C0619,P0513,3,2024-12-01
O01202,C0275,P0282,3,2025-08-09
O01203,C0013,P0252,2,2024-02-14
O01204,C0163,P0436,2,2025-02-13
O01205,C0409,P0258,4,2023-10-16
O01206,C0604,P0682,4,2025-02-03
O01207,C0702,P0284,1,2025-01-26
O01208,C0005,P0441,3,2024-12-31
O01209,C0501,P0460,4,2025-01-23
O01210,C0633,P0353,2,2024-11-06
O01211,C0413,P0020,3,2024-06-07
O01212,C0536,P0693,1,2024-02-14
O01213,C0628,P0663,3,2023-11-09
O01214,C0578,P0374,4,2025-07-19
O01215,C0464,P0245,2,2025-02-01
O01216,C0452,P0134,3,2025-07-08
O01217,C0296,P0481,1,2024-05-28
O01218,C0642,P0594,1,2024-03-30
O01219,C0904,P0590,4,2024-12-21
O01220,C0036,P0662,1,2025-01-03
O01221,C0683,P0449,1,2025-02-08
O01222,C0805,P0689,1,2025-01-12
O01223,C0627,P0437,3,2024-01-22
O01224,C0131,P0114,1,2025-02-25
O01225,C0603,P0636,5,2024-06-22
O01226,C0392,P0394,5,2025-08-24
O01227,C0042,P0132,4,2025-05-21
O01228,C0030,P0528,5,2024-05-29
O01229,C0428,P0102,3,2025-07-20
O01230,C0468,P0260,2,2024-01-29
O01231,C0011,P0309,3,2024-08-29
O01232,C0796,P0693,5,2025-03-10
O01233,C0559,P0093,2,2024-09-29
O01234,C0438,P0577,2,2024-06-07
O01235,C0044,P0351,2,2025-03-13
O01236,C0491,P0278,4,2025-02-09
O01237,C0308,P0236,5,2024-04-02
O01238,C0495,P0195,3,2025-09-08
O01239,C0617,P0100,2,2024-08-22
O01240,C0293,P0235,3,2024-09-04
O01241,C0338,P0452,5,2025-08-14
O01242,C0769,P0482,4,2025-04-07
O01243,C0565,P0081,4,2023-12-12
O01244,C0668,P0024,2,2024-09-08
O01245,C0093,P0525,5,2023-11-26
O01246,C0012,P0258,5,2025-08-05
O01247,C0665,P0098,2,2025-05-08
O01248,C0645,P0667,5,2025-04-09
O01249,C0451,P0232,4,2024-05-19
O01250,C0649,P0553,1,2024-08-26
O01251,C0079,P0232,3,2025-04-24
O01252,C0084,P0385,1,2024-10-09
O01253,C0550,P0146,1,2023-12-18
O01254,C0387,P0684,3,2024-03-01
O01255,C0670,P0027,4,2025-04-07
O01256,C0921,P0396,4,2025-04-18
O01257,C0228,P0439,5,2024-03-14
O01258,C0721,P0283,1,2024-09-07
O01259,C0762,P0351,4,2025-07-05
O01260,C0896,P0245,5,2024-03-28
O01261,C0488,P0574,2,2024-04-22
O01262,C0139,P0615,2,2024-06-22
O01263,C0680,P0487,2,2024-10-18
O01264,C0173,P0286,4,2025-01-24
O01265,C0647,P0145,4,2024-09-19
O01266,C0171,P0152,2,2024-06-13
O01267,C0306,P0637,4,2025-04-02
O01268,C0561,P0208,5,2025-06-03
O01269,C0038,P0425,2,2025-04-21
O01270,C0116,P0522,5,2024-04-22
O01271,C0622,P0447,5,2024-07-14
O01272,C0568,P0344,3,2024-07-05
O01273,C0344,P0285,2,2025-02-12
O01274,C0218,P0022,5,2025-01-10
O01275,C0869,P0478,1,2024-02-29
O01276,C0357,P0487,4,2024-07-13
O01277,C0053,P0466,3,2024-07-12
O01278,C0095,P0426,3,2024-01-10
O01279,C0563,P0054,4,2024-01-27
O01280,C0840,P0313,3,2024-12-20
O01281,C0884,P0311,1,2025-02-21
O01282,C0759,P0074,4,2025-08-04
O01283,C0679,P0583,2,2024-10-26
O01284,C0218,P0257,2,2024-11-26
O01285,C0064,P0455,3,2025-07-30
O01286,C0556,P0411,4,2025-04-26
O01287,C0142,P0234,1,2024-01-06
O01288,C0759,P0453,2,2025-02-28
O01289,C0236,P0142,5,2024-03-23
O01290,C0745,P0092,5,2025-03-02
O01291,C0429,P0074,2,2024-11-12
O01292,C0587,P0062,2,2024-01-23
O01293,C0222,P0619,3,2023-11-20
O01294,C0396,P0143,4,2024-02-16
O01295,C0926,P0498,2,2024-10-11
O01296,C0157,P0226,1,2024-08-30
O01297,C0544,P0607,4,2025-06-29
O01298,C0382,P0411,3,2024-03-18
O01299,C0602,P0283,5,2025-08-03
O01300,C0213,P0685,4,2023-11-30
O01301,C0667,P0172,3,2025-04-18
O01302,C0004,P0069,3,2023-09-20
O01303,C0106,P0495,3,2024-08-31
O01304,C0606,P0207,3,2024-07-27
O01305,C0594,P0494,5,2024-06-27
O01306,C0281,P0133,5,2024-04-12
O01307,C0179,P0589,5,2024-01-30
O01308,C0053,P0013,5,2025-01-18
O01309,C0383,P0400,4,2024-01-21
O01310,C0560,P0506,4,2023-11-29
O01311,C0510,P0659,3,2024-04-25
O01312,C0370,P0567,4,2024-09-03
O01313,C0001,P0085,3,2025-05-05
O01314,C0146,P0154,5,2025-02-26
O01315,C0521,P0422,5,2025-03-19
O01316,C0350,P0083,5,2024-04-11
O01317,C0925,P0144,1,2023-12-01
O01318,C0490,P0511,4,2023-12-23
O01319,C0692,P0590,1,2024-03-18
O01320,C0194,P0188,5,2024-06-06
O01321,C0474,P0568,1,2025-04-30
O01322,C0134,P0275,4,2024-02-02
O01323,C0810,P0226,3,2024-06-21
O01324,C0578,P0695,1,2025-04-11
O01325,C0065,P0035,1,2025-04-09
O01326,C0470,P0580,3,2024-09-24
O01327,C0121,P0214,1,2025-09-11
O01328,C0109,P0588,1,2025-04-24
O01329,C0682,P0170,1,2023-11-04
O01330,C0110,P0198,1,2025-07-19
O01331,C0563,P0405,4,2025-09-11
O01332,C0429,P0282,5,2025-07-08
O01333,C0610,P0635,4,2025-08-04
O01334,C0462,P0545,2,2024-12-27
O01335,C0848,P0333,1,2024-06-17
O01336,C0744,P0381,2,2024-10-05
O01337,C0158,P0160,1,2024-10-14
O01338,C0583,P0345,4,2024-08-05
O01339,C0673,P0184,5,2025-01-05
O01340,C0078,P0291,2,2024-07-08
O01341,C0164,P0464,1,2024-10-17
O01342,C0065,P0058,3,2025-01-12
O01343,C0271,P0006,5,2024-05-27
O01344,C0605,P0332,5,2024-10-18
O01345,C0164,P0643,3,2024-04-10
O01346,C0167,P0002,1,2025-05-09
O01347,C0306,P0626,4,2024-05-29
O01348,C0603,P0224,3,2024-07-21
O01349,C0005,P0428,3,2025-01-06
O01350,C0740,P0002,2,2025-06-28
O01351,C0189,P0280,3,2024-10-07
O01352,C0824,P0049,4,2024-08-09
O01353,C0321,P0615,2,2024-06-21
O01354,C0834,P0420,3,2024-05-02
O01355,C0219,P0376,5,2025-04-25
O01356,C0210,P0313,3,2025-04-19
O01357,C0697,P0399,5,2024-10-25
O01358,C0829,P0533,5,2025-04-20
O01359,C0744,P0072,2,2024-09-09
O01360,C0871,P0503,4,2025-02-23
O01361,C0791,P0025,4,2025-08-21
O01362,C0060,P0574,3,2025-01-13
O01363,C0181,P0126,5,2023-11-17
O01364,C0105,P0156,3,2023-10-05
O01365,C0282,P0414,5,2023-09-23
O01366,C0062,P0637,3,2025-02-27
O01367,C0814,P0460,2,2024-04-10
O01368,C0263,P0516,5,2024-08-16
O01369,C0358,P0514,2,2024-11-03
O01370,C0647,P0070,1,2023-11-07
O01371,C0760,P0697,5,2025-07-27
O01372,C0842,P0204,4,2024-11-01
O01373,C0497,P0527,2,2024-07-16
O01374,C0800,P0335,1,2025-09-08
O01375,C0462,P0466,2,2023-11-03
O01376,C0449,P0056,4,2025-03-07
O01377,C0069,P0181,4,2023-10-26
O01378,C0023,P0580,5,2024-08-27
O01379,C0332,P0453,2,2024-11-23
O01380,C0070,P0666,3,2025-02-12
O01381,C0662,P0653,4,2023-12-21
O01382,C0273,P0098,2,2024-09-13
O01383,C0344,P0619,3,2024-05-27
O01384,C0046,P0068,3,2024-04-29
O01385,C0149,P0359,1,2023-12-22
O01386,C0360,P0367,1,2025-06-11
O01387,C0827,P0126,4,2024-06-28
O01388,C0761,P0174,5,2024-10-19
O01389,C0840,P0314,3,2023-11-08
O01390,C0349,P0255,3,2024-10-16
O01391,C0138,P0201,5,2024-05-20
O01392,C0324,P0539,1,2025-05-05
O01393,C0873,P0343,3,2024-11-13
O01394,C0293,P0527,5,2024-11-13
O01395,C0819,P0153,1,2024-02-26
O01396,C0416,P0292,5,2024-05-05
O01397,C0290,P0481,4,2025-01-28
O01398,C0606,P0447,3,2025-04-08
O01399,C0820,P0225,1,2023-11-19
O01400,C0297,P0249,5,2024-08-20
O01401,C0096,P0007,4,2024-08-27
O01402,C0842,P0039,1,2024-08-12
O01403,C0713,P0416,3,2025-05-08
O01404,C0223,P0655,2,2024-06-11
O01405,C0718,P0385,1,2025-08-04
O01406,C0544,P0211,4,2025-08-14
O01407,C0113,P0599,2,2024-02-27
O01408,C0871,P0463,5,2025-01-21
O01409,C0004,P0108,3,2024-08-16
O01410,C0273,P0101,1,2024-07-07
O01411,C0081,P0698,5,2025-05-21
O01412,C0923,P0532,3,2024-07-12
O01413,C0004,P0595,3,2025-09-16
O01414,C0167,P0142,2,2023-12-16
O01415,C0680,P0149,2,2024-08-24
O01416,C0223,P0129,5,2024-06-02
O01417,C0092,P0232,4,2024-05-10
O01418,C0827,P0648,3,2024-10-24
O01419,C0758,P0448,2,2024-05-25
O01420,C0377,P0206,1,2024-12-14
O01421,C0617,P0359,4,2023-12-07
O01422,C0853,P0070,2,2024-04-12
O01423,C0409,P0485,1,2023-09-25
O01424,C0706,P0693,2,2024-11-20
O01425,C0356,P0403,1,2024-05-19
O01426,C0033,P0215,1,2025-08-22
O01427,C0314,P0471,3,2023-11-27
O01428,C0722,P0088,5,2025-04-29
O01429,C0339,P0140,5,2024-11-11
O01430,C0540,P0643,2,2024-09-02
O01431,C0152,P0551,3,2024-05-20
O01432,C0196,P0407,2,2025-06-25
O01433,C0276,P0127,1,2024-11-14
O01434,C0271,P0588,4,2025-06-26
O01435,C0493,P0691,4,2024-02-04
O01436,C0656,P0098,4,2024-06-05
O01437,C0427,P0351,5,2025-02-14
O01438,C0043,P0074,3,2025-08-15
O01439,C0261,P0610,4,2025-07-03
O01440,C0372,P0570,3,2024-02-22
O01441,C0447,P0194,4,2023-12-26
O01442,C0905,P0367,4,2023-11-17
O01443,C0835,P0062,3,2025-06-17
O01444,C0432,P0287,5,2023-12-20
O01445,C0647,P0036,1,2024-08-30
O01446,C0644,P0006,2,2025-07-05
O01447,C0005,P0575,4,2024-02-25
O01448,C0271,P0020,3,2024-11-19
O01449,C0509,P0384,2,2023-12-10
O01450,C0077,P0246,4,2024-06-11
O01451,C0158,P0061,5,2023-12-30
O01452,C0138,P0547,4,2024-12-13
O01453,C0743,P0542,1,2024-03-26
O01454,C0144,P0649,3,2024-10-06
O01455,C0460,P0009,5,2025-08-05
O01456,C0323,P0408,4,2025-08-31
O01457,C0614,P0045,5,2024-02-07
O01458,C0780,P0282,4,2025-02-14
O01459,C0702,P0504,5,2023-12-05
O01460,C0914,P0465,2,2025-08-21
O01461,C0254,P0350,3,2025-05-05
O01462,C0103,P0172,2,2025-05-09
O01463,C0895,P0126,1,2024-11-02
O01464,C0643,P0150,5,2024-02-11
O01465,C0303,P0035,2,2024-11-27
O01466,C0077,P0020,5,2023-09-25
O01467,C0561,P0271,1,2024-10-21
O01468,C0050,P0268,3,2024-06-14
O01469,C0619,P0237,1,2025-09-04
O01470,C0786,P0467,3,2024-06-16
O01471,C0805,P0185,1,2024-11-25
O01472,C0510,P0636,3,2024-06-13
O01473,C0465,P0428,3,2025-05-31
O01474,C0352,P0372,4,2025-07-13
O01475,C0586,P0659,5,2025-05-27
O01476,C0274,P0302,3,2024-01-09
O01477,C0457,P0264,1,2024-04-04
O01478,C0592,P0018,5,2024-06-17
O01479,C0428,P0375,5,2024-11-22
O01480,C0096,P0059,4,2024-04-26
O01481,C0031,P0300,5,2025-07-01
O01482,C0749,P0198,1,2025-07-17
O01483,C0173,P0186,4,2024-05-23
O01484,C0834,P0523,5,2025-01-01
O01485,C0559,P0314,1,2024-01-25
O01486,C0894,P0160,5,2024-11-19
O01487,C0807,P0062,5,2024-12-14
O01488,C0005,P0278,5,2025-02-07
O01489,C0084,P0009,5,2025-02-18
O01490,C0898,P0141,1,2025-03-03
O01491,C0797,P0038,1,2024-04-10
O01492,C0236,P0588,3,2024-01-24
O01493,C0663,P0637,1,2023-12-24
O01494,C0361,P0417,1,2024-05-02
O01495,C0105,P0382,4,2024-11-23
O01496,C0815,P0493,1,2025-02-18
O01497,C0474,P0205,5,2025-06-25
O01498,C0753,P0624,2,2024-08-07
O01499,C0351,P0141,2,2024-04-28
O01500,C0924,P0008,1,2024-06-16
O01501,C0486,P0328,2,2025-07-09
O01502,C0656,P0514,5,2025-07-26
O01503,C0038,P0656,2,2024-03-18
O01504,C0106,P0625,2,2024-02-01
O01505,C0622,P0434,2,2025-03-21
O01506,C0611,P0235,5,2024-03-31
O01507,C0176,P0014,5,2025-03-20
O01508,C0001,P0517,3,2024-04-03
O01509,C0250,P0406,3,2025-05-30
O01510,C0205,P0553,1,2024-03-05
O01511,C0644,P0267,3,2025-02-06
O01512,C0155,P0686,3,2024-08-08
O01513,C0591,P0611,4,2024-08-27
O01514,C0915,P0663,5,2025-01-26
O01515,C0603,P0620,4,2024-08-12
O01516,C0197,P0122,3,2024-09-23
O01517,C0267,P0136,1,2024-02-12
O01518,C0528,P0558,3,2023-10-02
O01519,C0443,P0435,3,2023-11-17
O01520,C0446,P0637,3,2025-05-13
O01521,C0809,P0678,2,2023-11-04
O01522,C0154,P0361,3,2024-06-27
O01523,C0446,P0223,1,2025-08-04
O01524,C0669,P0557,3,2025-07-03
O01525,C0128,P0159,5,2023-10-12
O01526,C0505,P0473,2,2024-07-24
O01527,C0169,P0044,5,2024-08-04
O01528,C0639,P0167,2,2025-07-23
O01529,C0736,P0646,1,2024-07-28
O01530,C0798,P0672,5,2025-08-19
O01531,C0438,P0098,1,2025-07-12
O01532,C0499,P0242,5,2024-09-14
O01533,C0723,P0176,4,2025-05-01
O01534,C0841,P0631,3,2024-05-08
O01535,C0615,P0380,2,2024-06-03
O01536,C0671,P0104,1,2023-11-01
O01537,C0363,P0613,4,2025-08-31
O01538,C0101,P0473,3,2024-06-18
O01539,C0497,P0381,2,2025-03-07
O01540,C0103,P0598,2,2025-01-01
O01541,C0791,P0552,1,2023-10-07
O01542,C0557,P0198,4,2023-12-21
O01543,C0815,P0625,1,2024-03-09
O01544,C0220,P0476,1,2024-01-08
O01545,C0118,P0601,2,2023-12-13
O01546,C0120,P0308,1,2023-11-19
O01547,C0493,P0147,3,2024-04-15
O01548,C0450,P0642,1,2024-08-13
O01549,C0171,P0654,1,2024-02-05
O01550,C0211,P0632,3,2024-06-26
O01551,C0916,P0219,2,2025-06-05
O01552,C0915,P0300,3,2023-12-28
O01553,C0764,P0266,5,2024-01-01
O01554,C0886,P0578,2,2025-03-12
O01555,C0724,P0094,3,2025-07-11
O01556,C0832,P0005,3,2025-08-28
O01557,C0754,P0488,5,2024-04-07
O01558,C0090,P0225,3,2025-08-24
O01559,C0516,P0658,5,2024-10-08
O01560,C0749,P0471,5,2023-11-03
O01561,C0551,P0645,5,2023-10-20
O01562,C0611,P0496,1,2025-01-08
O01563,C0603,P0091,2,2024-08-23
O01564,C0609,P0403,5,2023-10-07
O01565,C0911,P0436,2,2025-03-24
O01566,C0446,P0583,3,2024-10-17
O01567,C0135,P0222,5,2025-01-01
O01568,C0427,P0646,3,2023-10-06
O01569,C0441,P0485,2,2025-07-08
O01570,C0157,P0642,1,2024-06-21
O01571,C0473,P0458,2,2024-03-09
O01572,C0060,P0557,2,2024-04-24
O01573,C0685,P0258,2,2023-11-01
O01574,C0071,P0075,5,2024-08-26
O01575,C0291,P0136,1,2023-10-17
O01576,C0576,P0034,1,2024-06-19
O01577,C0497,P0496,4,2025-05-23
O01578,C0830,P0215,4,2024-04-09
O01579,C0693,P0011,2,2023-09-23
O01580,C0292,P0020,4,2024-07-17
O01581,C0570,P0409,5,2023-09-26
O01582,C0370,P0064,5,2024-03-20
O01583,C0367,P0007,3,2024-12-15
O01584,C0424,P0166,1,2023-11-05
O01585,C0031,P0387,5,2023-11-29
O01586,C0820,P0689,3,2025-02-26
O01587,C0183,P0128,3,2025-06-03
O01588,C0495,P0361,2,2025-05-10
O01589,C0889,P0554,4,2024-09-11
O01590,C0050,P0240,1,2025-01-01
O01591,C0885,P0562,3,2024-05-09
O01592,C0855,P0242,4,2024-08-08
O01593,C0163,P0252,1,2023-11-09
O01594,C0117,P0569,2,2024-04-06
O01595,C0883,P0156,4,2024-11-25
O01596,C0751,P0525,4,2024-04-20
O01597,C0102,P0450,3,2025-01-04
O01598,C0155,P0545,5,2024-11-22
O01599,C0880,P0674,4,2024-03-03
O01600,C0037,P0009,3,2025-07-11
O01601,C0501,P0010,2,2023-12-13
O01602,C0426,P0670,2,2024-03-24
O01603,C0305,P0421,1,2024-12-31
O01604,C0117,P0365,3,2024-10-20
O01605,C0321,P0015,5,2024-07-31
O01606,C0608,P0403,3,2024-09-16
O01607,C0066,P0178,2,2024-01-03
O01608,C0758,P0587,2,2024-04-13
O01609,C0260,P0590,1,2025-07-16
O01610,C0781,P0055,3,2025-05-10
O01611,C0833,P0149,2,2025-03-29
O01612,C0151,P0536,5,2024-04-16
O01613,C0124,P0572,2,2024-10-29
O01614,C0640,P0332,4,2025-03-31
O01615,C0069,P0066,3,2023-11-23
O01616,C0830,P0110,1,2024-07-31
O01617,C0645,P0611,2,2025-02-14
O01618,C0714,P0486,2,2024-12-12
O01619,C0494,P0378,5,2025-02-05
O01620,C0048,P0322,2,2024-07-19
O01621,C0648,P0367,4,2024-11-24
O01622,C0072,P0214,4,2023-09-29
O01623,C0162,P0036,4,2025-09-10
O01624,C0263,P0410,5,2025-07-20
O01625,C0612,P0256,1,2024-01-05
O01626,C0863,P0589,2,2024-08-04
O01627,C0636,P0046,5,2025-06-07
O01628,C0794,P0234,2,2024-10-01
O01629,C0809,P0365,3,2023-12-03
O01630,C0033,P0456,1,2025-02-22
O01631,C0335,P0234,5,2023-10-21
O01632,C0362,P0405,1,2025-06-23
O01633,C0165,P0315,2,2024-06-05
O01634,C0646,P0193,4,2024-11-16
O01635,C0205,P0220,4,2025-08-09
O01636,C0887,P0554,3,2025-05-24
O01637,C0705,P0587,2,2024-10-12
O01638,C0572,P0626,1,2025-06-18
O01639,C0305,P0266,5,2025-01-07
O01640,C0730,P0298,1,2025-03-31
O01641,C0686,P0535,3,2025-09-09
O01642,C0119,P0022,1,2025-04-09
O01643,C0083,P0440,2,2024-08-08
O01644,C0721,P0500,1,2025-08-29
O01645,C0498,P0268,4,2024-06-07
O01646,C0910,P0157,4,2025-08-18
O01647,C0070,P0503,1,2023-12-21
O01648,C0619,P0010,5,2024-11-24
O01649,C0295,P0462,3,2025-07-13
O01650,C0210,P0602,1,2024-11-12
O01651,C0656,P0537,3,2024-07-13
O01652,C0829,P0536,2,2025-01-10
O01653,C0694,P0312,4,2025-08-05
O01654,C0144,P0683,2,2024-09-18
O01655,C0003,P0685,3,2024-02-15
O01656,C0140,P0232,2,2024-03-29
O01657,C0470,P0166,2,2024-04-22
O01658,C0522,P0211,4,2025-02-23
O01659,C0549,P0207,1,2023-09-21
O01660,C0038,P0525,2,2024-01-03
O01661,C0376,P0018,1,2025-03-14
O01662,C0459,P0495,3,2025-08-03
O01663,C0697,P0070,3,2024-07-26
O01664,C0319,P0639,3,2024-06-08
O01665,C0123,P0663,3,2024-03-24
O01666,C0748,P0147,3,2024-08-03
O01667,C0140,P0364,2,2025-07-29
O01668,C0511,P0537,2,2024-03-31
O01669,C0030,P0411,3,2023-11-19
O01670,C0020,P0556,5,2023-12-26
O01671,C0659,P0210,4,2024-10-13
O01672,C0335,P0420,1,2024-02-21
O01673,C0522,P0670,3,2024-01-10
O01674,C0251,P0443,5,2023-12-07
O01675,C0268,P0660,3,2024-07-07
O01676,C0768,P0695,4,2024-04-21
O01677,C0586,P0060,1,2024-09-23
O01678,C0167,P0026,2,2025-04-26
O01679,C0144,P0458,4,2024-01-09
O01680,C0583,P0608,2,2023-12-04
O01681,C0201,P0508,2,2024-02-28
O01682,C0139,P0173,3,2024-01-23
O01683,C0039,P0413,4,2025-05-18
O01684,C0577,P0282,1,2024-05-12
O01685,C0846,P0548,3,2024-01-31
O01686,C0008,P0632,2,2025-05-10
O01687,C0051,P0173,2,2024-07-10
O01688,C0046,P0292,4,2024-10-08
O01689,C0663,P0363,1,2025-07-11
O01690,C0239,P0102,1,2024-02-03
O01691,C0086,P0448,5,2024-06-10
O01692,C0319,P0153,2,2024-06-03
O01693,C0292,P0554,2,2025-01-13
O01694,C0286,P0492,1,2024-01-11
O01695,C0096,P0478,3,2025-08-30
O01696,C0653,P0022,2,2024-06-12
O01697,C0019,P0068,2,2024-12-22
O01698,C0147,P0311,2,2024-12-15
O01699,C0538,P0615,1,2023-11-04
O01700,C0132,P0699,5,2024-07-01
O01701,C0804,P0654,5,2024-01-05
O01702,C0431,P0025,4,2025-01-31
O01703,C0253,P0047,4,2024-07-15
O01704,C0271,P0600,4,2025-07-23
O01705,C0130,P0054,5,2025-04-12
O01706,C0513,P0163,3,2023-09-23
O01707,C0199,P0683,2,2023-11-12
O01708,C0100,P0149,3,2025-07-17
O01709,C0178,P0514,3,2024-06-10
O01710,C0484,P0678,4,2025-06-23
O01711,C0719,P0542,2,2024-10-13
O01712,C0825,P0300,2,2025-02-09
O01713,C0227,P0247,4,2024-03-17
O01714,C0402,P0001,4,2025-07-20
O01715,C0865,P0333,5,2023-10-12
O01716,C0625,P0062,4,2025-04-27
O01717,C0202,P0176,3,2025-05-11
O01718,C0275,P0637,4,2025-07-05
O01719,C0099,P0623,3,2023-12-18
O01720,C0832,P0682,2,2024-06-10
O01721,C0386,P0611,4,2025-05-30
O01722,C0457,P0560,1,2025-05-20
O01723,C0551,P0264,3,2023-12-24
O01724,C0452,P0294,5,2024-03-27
O01725,C0449,P0182,1,2024-07-08
O01726,C0740,P0010,3,2025-02-17
O01727,C0554,P0202,1,2024-01-31
O01728,C0498,P0515,5,2023-12-23
O01729,C0696,P0643,5,2025-07-15
O01730,C0378,P0106,3,2025-06-15
O01731,C0059,P0363,5,2025-09-06
O01732,C0537,P0525,5,2024-01-21
O01733,C0812,P0485,2,2025-08-27
O01734,C0499,P0654,1,2024-06-26
O01735,C0213,P0343,1,2025-04-29
O01736,C0451,P0463,3,2025-05-29
O01737,C0499,P0456,5,2024-02-03
O01738,C0595,P0289,2,2025-06-12
O01739,C0774,P0597,4,2025-01-26
O01740,C0693,P0411,3,2025-08-02
O01741,C0312,P0293,5,2024-02-04
O01742,C0914,P0355,2,2025-01-10
O01743,C0337,P0063,2,2024-10-03
O01744,C0747,P0340,3,2025-05-12
O01745,C0358,P0213,3,2025-08-14
O01746,C0089,P0701,1,2024-04-23
O01747,C0030,P0052,4,2025-09-03
O01748,C0714,P0035,4,2023-12-12
O01749,C0677,P0649,5,2024-12-26
O01750,C0106,P0202,4,2024-02-07
O01751,C0793,P0504,1,2023-11-09
O01752,C0504,P0412,4,2025-01-07
O01753,C0162,P0009,1,2023-11-03
O01754,C0150,P0696,3,2024-05-14
O01755,C0228,P0485,5,2025-05-29
O01756,C0384,P0452,1,2024-03-22
O01757,C0684,P0608,2,2025-08-19
O01758,C0739,P0445,3,2025-06-28
O01759,C0895,P0081,4,2025-06-07
O01760,C0559,P0542,5,2025-02-03
O01761,C0898,P0609,1,2024-04-22
O01762,C0325,P0343,2,2024-09-12
O01763,C0588,P0670,3,2024-06-03
O01764,C0542,P0686,1,2025-02-08
O01765,C0401,P0118,3,2023-12-18
O01766,C0283,P0566,3,2025-07-13
O01767,C0385,P0676,5,2025-04-05
O01768,C0892,P0329,5,2024-07-02
O01769,C0076,P0110,2,2025-03-12
O01770,C0307,P0682,4,2024-03-15
O01771,C0102,P0330,1,2023-12-04
O01772,C0187,P0198,4,2024-08-17
O01773,C0380,P0386,1,2024-12-16
O01774,C0276,P0078,5,2024-05-14
O01775,C0282,P0128,4,2024-08-10
O01776,C0745,P0043,5,2025-07-17
O01777,C0110,P0551,1,2024-04-04
O01778,C0842,P0065,5,2025-02-27
O01779,C0480,P0081,4,2024-12-21
O01780,C0262,P0678,3,2024-09-22
O01781,C0164,P0269,3,2023-11-25
O01782,C0503,P0377,5,2023-11-18
O01783,C0263,P0113,1,2025-02-05
O01784,C0679,P0502,5,2024-12-08
O01785,C0664,P0490,5,2024-05-01
O01786,C0789,P0263,3,2023-12-18
O01787,C0642,P0282,1,2025-06-15
O01788,C0244,P0586,4,2023-12-09
O01789,C0242,P0418,5,2025-09-11
O01790,C0335,P0602,3,2025-07-18
O01791,C0134,P0167,5,2024-10-03
O01792,C0597,P0068,1,2024-01-05
O01793,C0572,P0194,5,2024-02-29
O01794,C0345,P0599,1,2023-10-28
O01795,C0198,P0137,3,2024-06-01
O01796,C0697,P0053,1,2025-01-28
O01797,C0298,P0258,4,2024-03-28
O01798,C0389,P0135,2,2024-05-15
O01799,C0861,P0007,1,2023-10-22
O01800,C0307,P0630,5,2023-10-29
O01801,C0657,P0480,2,2025-02-27
O01802,C0248,P0255,5,2024-08-01
O01803,C0922,P0027,2,2024-05-21
O01804,C0276,P0663,1,2025-02-22
O01805,C0491,P0141,4,2024-08-03
O01806,C0680,P0487,1,2025-08-20
O01807,C0483,P0371,4,2024-01-03
O01808,C0701,P0146,2,2024-03-20
O01809,C0317,P0119,1,2024-10-01
O01810,C0303,P0310,5,2023-11-26
O01811,C0833,P0192,5,2024-08-30
O01812,C0459,P0318,1,2024-09-16
O01813,C0363,P0601,5,2025-07-03
O01814,C0688,P0477,3,2023-11-30
O01815,C0263,P0510,5,2025-07-06
O01816,C0532,P0636,5,2024-09-04
O01817,C0622,P0601,2,2025-02-23
O01818,C0476,P0168,2,2024-07-07
O01819,C0340,P0625,4,2024-06-15
O01820,C0506,P0511,5,2025-01-06
O01821,C0342,P0253,2,2025-01-22
O01822,C0836,P0167,3,2024-03-23
O01823,C0886,P0244,2,2024-02-01
O01824,C0873,P0206,1,2024-09-25
O01825,C0219,P0675,1,2025-07-14
O01826,C0628,P0541,1,2024-10-20
O01827,C0471,P0340,4,2024-10-23
O01828,C0330,P0651,3,2025-05-28
O01829,C0794,P0008,5,2024-04-17
O01830,C0657,P0429,5,2025-06-25
O01831,C0662,P0021,2,2023-12-30
O01832,C0045,P0616,5,2025-01-22
O01833,C0423,P0220,2,2023-10-03
O01834,C0877,P0244,1,2023-11-09
O01835,C0314,P0141,4,2024-03-04
O01836,C0096,P0270,5,2025-02-21
O01837,C0145,P0354,4,2024-07-18
O01838,C0721,P0369,3,2023-12-14
O01839,C0157,P0017,5,2024-11-07
O01840,C0175,P0307,1,2024-08-11
O01841,C0342,P0624,3,2024-08-22
O01842,C0073,P0686,1,2025-07-29
O01843,C0091,P0658,3,2025-02-26
O01844,C0729,P0356,2,2024-08-05
O01845,C0143,P0466,4,2025-03-08
O01846,C0397,P0226,5,2024-10-06
O01847,C0757,P0440,4,2025-01-08
O01848,C0090,P0024,5,2024-11-01
O01849,C0623,P0027,4,2024-09-25
O01850,C0047,P0053,3,2025-04-06
O01851,C0713,P0308,3,2025-02-19
O01852,C0687,P0434,2,2024-11-10
O01853,C0678,P0463,3,2023-09-30
O01854,C0864,P0437,4,2024-01-08
O01855,C0589,P0655,2,2025-06-16
O01856,C0384,P0041,1,2025-06-25
O01857,C0728,P0487,3,2025-08-16
O01858,C0138,P0368,1,2025-06-25
O01859,C0725,P0354,5,2025-07-17
O01860,C0113,P0702,5,2025-07-24
O01861,C0482,P0244,5,2025-04-04
O01862,C0163,P0195,1,2024-10-01
O01863,C0117,P0618,2,2024-12-19
O01864,C0456,P0674,4,2025-03-22
O01865,C0051,P0623,1,2024-02-21
O01866,C0113,P0496,1,2024-01-10
O01867,C0861,P0454,1,2024-05-21
O01868,C0325,P0327,5,2025-05-28
O01869,C0772,P0358,2,2025-03-14
O01870,C0813,P0659,3,2024-07-19
O01871,C0022,P0372,5,2024-03-18
O01872,C0443,P0310,1,2025-02-01
O01873,C0582,P0483,1,2025-02-07
O01874,C0060,P0082,5,2025-03-03
O01875,C0785,P0337,4,2025-03-11
O01876,C0091,P0620,5,2024-04-25
O01877,C0153,P0384,5,2025-04-27
O01878,C0856,P0013,2,2024-11-15
O01879,C0483,P0198,1,2024-11-16
O01880,C0035,P0398,2,2024-09-29
O01881,C0510,P0388,2,2024-12-14
O01882,C0237,P0244,3,2024-06-01
O01883,C0135,P0385,4,2025-09-13
O01884,C0693,P0225,2,2025-03-07
O01885,C0229,P0667,2,2025-04-09
O01886,C0784,P0448,2,2024-06-21
O01887,C0584,P0289,4,2025-05-02
O01888,C0805,P0508,3,2023-12-08
O01889,C0268,P0183,5,2024-09-27
O01890,C0878,P0409,5,2025-03-14
O01891,C0139,P0437,4,2025-09-15
O01892,C0642,P0536,5,2024-05-19
O01893,C0785,P0644,3,2025-07-16
O01894,C0473,P0581,3,2024-01-27
O01895,C0320,P0040,3,2024-12-27
O01896,C0395,P0321,4,2023-11-25
O01897,C0182,P0011,4,2023-10-30
O01898,C0159,P0474,5,2025-09-08
O01899,C0583,P0600,5,2024-07-15
O01900,C0565,P0356,2,2023-12-31
O01901,C0222,P0127,4,2024-06-21
O01902,C0925,P0643,3,2023-10-03
O01903,C0646,P0418,5,2024-08-29
O01904,C0889,P0292,3,2024-04-23
O01905,C0289,P0361,2,2024-03-15
O01906,C0288,P0386,3,2023-09-23
O01907,C0213,P0589,5,2025-07-16
O01908,C0860,P0595,2,2024-01-11
O01909,C0557,P0424,1,2025-06-13
O01910,C0895,P0377,5,2025-08-18
O01911,C0298,P0175,1,2024-05-18
O01912,C0056,P0050,2,2024-03-12
O01913,C0067,P0060,2,2025-08-24
O01914,C0222,P0516,4,2024-08-04
O01915,C0153,P0547,4,2025-01-05
O01916,C0473,P0170,1,2023-10-26
O01917,C0137,P0222,2,2024-10-19
O01918,C0064,P0555,5,2024-06-08
O01919,C0856,P0080,4,2023-12-17
O01920,C0588,P0223,1,2024-10-10
O01921,C0259,P0687,5,2025-07-30
O01922,C0534,P0618,3,2025-09-04
O01923,C0338,P0676,3,2025-08-15
O01924,C0224,P0213,3,2025-09-04
O01925,C0366,P0216,1,2023-11-08
O01926,C0361,P0259,5,2025-03-13
O01927,C0255,P0619,1,2024-02-26
O01928,C0873,P0581,2,2024-08-18
O01929,C0737,P0410,3,2025-03-02
O01930,C0012,P0559,5,2024-11-24
O01931,C0274,P0504,2,2025-04-15
O01932,C0041,P0135,2,2025-07-06
O01933,C0351,P0113,1,2025-03-23
O01934,C0002,P0206,2,2025-08-11
O01935,C0105,P0177,3,2025-04-18
O01936,C0144,P0475,2,2024-10-04
O01937,C0740,P0155,4,2024-08-17
O01938,C0676,P0247,4,2024-01-03
O01939,C0044,P0018,2,2024-06-28
O01940,C0518,P0477,4,2024-09-05
O01941,C0249,P0314,5,2025-09-06
O01942,C0398,P0345,3,2025-04-28
O01943,C0557,P0546,5,2024-12-13
O01944,C0720,P0321,4,2025-01-04
O01945,C0176,P0316,2,2023-09-24
O01946,C0412,P0349,4,2024-09-01
O01947,C0703,P0362,2,2024-12-22
O01948,C0105,P0097,2,2025-06-27
O01949,C0163,P0017,3,2024-01-20
O01950,C0745,P0565,3,2024-02-07
O01951,C0205,P0368,1,2024-08-26
O01952,C0201,P0587,2,2025-05-19
O01953,C0285,P0613,5,2024-11-13
O01954,C0212,P0487,3,2025-07-17
O01955,C0641,P0600,1,2024-06-08
O01956,C0434,P0652,3,2024-04-07
O01957,C0794,P0302,1,2025-01-12
O01958,C0670,P0657,1,2024-07-09
O01959,C0225,P0651,5,2023-12-28
O01960,C0895,P0305,1,2024-09-27
O01961,C0081,P0171,4,2025-02-12
O01962,C0666,P0601,5,2025-02-01
O01963,C0008,P0327,1,2024-06-17
O01964,C0741,P0095,5,2025-08-13
O01965,C0234,P0495,4,2024-01-22
O01966,C0291,P0381,4,2025-03-08
O01967,C0352,P0070,4,2023-10-19
O01968,C0518,P0591,1,2025-01-28
O01969,C0044,P0518,5,2024-02-20
O01970,C0358,P0169,4,2025-08-28
O01971,C0213,P0205,3,2023-09-26
O01972,C0058,P0112,5,2025-05-27
O01973,C0766,P0315,5,2024-09-11
O01974,C0922,P0004,4,2024-10-07
O01975,C0426,P0314,1,2024-09-18
O01976,C0577,P0065,3,2024-10-04
O01977,C0714,P0624,3,2023-09-26
O01978,C0094,P0310,2,2024-12-17
O01979,C0480,P0182,5,2023-11-13
O01980,C0441,P0310,1,2024-12-28
O01981,C0329,P0696,2,2024-02-23
O01982,C0649,P0329,1,2025-06-09
O01983,C0590,P0024,5,2023-09-29
O01984,C0691,P0274,1,2024-06-02
O01985,C0178,P0207,1,2024-04-14
O01986,C0868,P0448,3,2025-02-01
O01987,C0182,P0654,4,2024-03-22
O01988,C0370,P0472,1,2025-08-03
O01989,C0471,P0677,5,2024-06-12
O01990,C0578,P0464,4,2023-11-24
O01991,C0503,P0700,3,2024-12-29
O01992,C0396,P0253,3,2025-02-14
O01993,C0517,P0034,4,2023-10-20
O01994,C0125,P0078,3,2024-08-03
O01995,C0490,P0282,1,2024-10-12
O01996,C0679,P0062,3,2024-09-15
O01997,C0901,P0258,4,2023-12-11
O01998,C0569,P0122,1,2023-12-11
O01999,C0503,P0358,3,2024-11-25
O02000,C0623,P0479,1,2024-09-08
O02001,C0255,P0191,5,2025-05-03
O02002,C0528,P0119,2,2024-08-18
O02003,C0792,P0664,2,2023-11-27
O02004,C0338,P0193,2,2024-12-28
O02005,C0711,P0464,2,2023-10-28
O02006,C0914,P0362,3,2025-03-21
O02007,C0153,P0529,4,2024-07-08
O02008,C0913,P0336,1,2023-12-17
O02009,C0173,P0019,4,2024-01-19
O02010,C0626,P0412,3,2025-05-24
O02011,C0028,P0091,1,2024-07-24
O02012,C0309,P0351,1,2024-11-20
O02013,C0715,P0139,1,2024-11-09
O02014,C0230,P0071,1,2025-01-15
O02015,C0172,P0003,5,2025-09-09
O02016,C0890,P0666,5,2024-04-13
O02017,C0495,P0195,4,2024-04-29
O02018,C0198,P0128,3,2025-07-10
O02019,C0403,P0407,3,2025-02-15
O02020,C0349,P0048,3,2025-07-03
O02021,C0276,P0291,2,2024-07-20
O02022,C0084,P0127,1,2025-05-04
O02023,C0450,P0612,5,2025-04-06
O02024,C0691,P0004,1,2024-05-21
O02025,C0018,P0485,5,2025-05-20
O02026,C0078,P0413,2,2025-03-19
O02027,C0491,P0009,1,2025-07-28
O02028,C0273,P0112,3,2024-02-16
O02029,C0829,P0207,4,2025-08-18
O02030,C0863,P0318,3,2023-09-30
O02031,C0403,P0212,2,2025-04-01
O02032,C0729,P0643,3,2024-06-24
O02033,C0262,P0383,4,2025-01-10
O02034,C0380,P0288,1,2023-12-12
O02035,C0323,P0448,1,2024-01-21
O02036,C0825,P0175,5,2025-02-26
O02037,C0155,P0239,3,2024-06-06
O02038,C0578,P0578,3,2025-08-05
O02039,C0674,P0308,1,2024-04-10
O02040,C0795,P0189,2,2024-04-05
O02041,C0403,P0427,4,2023-09-24
O02042,C0651,P0659,5,2023-12-19
O02043,C0280,P0514,1,2025-08-05
O02044,C0080,P0524,2,2025-05-25
O02045,C0537,P0603,3,2024-04-03
O02046,C0403,P0268,3,2024-12-19
O02047,C0472,P0074,1,2025-07-02
O02048,C0046,P0305,3,2025-05-18
O02049,C0202,P0657,1,2024-02-21
O02050,C0792,P0626,4,2024-05-25
O02051,C0634,P0213,3,2024-08-09
O02052,C0792,P0365,3,2024-06-03
O02053,C0685,P0366,5,2024-04-03
O02054,C0871,P0297,4,2023-11-08
O02055,C0017,P0516,4,2024-05-23
O02056,C0434,P0391,5,2023-09-22
O02057,C0658,P0456,5,2024-06-23
O02058,C0571,P0346,3,2024-11-02
O02059,C0892,P0616,4,2024-09-13
O02060,C0182,P0050,1,2024-03-22
O02061,C0618,P0281,5,2023-09-23
O02062,C0724,P0215,4,2025-09-08
O02063,C0546,P0312,2,2024-07-24
O02064,C0751,P0705,2,2025-01-14
O02065,C0845,P0296,4,2024-04-23
O02066,C0123,P0689,5,2024-12-08
O02067,C0628,P0459,3,2024-01-03
O02068,C0200,P0374,4,2024-12-19
O02069,C0342,P0648,4,2024-11-09
O02070,C0505,P0575,5,2025-01-08
O02071,C0112,P0318,2,2023-09-29
O02072,C0011,P0603,4,2024-01-21
O02073,C0625,P0034,5,2025-06-14
O02074,C0019,P0625,3,2024-06-10
O02075,C0391,P0589,3,2024-01-23
O02076,C0552,P0079,5,2023-12-23
O02077,C0378,P0312,1,2023-10-12
O02078,C0502,P0433,3,2024-08-31
O02079,C0260,P0509,1,2025-02-18
O02080,C0260,P0186,2,2024-02-29
O02081,C0063,P0360,5,2024-04-18
O02082,C0006,P0088,2,2024-08-08
O02083,C0249,P0062,5,2024-02-24
O02084,C0619,P0452,3,2024-02-24
O02085,C0803,P0129,2,2024-11-28
O02086,C0409,P0494,4,2024-08-13
O02087,C0682,P0117,4,2025-07-27
O02088,C0819,P0111,4,2023-10-24
O02089,C0862,P0657,2,2023-10-02
O02090,C0405,P0022,1,2025-07-23
O02091,C0299,P0250,5,2024-02-18
O02092,C0673,P0408,1,2025-08-03
O02093,C0050,P0577,3,2025-06-27
O02094,C0143,P0547,2,2025-05-06
O02095,C0382,P0319,2,2024-01-01
O02096,C0145,P0394,2,2024-08-17
O02097,C0133,P0016,4,2024-03-03
O02098,C0750,P0554,2,2024-01-13
O02099,C0039,P0476,1,2024-12-07
O02100,C0801,P0362,5,2023-09-25
O02101,C0322,P0644,2,2025-03-19
O02102,C0862,P0442,1,2024-08-14
O02103,C0762,P0423,5,2025-05-05
O02104,C0029,P0571,3,2023-11-25
O02105,C0456,P0049,2,2024-04-06
O02106,C0200,P0443,4,2024-06-21
O02107,C0523,P0229,4,2023-10-26
O02108,C0767,P0367,1,2025-03-24
O02109,C0781,P0514,1,2024-12-09
O02110,C0689,P0352,4,2024-09-23
O02111,C0447,P0464,5,2024-09-05
O02112,C0572,P0324,1,2024-09-02
O02113,C0813,P0167,3,2024-11-13
O02114,C0753,P0095,1,2023-11-08
O02115,C0014,P0452,5,2023-09-24
O02116,C0684,P0407,3,2024-05-04
O02117,C0309,P0091,4,2024-09-19
O02118,C0530,P0002,5,2024-02-19
O02119,C0384,P0312,2,2024-04-17
O02120,C0891,P0587,1,2025-08-08
O02121,C0638,P0646,4,2024-03-12
O02122,C0298,P0657,5,2025-04-11
O02123,C0036,P0400,3,2024-12-20
O02124,C0713,P0453,2,2025-04-27
O02125,C0155,P0242,2,2025-06-27
O02126,C0403,P0343,4,2023-10-05
O02127,C0026,P0369,1,2024-07-12
O02128,C0516,P0237,5,2025-07-12
O02129,C0610,P0593,1,2024-12-26
O02130,C0136,P0252,1,2024-06-09
O02131,C0503,P0482,3,2025-02-15
O02132,C0797,P0686,1,2024-06-23
O02133,C0047,P0186,4,2023-11-02
O02134,C0024,P0029,5,2025-03-17
O02135,C0043,P0245,3,2024-12-28
O02136,C0506,P0005,4,2025-07-31
O02137,C0284,P0495,1,2025-07-08
O02138,C0512,P0585,3,2024-03-17
O02139,C0365,P0080,3,2023-11-25
O02140,C0880,P0224,3,2023-09-21
O02141,C0442,P0567,1,2025-01-05
O02142,C0626,P0406,5,2024-08-19
O02143,C0028,P0674,1,2024-01-30
O02144,C0342,P0555,1,2023-11-22
O02145,C0273,P0253,2,2024-07-29
O02146,C0251,P0403,5,2024-04-11
O02147,C0703,P0403,1,2025-09-10
O02148,C0284,P0592,3,2024-04-18
O02149,C0871,P0287,4,2025-05-28
O02150,C0315,P0301,1,2024-05-04
O02151,C0882,P0455,3,2023-09-25
O02152,C0109,P0351,5,2025-08-15
O02153,C0711,P0435,1,2024-09-07
O02154,C0756,P0692,3,2024-09-14
O02155,C0531,P0072,4,2024-09-12
O02156,C0035,P0518,2,2024-04-09
O02157,C0075,P0155,5,2024-11-27
O02158,C0711,P0452,5,2025-07-01
O02159,C0620,P0293,1,2025-03-07
O02160,C0028,P0610,5,2025-02-26
O02161,C0064,P0108,1,2025-01-13
O02162,C0451,P0657,2,2024-01-09
O02163,C0426,P0695,5,2025-05-15
O02164,C0693,P0005,4,2024-04-03
O02165,C0873,P0152,2,2025-02-07
O02166,C0659,P0016,5,2025-02-16
O02167,C0596,P0069,4,2025-02-16
O02168,C0083,P0132,3,2025-06-17
O02169,C0782,P0656,5,2024-05-19
O02170,C0823,P0221,2,2024-02-24
O02171,C0644,P0603,1,2024-01-30
O02172,C0613,P0670,1,2023-10-03
O02173,C0919,P0562,1,2024-01-26
O02174,C0166,P0157,4,2024-03-25
O02175,C0376,P0276,4,2025-06-28
O02176,C0811,P0233,5,2024-12-22
O02177,C0032,P0357,3,2024-07-17
O02178,C0905,P0032,1,2025-05-22
O02179,C0221,P0177,3,2024-04-19
O02180,C0580,P0455,5,2025-08-27
O02181,C0308,P0386,5,2024-11-07
O02182,C0531,P0255,5,2023-11-20
O02183,C0294,P0677,5,2025-07-16
O02184,C0420,P0662,1,2024-12-01
O02185,C0693,P0645,4,2025-03-16
O02186,C0260,P0232,2,2024-11-01
O02187,C0317,P0186,1,2024-02-07
O02188,C0331,P0489,1,2025-04-05
O02189,C0804,P0415,2,2024-08-09
O02190,C0871,P0273,5,2025-08-04
O02191,C0558,P0432,3,2025-07-12
O02192,C0659,P0465,2,2024-01-27
O02193,C0818,P0179,1,2025-05-08
O02194,C0331,P0191,5,2025-08-01
O02195,C0089,P0673,5,2025-01-23
O02196,C0203,P0210,2,2023-10-07
O02197,C0449,P0384,3,2025-04-28
O02198,C0864,P0443,2,2025-05-22
O02199,C0168,P0143,3,2024-11-07
O02200,C0565,P0529,2,2023-10-30
O02201,C0364,P0314,4,2025-06-03
O02202,C0563,P0430,5,2023-12-02
O02203,C0487,P0243,1,2024-02-10
O02204,C0637,P0442,2,2025-09-16
O02205,C0402,P0098,5,2023-12-29
O02206,C0645,P0369,5,2025-01-19
O02207,C0548,P0272,1,2024-08-04
O02208,C0144,P0511,1,2025-01-19
O02209,C0528,P0458,2,2024-03-06
O02210,C0491,P0152,5,2024-02-21
O02211,C0334,P0144,4,2023-11-23
O02212,C0120,P0268,1,2024-07-07
O02213,C0683,P0221,5,2024-07-24
O02214,C0335,P0340,2,2024-11-13
O02215,C0142,P0267,2,2024-02-19
O02216,C0824,P0240,1,2025-09-10
O02217,C0008,P0425,5,2024-11-13
O02218,C0706,P0049,4,2023-12-20
O02219,C0820,P0196,3,2025-04-22
O02220,C0083,P0540,4,2024-07-08
O02221,C0781,P0038,5,2023-10-30
O02222,C0896,P0028,4,2025-06-14
O02223,C0847,P0575,5,2024-09-30
O02224,C0412,P0334,3,2025-08-06
O02225,C0093,P0301,3,2023-12-02
O02226,C0484,P0262,3,2023-12-22
O02227,C0285,P0607,5,2025-05-07
O02228,C0792,P0662,5,2024-07-29
O02229,C0529,P0211,1,2024-08-26
O02230,C0619,P0225,5,2025-03-03
O02231,C0107,P0642,3,2025-08-14
O02232,C0813,P0480,1,2024-08-10
O02233,C0355,P0362,4,2024-03-23
O02234,C0371,P0031,5,2024-02-29
O02235,C0350,P0186,1,2025-04-06
O02236,C0801,P0112,3,2025-03-14
O02237,C0329,P0013,5,2025-07-31
O02238,C0165,P0036,1,2024-01-15
O02239,C0421,P0174,1,2025-03-17
O02240,C0405,P0481,3,2024-03-26
O02241,C0772,P0284,5,2025-04-16
O02242,C0091,P0215,4,2024-09-12
O02243,C0919,P0324,3,2023-09-21
O02244,C0241,P0154,4,2024-08-18
O02245,C0093,P0554,5,2024-12-19
O02246,C0040,P0680,5,2024-11-17
O02247,C0018,P0136,2,2024-12-01
O02248,C0451,P0195,3,2024-01-09
O02249,C0626,P0486,1,2025-04-02
O02250,C0489,P0176,5,2024-08-08
O02251,C0044,P0677,2,2024-09-15
O02252,C0069,P0480,2,2025-01-12
O02253,C0747,P0462,5,2024-07-16
O02254,C0829,P0144,4,2024-06-16
O02255,C0580,P0406,2,2024-06-22
O02256,C0658,P0026,3,2024-05-23
O02257,C0581,P0252,4,2025-01-12
O02258,C0049,P0112,4,2025-06-24
O02259,C0283,P0087,2,2025-05-28
O02260,C0730,P0352,4,2025-03-13
O02261,C0261,P0198,3,2023-11-27
O02262,C0082,P0349,4,2024-08-31
O02263,C0301,P0435,4,2025-04-15
O02264,C0398,P0576,4,2025-05-21
O02265,C0268,P0489,5,2024-07-25
O02266,C0421,P0160,5,2024-03-01
O02267,C0075,P0510,4,2023-12-16
O02268,C0891,P0289,2,2025-03-22
O02269,C0278,P0544,4,2023-11-11
O02270,C0733,P0495,2,2024-11-06
O02271,C0012,P0599,4,2025-08-27
O02272,C0790,P0140,3,2024-07-20
O02273,C0014,P0702,3,2024-10-25
O02274,C0558,P0002,2,2023-11-02
O02275,C0639,P0328,2,2024-04-12
O02276,C0395,P0076,3,2025-03-21
O02277,C0223,P0069,1,2024-09-14
O02278,C0807,P0242,5,2024-08-08
O02279,C0739,P0448,2,2025-06-20
O02280,C0407,P0145,4,2024-05-02
O02281,C0213,P0321,2,2023-10-02
O02282,C0046,P0378,5,2024-10-23
O02283,C0257,P0482,4,2023-12-12
O02284,C0447,P0417,5,2024-01-10
O02285,C0830,P0558,3,2024-12-13
O02286,C0920,P0488,3,2024-05-15
O02287,C0490,P0373,2,2025-02-20
O02288,C0587,P0551,4,2025-08-18
O02289,C0058,P0498,5,2025-09-14
O02290,C0255,P0402,5,2024-08-18
O02291,C0239,P0529,1,2023-12-16
O02292,C0919,P0646,3,2025-01-27
O02293,C0517,P0063,4,2025-04-08
O02294,C0099,P0516,1,2024-04-28
O02295,C0858,P0704,5,2024-02-21
O02296,C0336,P0194,3,2025-01-24
O02297,C0555,P0663,2,2025-01-06
O02298,C0831,P0588,5,2025-02-02
O02299,C0776,P0106,3,2025-01-07
O02300,C0295,P0085,3,2024-08-25
O02301,C0561,P0172,4,2024-09-05
O02302,C0275,P0421,3,2023-10-21
O02303,C0258,P0153,2,2024-10-23
O02304,C0056,P0069,2,2024-03-27
O02305,C0270,P0176,5,2024-08-06
O02306,C0394,P0447,4,2024-02-10
O02307,C0234,P0025,2,2023-12-09
O02308,C0602,P0690,5,2025-05-06
O02309,C0588,P0013,1,2023-09-21
O02310,C0449,P0048,1,2024-06-21
O02311,C0425,P0593,5,2024-09-02
O02312,C0129,P0284,5,2024-02-07
O02313,C0926,P0273,2,2025-04-16
O02314,C0308,P0047,2,2025-01-07
O02315,C0501,P0648,5,2023-09-20
O02316,C0816,P0610,2,2024-09-19
O02317,C0670,P0616,5,2024-10-03
O02318,C0838,P0203,2,2025-08-30
O02319,C0129,P0409,1,2025-08-02
O02320,C0164,P0539,5,2023-12-12
O02321,C0531,P0047,2,2025-09-06
O02322,C0551,P0463,4,2024-05-17
O02323,C0316,P0592,1,2025-03-10
O02324,C0063,P0483,2,2025-02-21
O02325,C0101,P0621,4,2023-10-25
O02326,C0115,P0395,5,2025-07-01
O02327,C0869,P0441,5,2023-10-25
O02328,C0417,P0442,4,2023-12-23
O02329,C0254,P0572,3,2024-05-10
O02330,C0830,P0671,5,2023-10-26
O02331,C0326,P0614,4,2025-03-26
O02332,C0666,P0069,2,2023-10-05
O02333,C0081,P0075,3,2023-12-19
O02334,C0690,P0075,2,2025-05-16
O02335,C0799,P0620,1,2024-08-22
O02336,C0041,P0009,2,2023-11-13
O02337,C0896,P0274,5,2023-12-10
O02338,C0017,P0529,2,2024-12-27
O02339,C0715,P0088,3,2024-01-18
O02340,C0005,P0485,5,2025-08-07
O02341,C0503,P0013,4,2024-01-06
O02342,C0737,P0214,2,2023-11-24
O02343,C0855,P0564,1,2023-10-29
O02344,C0296,P0115,4,2025-07-25
O02345,C0377,P0344,4,2025-08-26
O02346,C0842,P0080,1,2024-10-07
O02347,C0893,P0696,1,2023-12-04
O02348,C0355,P0637,5,2024-09-01
O02349,C0357,P0491,1,2025-02-25
O02350,C0345,P0188,4,2024-11-17
O02351,C0579,P0123,4,2025-07-16
O02352,C0589,P0486,4,2025-06-20
O02353,C0745,P0147,1,2023-11-11
O02354,C0214,P0039,2,2024-06-30
O02355,C0641,P0415,3,2023-11-06
O02356,C0469,P0494,2,2024-11-11
O02357,C0756,P0541,3,2025-01-31
O02358,C0826,P0279,4,2024-08-06
O02359,C0757,P0674,3,2025-04-17
O02360,C0425,P0537,3,2025-06-13
O02361,C0261,P0148,1,2023-11-19
O02362,C0774,P0303,5,2024-05-30
O02363,C0808,P0066,4,2024-02-09
O02364,C0284,P0460,3,2024-05-12
O02365,C0636,P0236,3,2025-03-14
O02366,C0509,P0074,2,2024-12-14
O02367,C0838,P0362,1,2024-10-16
O02368,C0760,P0090,5,2024-03-10
O02369,C0881,P0411,1,2025-04-23
O02370,C0082,P0303,5,2024-02-20
O02371,C0912,P0527,2,2024-06-08
O02372,C0252,P0632,1,2024-06-30
O02373,C0758,P0702,4,2025-03-23
O02374,C0289,P0289,3,2024-05-29
O02375,C0832,P0363,1,2023-11-26
O02376,C0047,P0591,3,2024-10-31
O02377,C0071,P0277,3,2025-05-12
O02378,C0673,P0418,5,2024-03-02
O02379,C0003,P0321,2,2024-01-29
O02380,C0780,P0409,5,2025-06-07
O02381,C0720,P0672,1,2023-11-08
O02382,C0920,P0492,4,2025-02-03
O02383,C0879,P0604,5,2025-09-14
O02384,C0791,P0058,5,2024-10-17
O02385,C0499,P0487,2,2025-07-03
O02386,C0479,P0615,5,2025-08-15
O02387,C0820,P0135,2,2024-06-13
O02388,C0611,P0445,5,2023-11-05
O02389,C0643,P0584,5,2024-02-21
O02390,C0805,P0698,5,2024-03-20
O02391,C0272,P0652,2,2025-03-17
O02392,C0415,P0057,1,2024-01-31
O02393,C0817,P0372,3,2025-08-31
O02394,C0803,P0237,3,2024-12-19
O02395,C0826,P0397,5,2024-12-27
O02396,C0240,P0660,1,2025-06-12
O02397,C0339,P0174,2,2024-05-13
O02398,C0403,P0688,5,2024-11-01
O02399,C0385,P0628,4,2024-03-13
O02400,C0916,P0058,3,2023-12-01
O02401,C0514,P0422,4,2023-09-18
O02402,C0520,P0527,3,2024-03-11
O02403,C0005,P0450,3,2024-03-17
O02404,C0497,P0273,1,2025-03-09
O02405,C0316,P0374,2,2023-10-27
O02406,C0112,P0699,5,2024-01-26
O02407,C0690,P0280,3,2024-03-10
O02408,C0718,P0158,5,2024-10-02
O02409,C0425,P0435,3,2023-09-25
O02410,C0627,P0231,2,2025-08-01
O02411,C0841,P0667,4,2023-10-07
O02412,C0862,P0464,4,2024-10-31
O02413,C0863,P0438,2,2024-04-02
O02414,C0495,P0599,4,2023-11-02
O02415,C0877,P0224,3,2024-06-01
O02416,C0441,P0426,5,2024-06-28
O02417,C0743,P0235,1,2025-05-26
O02418,C0446,P0512,5,2024-09-17
O02419,C0196,P0196,2,2024-02-22
O02420,C0207,P0576,5,2024-02-08
O02421,C0533,P0103,4,2024-06-17
O02422,C0560,P0477,4,2025-04-04
O02423,C0767,P0297,2,2024-08-08
O02424,C0650,P0427,5,2023-10-10
O02425,C0318,P0554,4,2023-10-06
O02426,C0609,P0156,5,2024-12-07
O02427,C0516,P0114,2,2024-09-04
O02428,C0632,P0284,2,2024-09-18
O02429,C0190,P0639,1,2024-05-29
O02430,C0514,P0484,3,2024-02-09
O02431,C0348,P0525,1,2025-07-05
O02432,C0135,P0209,2,2025-01-27
O02433,C0760,P0251,1,2024-12-14
O02434,C0484,P0096,2,2025-04-03
O02435,C0551,P0255,1,2024-06-14
O02436,C0062,P0397,4,2024-01-02
O02437,C0462,P0540,4,2023-11-25
O02438,C0513,P0145,1,2025-05-15
O02439,C0648,P0371,2,2024-08-15
O02440,C0508,P0217,1,2024-05-23
O02441,C0342,P0473,5,2024-06-08
O02442,C0098,P0229,1,2025-08-22
O02443,C0527,P0327,4,2024-03-17
O02444,C0666,P0111,5,2023-12-14
O02445,C0905,P0005,2,2025-06-20
O02446,C0176,P0168,3,2025-05-29
O02447,C0280,P0136,3,2024-06-28
O02448,C0274,P0576,3,2024-04-09
O02449,C0606,P0048,2,2025-01-20
O02450,C0741,P0260,5,2024-09-30
O02451,C0713,P0630,4,2024-12-15
O02452,C0399,P0480,2,2024-04-16
O02453,C0113,P0627,2,2025-03-24
O02454,C0772,P0507,3,2024-05-10
O02455,C0348,P0005,5,2025-04-21
O02456,C0669,P0705,4,2025-08-29
O02457,C0486,P0387,4,2023-12-14
O02458,C0062,P0681,4,2024-03-20
O02459,C0792,P0220,5,2024-12-23
O02460,C0018,P0503,3,2025-08-31
O02461,C0853,P0019,1,2024-12-24
O02462,C0196,P0071,1,2025-05-02
O02463,C0543,P0336,2,2025-01-03
O02464,C0479,P0285,3,2024-05-21
O02465,C0863,P0436,3,2024-02-15
O02466,C0358,P0172,3,2025-04-02
O02467,C0809,P0203,5,2024-01-05
O02468,C0317,P0066,2,2023-11-15
O02469,C0380,P0272,2,2025-05-03
O02470,C0644,P0177,3,2025-06-21
O02471,C0365,P0281,4,2024-07-13
O02472,C0009,P0053,4,2023-11-01
O02473,C0637,P0223,2,2024-04-20
O02474,C0681,P0115,2,2024-10-24
O02475,C0601,P0360,1,2024-03-05
O02476,C0461,P0432,2,2025-05-19
O02477,C0759,P0422,2,2023-10-14
O02478,C0302,P0673,1,2024-03-11
O02479,C0769,P0604,5,2025-08-14
O02480,C0890,P0497,1,2025-03-16
O02481,C0705,P0076,1,2024-07-17
O02482,C0411,P0137,3,2025-05-23
O02483,C0390,P0133,1,2025-04-12
O02484,C0093,P0688,3,2024-10-01
O02485,C0764,P0329,2,2023-11-04
O02486,C0527,P0324,1,2025-06-22
O02487,C0416,P0148,1,2024-01-28
O02488,C0219,P0481,2,2025-01-18
O02489,C0566,P0490,3,2025-04-16
O02490,C0676,P0039,3,2025-03-27
O02491,C0738,P0660,4,2024-12-04
O02492,C0159,P0606,2,2024-08-12
O02493,C0030,P0340,5,2024-06-07
O02494,C0524,P0035,2,2025-06-23
O02495,C0686,P0593,2,2025-08-24
O02496,C0689,P0296,1,2024-05-27
O02497,C0112,P0066,5,2025-03-17
O02498,C0542,P0360,4,2025-02-16
O02499,C0102,P0525,4,2024-03-01
O02500,C0384,P0295,1,2025-03-30
O02501,C0803,P0420,2,2025-08-07
O02502,C0424,P0590,3,2024-10-05
O02503,C0114,P0132,5,2024-10-05
O02504,C0009,P0149,1,2025-03-04
O02505,C0069,P0332,2,2024-12-23
O02506,C0529,P0222,5,2024-10-23
O02507,C0801,P0676,4,2024-11-29
O02508,C0075,P0546,4,2025-08-04
O02509,C0746,P0369,5,2025-07-30
O02510,C0347,P0637,2,2025-01-30
O02511,C0546,P0703,3,2024-12-13
O02512,C0504,P0422,5,2025-05-06
O02513,C0074,P0249,4,2025-08-15
O02514,C0748,P0121,2,2024-06-01
O02515,C0556,P0209,1,2024-04-15
O02516,C0852,P0602,1,2025-09-04
O02517,C0339,P0521,5,2025-06-10
O02518,C0572,P0165,3,2025-04-02
O02519,C0105,P0485,3,2025-08-07
O02520,C0548,P0182,3,2025-03-16
O02521,C0136,P0074,5,2023-12-08
O02522,C0170,P0112,1,2024-08-17
O02523,C0533,P0621,3,2025-06-06
O02524,C0420,P0085,1,2025-02-28
O02525,C0726,P0082,5,2025-02-02
O02526,C0621,P0124,3,2024-08-14
O02527,C0361,P0645,1,2025-08-21
O02528,C0314,P0133,4,2025-08-18
O02529,C0746,P0568,4,2025-02-28
O02530,C0123,P0270,2,2023-10-20
O02531,C0276,P0179,3,2024-07-10
O02532,C0318,P0328,5,2023-12-21
O02533,C0269,P0160,5,2025-08-06
O02534,C0680,P0366,4,2023-11-10
O02535,C0831,P0618,3,2023-12-07
O02536,C0723,P0254,4,2025-08-09
O02537,C0008,P0207,3,2023-11-20
O02538,C0601,P0075,3,2023-11-03
O02539,C0297,P0593,1,2024-11-25
O02540,C0794,P0623,2,2023-10-22
O02541,C0284,P0437,1,2025-09-02
O02542,C0333,P0510,2,2023-10-12
O02543,C0238,P0241,2,2024-05-06
O02544,C0472,P0271,1,2024-03-01
O02545,C0191,P0005,1,2024-10-07
O02546,C0819,P0421,1,2023-10-03
O02547,C0338,P0039,2,2024-12-06
O02548,C0081,P0540,5,2024-11-25
O02549,C0163,P0677,4,2023-10-09
O02550,C0309,P0063,4,2025-02-06
O02551,C0179,P0263,2,2025-08-20
O02552,C0040,P0336,1,2023-09-23
O02553,C0058,P0487,5,2024-08-03
O02554,C0131,P0284,1,2024-05-25
O02555,C0342,P0082,2,2023-10-07
O02556,C0718,P0220,5,2024-01-13
O02557,C0274,P0175,1,2025-09-04
O02558,C0603,P0641,4,2025-02-11
O02559,C0399,P0506,5,2025-04-06
O02560,C0673,P0172,3,2024-09-05
O02561,C0703,P0025,5,2024-07-17
O02562,C0304,P0493,4,2025-09-09
O02563,C0462,P0038,2,2025-03-02
O02564,C0821,P0538,2,2025-01-10
O02565,C0727,P0454,2,2024-05-29
O02566,C0890,P0377,2,2024-03-11
O02567,C0422,P0170,4,2023-12-10
O02568,C0751,P0120,5,2025-07-31
O02569,C0780,P0437,3,2025-05-09
O02570,C0357,P0224,2,2024-01-09
O02571,C0117,P0587,1,2023-10-10
O02572,C0890,P0334,5,2025-04-02
O02573,C0598,P0137,2,2025-06-26
O02574,C0404,P0615,5,2024-09-25
O02575,C0289,P0147,1,2025-09-01
O02576,C0888,P0613,4,2025-03-18
O02577,C0498,P0059,4,2024-08-30
O02578,C0083,P0289,2,2024-08-07
O02579,C0055,P0252,2,2023-10-04
O02580,C0834,P0210,4,2024-11-26
O02581,C0386,P0322,1,2024-02-19
O02582,C0911,P0688,3,2025-06-20
O02583,C0169,P0603,2,2024-06-12
O02584,C0545,P0332,4,2024-04-18
O02585,C0784,P0686,4,2024-11-22
O02586,C0596,P0410,1,2024-05-15
O02587,C0752,P0194,1,2024-06-21
O02588,C0540,P0162,5,2024-01-22
O02589,C0568,P0177,2,2024-12-25
O02590,C0514,P0076,1,2023-09-30
O02591,C0289,P0523,5,2023-12-02
O02592,C0118,P0227,2,2023-11-09
O02593,C0847,P0415,1,2023-10-13
O02594,C0853,P0077,2,2025-01-23
O02595,C0460,P0271,5,2024-05-20
O02596,C0121,P0636,1,2024-08-08
O02597,C0758,P0608,3,2023-10-01
O02598,C0528,P0059,3,2024-11-13
O02599,C0505,P0572,1,2024-11-20
O02600,C0307,P0602,5,2024-01-25
O02601,C0053,P0653,5,2024-04-15
O02602,C0849,P0295,4,2024-10-10
O02603,C0230,P0298,2,2024-01-04
O02604,C0532,P0116,2,2023-12-12
O02605,C0520,P0697,2,2025-07-28
O02606,C0553,P0502,4,2024-08-02
O02607,C0045,P0638,5,2025-06-27
O02608,C0419,P0415,5,2025-01-18
O02609,C0682,P0667,3,2024-10-24
O02610,C0154,P0437,4,2025-03-04
O02611,C0445,P0468,5,2025-02-03
O02612,C0709,P0220,4,2025-05-15
O02613,C0425,P0163,3,2024-04-12
O02614,C0782,P0579,3,2024-02-09
O02615,C0088,P0310,2,2025-05-18
O02616,C0346,P0092,4,2023-11-20
O02617,C0890,P0562,4,2024-02-23
O02618,C0908,P0593,1,2024-10-20
O02619,C0807,P0060,3,2023-09-21
O02620,C0730,P0597,4,2024-08-05
O02621,C0221,P0256,5,2025-05-31
O02622,C0507,P0015,3,2023-11-15
O02623,C0211,P0293,4,2024-04-19
O02624,C0513,P0255,1,2024-01-28
O02625,C0207,P0612,5,2025-03-22
O02626,C0849,P0391,5,2025-02-03
O02627,C0605,P0449,1,2025-02-15
O02628,C0710,P0345,4,2024-07-19
O02629,C0839,P0219,5,2024-08-30
O02630,C0768,P0288,4,2025-01-11
O02631,C0711,P0657,5,2024-07-10
O02632,C0609,P0275,3,2024-08-31
O02633,C0246,P0691,3,2024-01-20
O02634,C0819,P0692,4,2024-12-27
O02635,C0106,P0255,2,2025-02-10
O02636,C0033,P0267,1,2024-06-06
O02637,C0509,P0107,3,2024-01-09
O02638,C0027,P0137,5,2025-04-25
O02639,C0095,P0445,5,2024-11-30
O02640,C0891,P0164,4,2024-03-10
O02641,C0317,P0044,5,2025-08-17
O02642,C0047,P0415,2,2025-06-13
O02643,C0593,P0605,1,2024-12-31
O02644,C0736,P0338,2,2024-03-08
O02645,C0890,P0138,2,2024-05-30
O02646,C0814,P0069,4,2024-03-18
O02647,C0006,P0216,3,2025-09-04
O02648,C0361,P0376,5,2023-11-05
O02649,C0237,P0111,5,2025-04-13
O02650,C0170,P0610,1,2025-06-27
O02651,C0664,P0053,3,2025-01-05
O02652,C0323,P0035,3,2023-12-15
O02653,C0648,P0366,1,2024-06-23
O02654,C0148,P0001,1,2024-03-18
O02655,C0595,P0108,3,2023-12-28
O02656,C0914,P0049,3,2024-03-04
O02657,C0161,P0497,2,2023-10-18
O02658,C0386,P0136,2,2023-10-27
O02659,C0516,P0655,2,2025-07-03
O02660,C0254,P0103,1,2025-01-19
O02661,C0686,P0596,2,2023-10-16
O02662,C0547,P0249,3,2025-01-16
O02663,C0371,P0569,1,2025-03-27
O02664,C0455,P0463,4,2024-02-29
O02665,C0035,P0504,3,2025-01-14
O02666,C0027,P0440,3,2024-04-23
O02667,C0694,P0401,5,2025-09-05
O02668,C0408,P0564,2,2024-09-07
O02669,C0531,P0122,3,2025-07-31
O02670,C0919,P0577,1,2025-06-16
O02671,C0395,P0028,2,2023-12-11
O02672,C0673,P0049,1,2025-09-09
O02673,C0595,P0497,5,2023-12-17
O02674,C0080,P0093,2,2025-04-01
O02675,C0599,P0101,1,2025-08-11
O02676,C0422,P0619,2,2023-11-17
O02677,C0357,P0311,3,2025-06-22
O02678,C0636,P0212,5,2023-11-21
O02679,C0115,P0206,1,2024-10-28
O02680,C0008,P0128,4,2024-08-15
O02681,C0411,P0425,3,2025-08-29
O02682,C0650,P0252,5,2025-07-22
O02683,C0670,P0571,1,2024-11-02
O02684,C0300,P0479,4,2023-11-26
O02685,C0232,P0344,5,2024-09-14
O02686,C0516,P0534,5,2023-10-12
O02687,C0038,P0276,1,2024-05-30
O02688,C0341,P0223,4,2024-01-05
O02689,C0219,P0696,3,2024-12-29
O02690,C0218,P0302,3,2024-04-06
O02691,C0238,P0523,2,2025-01-02
O02692,C0915,P0356,3,2024-02-28
O02693,C0381,P0049,1,2025-04-10
O02694,C0067,P0391,1,2023-09-28
O02695,C0252,P0127,4,2024-01-14
O02696,C0031,P0632,3,2025-03-21
O02697,C0909,P0057,2,2024-07-19
O02698,C0314,P0470,3,2025-06-28
O02699,C0603,P0357,2,2025-09-15
O02700,C0419,P0178,4,2025-03-09
O02701,C0533,P0346,5,2025-08-01
O02702,C0247,P0680,4,2024-11-04
O02703,C0681,P0360,3,2025-01-24
O02704,C0482,P0360,2,2024-07-16
O02705,C0869,P0220,3,2024-02-20
O02706,C0180,P0125,5,2024-04-23
O02707,C0608,P0504,1,2024-06-08
O02708,C0653,P0442,3,2024-04-29
O02709,C0696,P0498,5,2024-05-28
O02710,C0294,P0428,4,2023-10-30
O02711,C0886,P0340,2,2025-04-06
O02712,C0431,P0638,5,2025-01-15
O02713,C0585,P0487,5,2024-12-02
O02714,C0888,P0499,2,2025-04-09
O02715,C0086,P0300,1,2025-04-04
O02716,C0673,P0140,1,2025-07-06
O02717,C0273,P0195,3,2024-11-07
O02718,C0205,P0405,5,2024-02-20
O02719,C0072,P0562,5,2024-06-14
O02720,C0899,P0613,5,2024-06-10
O02721,C0423,P0060,3,2023-09-20
O02722,C0468,P0291,1,2024-11-05
O02723,C0915,P0027,3,2024-05-18
O02724,C0822,P0594,5,2024-07-23
O02725,C0709,P0237,1,2024-08-22
O02726,C0763,P0642,5,2025-04-04
O02727,C0153,P0189,3,2025-06-25
O02728,C0102,P0048,2,2025-06-06
O02729,C0533,P0598,2,2024-03-22
O02730,C0637,P0435,2,2024-03-07
O02731,C0369,P0228,3,2024-06-20
O02732,C0736,P0159,2,2023-11-20
O02733,C0004,P0251,1,2025-08-18
O02734,C0193,P0395,4,2024-12-27
O02735,C0012,P0004,3,2023-11-15
O02736,C0849,P0409,4,2024-07-09
O02737,C0672,P0040,4,2025-04-23
O02738,C0547,P0308,1,2025-03-02
O02739,C0164,P0559,1,2025-06-17
O02740,C0655,P0560,2,2024-03-10
O02741,C0054,P0530,5,2025-08-31
O02742,C0568,P0417,1,2025-04-22
O02743,C0388,P0293,5,2023-12-25
O02744,C0107,P0225,5,2025-03-30
O02745,C0141,P0375,1,2025-04-16
O02746,C0564,P0268,2,2023-11-21
O02747,C0648,P0059,3,2024-12-31
O02748,C0503,P0471,3,2025-08-30
O02749,C0334,P0148,5,2025-09-10
O02750,C0127,P0153,2,2025-06-09
O02751,C0877,P0072,3,2025-08-13
O02752,C0101,P0240,2,2023-12-24
O02753,C0369,P0194,3,2024-11-08
O02754,C0325,P0341,2,2025-05-17
O02755,C0776,P0214,4,2024-08-11
O02756,C0734,P0568,2,2023-11-30
O02757,C0493,P0123,2,2025-06-25
O02758,C0822,P0576,2,2025-07-04
O02759,C0837,P0006,1,2024-01-26
O02760,C0551,P0077,4,2024-08-21
O02761,C0167,P0384,4,2024-11-20
O02762,C0388,P0508,5,2025-03-25
O02763,C0245,P0326,3,2024-01-01
O02764,C0851,P0453,4,2025-02-12
O02765,C0153,P0171,2,2024-05-12
O02766,C0593,P0006,1,2025-03-08
O02767,C0012,P0243,5,2025-09-03
O02768,C0511,P0225,2,2024-11-18
O02769,C0720,P0123,5,2025-02-26
O02770,C0230,P0251,3,2024-09-07
O02771,C0246,P0073,1,2025-03-02
O02772,C0458,P0007,4,2024-03-12
O02773,C0325,P0586,3,2025-07-05
O02774,C0374,P0059,3,2025-01-22
O02775,C0845,P0222,3,2025-07-05
O02776,C0760,P0418,4,2025-08-19
O02777,C0782,P0031,1,2024-06-20
O02778,C0594,P0184,5,2025-05-15
O02779,C0757,P0658,3,2024-08-13
O02780,C0431,P0404,5,2025-01-11
O02781,C0388,P0175,3,2024-04-30
O02782,C0602,P0657,3,2025-08-17
O02783,C0846,P0363,3,2023-11-18
O02784,C0826,P0650,5,2024-11-19
O02785,C0828,P0340,5,2025-03-13
O02786,C0388,P0179,4,2025-06-13
O02787,C0175,P0572,1,2024-07-23
O02788,C0325,P0591,3,2024-04-09
O02789,C0139,P0175,3,2024-02-10
O02790,C0068,P0111,1,2024-06-05
O02791,C0049,P0560,3,2024-12-28
O02792,C0045,P0589,1,2024-12-28
O02793,C0096,P0203,3,2025-08-14
O02794,C0037,P0287,4,2024-11-22
O02795,C0241,P0384,2,2024-12-23
O02796,C0552,P0047,1,2024-11-05
O02797,C0369,P0651,3,2025-08-26
O02798,C0262,P0069,1,2024-04-03
O02799,C0375,P0458,4,2024-03-02
O02800,C0914,P0413,1,2023-12-02
O02801,C0664,P0604,1,2024-02-27
O02802,C0355,P0556,4,2025-09-03
O02803,C0233,P0109,4,2024-04-18
O02804,C0824,P0563,5,2024-11-30
O02805,C0643,P0606,5,2025-07-15
O02806,C0144,P0171,2,2024-04-11
O02807,C0032,P0551,2,2024-03-17
O02808,C0593,P0199,4,2024-03-16
O02809,C0629,P0297,3,2025-02-12
O02810,C0022,P0010,3,2025-08-19
O02811,C0511,P0204,4,2025-07-12
O02812,C0124,P0286,1,2024-10-01
O02813,C0234,P0483,4,2024-02-14
O02814,C0116,P0265,1,2025-06-20
O02815,C0454,P0176,2,2024-06-30
O02816,C0065,P0314,1,2024-06-17
O02817,C0637,P0705,2,2025-06-16
O02818,C0353,P0038,1,2024-02-15
O02819,C0340,P0389,1,2025-02-06
O02820,C0178,P0131,2,2025-08-16
O02821,C0689,P0240,4,2025-08-18
O02822,C0899,P0471,1,2024-10-03
O02823,C0135,P0621,3,2023-10-16
O02824,C0368,P0557,2,2025-03-24
O02825,C0072,P0099,3,2024-10-01
O02826,C0594,P0574,2,2023-12-29
O02827,C0426,P0201,1,2024-04-05
O02828,C0902,P0032,3,2025-03-04
O02829,C0175,P0432,5,2024-08-10
O02830,C0367,P0206,3,2023-10-30
O02831,C0028,P0236,3,2025-02-07
O02832,C0529,P0634,3,2024-09-04
O02833,C0816,P0423,2,2024-01-26
O02834,C0498,P0278,5,2024-12-31
O02835,C0251,P0474,3,2024-06-08
O02836,C0340,P0413,3,2025-08-21
O02837,C0750,P0023,1,2025-07-07
O02838,C0500,P0599,1,2025-09-09
O02839,C0756,P0392,1,2024-12-05
O02840,C0409,P0584,3,2025-05-26
O02841,C0817,P0419,5,2023-10-02
O02842,C0226,P0184,5,2024-02-20
O02843,C0871,P0409,3,2024-04-02
O02844,C0591,P0668,5,2024-11-06
O02845,C0458,P0025,4,2025-05-18
O02846,C0163,P0052,2,2024-01-09
O02847,C0903,P0574,3,2025-09-04
O02848,C0175,P0595,2,2023-10-09
O02849,C0200,P0426,5,2024-04-06
O02850,C0281,P0540,5,2025-06-11
O02851,C0020,P0079,1,2023-10-18
O02852,C0398,P0520,1,2024-02-02
O02853,C0809,P0071,5,2024-05-27
O02854,C0274,P0464,4,2025-03-12
O02855,C0701,P0573,4,2024-09-28
O02856,C0509,P0528,2,2024-01-04
O02857,C0847,P0532,5,2024-07-29
O02858,C0050,P0635,1,2023-11-09
O02859,C0026,P0235,5,2024-03-10
O02860,C0716,P0414,3,2024-03-30
O02861,C0356,P0618,1,2024-09-13
O02862,C0135,P0210,1,2024-01-01
O02863,C0294,P0132,4,2024-03-11
O02864,C0818,P0018,3,2024-02-08
O02865,C0643,P0644,3,2024-11-15
O02866,C0711,P0305,5,2024-01-25
O02867,C0439,P0586,5,2024-01-01
O02868,C0672,P0394,1,2025-07-09
O02869,C0135,P0533,2,2025-03-11
O02870,C0479,P0603,1,2024-01-09
O02871,C0417,P0654,3,2025-06-01
O02872,C0007,P0143,2,2024-10-25
O02873,C0681,P0475,2,2024-05-30
O02874,C0200,P0501,2,2025-02-16
O02875,C0112,P0612,2,2024-08-16
O02876,C0421,P0613,1,2024-12-26
O02877,C0735,P0306,5,2025-06-28
O02878,C0628,P0122,5,2025-04-18
O02879,C0328,P0185,3,2025-09-10
O02880,C0732,P0114,4,2025-02-13
O02881,C0075,P0584,3,2025-08-18
O02882,C0097,P0343,3,2025-03-07
O02883,C0320,P0049,4,2024-07-01
O02884,C0172,P0603,3,2024-02-28
O02885,C0801,P0293,2,2024-06-11
O02886,C0446,P0647,5,2024-09-22
O02887,C0443,P0058,3,2025-09-02
O02888,C0099,P0471,2,2025-06-26
O02889,C0842,P0297,5,2023-10-04
O02890,C0486,P0613,5,2023-11-12
O02891,C0441,P0568,3,2024-07-21
O02892,C0782,P0105,2,2023-10-27
O02893,C0803,P0013,4,2023-10-19
O02894,C0303,P0440,4,2024-09-15
O02895,C0747,P0522,2,2024-05-20
O02896,C0536,P0675,4,2023-10-04
O02897,C0114,P0197,1,2025-08-19
O02898,C0860,P0102,5,2025-09-11
O02899,C0160,P0145,1,2024-04-17
O02900,C0404,P0070,2,2025-07-10
O02901,C0174,P0503,5,2025-05-19
O02902,C0545,P0077,1,2024-03-12
O02903,C0411,P0342,1,2024-11-05
O02904,C0570,P0247,4,2025-09-11
O02905,C0599,P0488,5,2024-08-07
O02906,C0417,P0457,2,2025-06-08
O02907,C0854,P0292,3,2024-11-08
O02908,C0377,P0549,1,2025-09-09
O02909,C0350,P0332,4,2024-01-10
O02910,C0462,P0658,3,2024-08-26
O02911,C0277,P0561,3,2024-10-21
O02912,C0405,P0139,4,2024-04-07
O02913,C0058,P0578,1,2024-12-22
O02914,C0812,P0029,5,2024-11-12
O02915,C0111,P0378,5,2024-01-23
O02916,C0322,P0660,3,2024-08-30
O02917,C0023,P0590,4,2025-04-19
O02918,C0002,P0457,3,2024-08-24
O02919,C0825,P0677,3,2025-06-03
O02920,C0373,P0571,4,2025-07-06
O02921,C0167,P0661,4,2024-11-09
O02922,C0321,P0107,2,2024-04-01
O02923,C0103,P0044,5,2024-03-26
O02924,C0677,P0511,4,2023-11-23
O02925,C0493,P0215,1,2023-11-12
O02926,C0163,P0429,2,2023-12-19
O02927,C0768,P0069,3,2024-02-06
O02928,C0719,P0414,3,2025-07-25
O02929,C0055,P0072,3,2024-12-14
O02930,C0671,P0461,5,2024-08-02
O02931,C0687,P0569,2,2023-12-07
O02932,C0616,P0457,5,2025-03-26
O02933,C0076,P0338,5,2024-10-15
O02934,C0007,P0701,2,2023-10-28
O02935,C0713,P0350,1,2024-11-24
O02936,C0169,P0655,5,2024-06-03
O02937,C0544,P0213,5,2023-09-22
O02938,C0786,P0009,4,2025-02-10
O02939,C0791,P0530,2,2024-06-13
O02940,C0262,P0213,1,2025-04-06
O02941,C0063,P0424,1,2024-10-03
O02942,C0060,P0293,4,2024-07-06
O02943,C0778,P0439,4,2024-04-28
O02944,C0202,P0575,2,2024-01-03
O02945,C0921,P0432,1,2024-08-21
O02946,C0156,P0361,4,2023-09-28
O02947,C0299,P0247,3,2025-02-18
O02948,C0802,P0464,3,2024-04-16
O02949,C0826,P0443,1,2024-05-07
O02950,C0624,P0493,3,2024-07-08
O02951,C0257,P0020,1,2025-01-10
O02952,C0499,P0097,4,2024-09-19
O02953,C0556,P0080,4,2024-04-18
O02954,C0779,P0382,3,2023-10-05
O02955,C0432,P0005,4,2025-03-08
O02956,C0301,P0480,2,2025-04-15
O02957,C0757,P0586,4,2025-02-05
O02958,C0821,P0250,3,2024-08-16
O02959,C0419,P0364,1,2024-08-05
O02960,C0460,P0548,4,2025-06-21
O02961,C0208,P0291,2,2023-12-05
O02962,C0283,P0056,2,2023-09-22
O02963,C0029,P0209,4,2024-07-04
O02964,C0606,P0229,5,2024-07-14
O02965,C0220,P0175,2,2023-12-16
O02966,C0921,P0576,3,2025-08-15
O02967,C0066,P0547,2,2024-08-31
O02968,C0638,P0170,2,2025-04-14
O02969,C0753,P0361,4,2024-03-25
O02970,C0605,P0418,1,2024-05-23
O02971,C0855,P0492,1,2024-06-29
O02972,C0849,P0547,4,2024-05-23
O02973,C0729,P0232,1,2025-02-25
O02974,C0630,P0659,4,2024-01-27
O02975,C0099,P0135,4,2024-02-29
O02976,C0411,P0530,2,2025-05-11
O02977,C0073,P0191,2,2025-02-13
O02978,C0909,P0197,2,2023-10-20
O02979,C0768,P0292,3,2023-10-03
O02980,C0231,P0211,3,2024-04-05
O02981,C0882,P0177,4,2024-05-26
O02982,C0713,P0427,4,2025-06-24
O02983,C0583,P0563,4,2024-02-12
O02984,C0044,P0310,5,2025-05-17
O02985,C0449,P0047,1,2025-02-26
O02986,C0428,P0571,1,2024-05-30
O02987,C0159,P0244,1,2024-09-11
O02988,C0689,P0594,2,2025-07-05
O02989,C0919,P0598,5,2024-05-28
O02990,C0007,P0055,2,2025-07-16
O02991,C0270,P0065,2,2025-08-25
O02992,C0140,P0631,4,2025-04-19
O02993,C0635,P0189,5,2024-08-27
O02994,C0627,P0268,2,2024-05-25
O02995,C0488,P0525,2,2023-12-09
O02996,C0632,P0565,5,2024-03-09
O02997,C0686,P0249,4,2023-11-13
O02998,C0573,P0150,2,2025-02-21
O02999,C0312,P0639,2,2023-11-06
O03000,C0602,P0122,5,2025-04-21
O03001,C0243,P0529,3,2024-05-05
O03002,C0593,P0624,5,2025-01-09
O03003,C0394,P0494,5,2025-06-14
O03004,C0523,P0245,3,2025-03-10
O03005,C0413,P0322,1,2025-01-08
O03006,C0828,P0235,3,2024-10-21
O03007,C0018,P0020,4,2025-09-09
O03008,C0864,P0028,4,2023-11-09
O03009,C0437,P0434,2,2025-06-29
O03010,C0382,P0153,4,2023-10-03
O03011,C0424,P0182,3,2023-10-17
O03012,C0756,P0384,5,2025-02-06
O03013,C0625,P0699,5,2023-10-20
O03014,C0092,P0304,3,2023-10-18
O03015,C0640,P0361,4,2025-01-04
O03016,C0365,P0146,3,2024-10-21
O03017,C0020,P0486,1,2025-07-03
O03018,C0092,P0294,1,2024-09-30
O03019,C0164,P0431,1,2024-08-31
O03020,C0069,P0090,4,2024-11-09
O03021,C0432,P0453,3,2024-08-12
O03022,C0347,P0194,1,2024-11-20
O03023,C0398,P0103,1,2025-07-24
O03024,C0618,P0490,4,2024-12-21
O03025,C0203,P0062,5,2023-10-21
O03026,C0744,P0351,4,2025-03-18
O03027,C0816,P0678,1,2024-01-15
O03028,C0848,P0579,2,2025-05-19
O03029,C0601,P0481,4,2025-07-12
O03030,C0881,P0234,1,2024-11-04
O03031,C0112,P0664,2,2023-12-12
O03032,C0181,P0134,1,2025-07-11
O03033,C0255,P0583,4,2025-09-04
O03034,C0630,P0536,2,2025-08-10
O03035,C0309,P0515,2,2025-03-02
O03036,C0372,P0574,5,2024-07-11
O03037,C0737,P0365,3,2024-04-28
O03038,C0193,P0440,2,2025-08-18
O03039,C0242,P0558,3,2024-11-30
O03040,C0164,P0046,2,2025-07-30
O03041,C0713,P0072,4,2025-05-09
O03042,C0285,P0145,2,2024-08-25
O03043,C0529,P0080,5,2024-05-18
O03044,C0470,P0322,2,2024-01-20
O03045,C0312,P0092,1,2024-06-05
O03046,C0535,P0580,2,2023-12-12
O03047,C0291,P0161,5,2024-02-24
O03048,C0573,P0471,4,2024-11-17
O03049,C0609,P0429,3,2025-03-01
O03050,C0401,P0272,2,2024-10-30
O03051,C0436,P0191,1,2024-03-15
O03052,C0529,P0464,1,2024-03-28
O03053,C0319,P0385,2,2023-11-21
O03054,C0293,P0398,2,2024-10-30
O03055,C0421,P0405,5,2025-09-09
O03056,C0331,P0402,3,2025-03-08
O03057,C0068,P0374,2,2024-11-03
O03058,C0505,P0051,3,2025-06-04
O03059,C0485,P0020,5,2024-01-09
O03060,C0710,P0498,5,2025-04-19
O03061,C0394,P0312,1,2023-10-13
O03062,C0071,P0660,3,2025-04-13
O03063,C0497,P0313,5,2024-05-18
O03064,C0425,P0694,2,2024-02-24
O03065,C0133,P0020,5,2025-08-25
O03066,C0202,P0134,1,2024-12-07
O03067,C0089,P0150,3,2025-07-04
O03068,C0307,P0031,1,2024-07-11
O03069,C0466,P0144,5,2025-06-23
O03070,C0578,P0178,3,2025-01-07
O03071,C0349,P0161,2,2024-09-28
O03072,C0096,P0414,5,2024-07-13
O03073,C0571,P0276,5,2025-04-29
O03074,C0219,P0613,2,2025-02-20
O03075,C0133,P0125,2,2025-03-14
O03076,C0245,P0230,2,2023-11-13
O03077,C0462,P0312,1,2025-04-20
O03078,C0907,P0618,1,2025-02-03
O03079,C0360,P0218,4,2024-06-15
O03080,C0049,P0561,2,2023-11-28
O03081,C0291,P0465,5,2025-08-09
O03082,C0145,P0296,1,2025-09-14
O03083,C0200,P0164,4,2024-01-16
O03084,C0541,P0487,5,2024-10-23
O03085,C0068,P0632,3,2024-09-30
O03086,C0783,P0190,3,2024-09-23
O03087,C0246,P0109,2,2023-09-20
O03088,C0613,P0333,4,2025-06-14
O03089,C0809,P0622,2,2024-01-28
O03090,C0387,P0195,4,2023-10-26
O03091,C0566,P0070,1,2024-05-29
O03092,C0786,P0057,1,2024-07-14
O03093,C0534,P0139,4,2024-03-11
O03094,C0272,P0501,4,2024-05-31
O03095,C0890,P0154,5,2024-06-17
O03096,C0060,P0071,5,2024-03-18
O03097,C0775,P0143,3,2025-03-20
O03098,C0776,P0099,5,2024-07-30
O03099,C0774,P0157,4,2025-02-13
O03100,C0675,P0271,1,2023-10-24
O03101,C0187,P0628,3,2023-12-16
O03102,C0713,P0465,5,2025-02-18
O03103,C0446,P0121,2,2023-11-24
O03104,C0769,P0501,4,2025-05-10
O03105,C0632,P0081,3,2025-02-27
O03106,C0099,P0512,3,2023-11-19
O03107,C0174,P0489,2,2025-06-24
O03108,C0774,P0451,2,2025-06-27
O03109,C0136,P0310,2,2025-06-25
O03110,C0493,P0272,4,2024-04-02
O03111,C0821,P0268,5,2025-02-13
O03112,C0087,P0181,1,2024-08-18
O03113,C0354,P0154,5,2024-12-13
O03114,C0086,P0602,3,2025-08-02
O03115,C0686,P0112,2,2024-01-22
O03116,C0669,P0638,4,2024-12-02
O03117,C0249,P0524,4,2024-01-18
O03118,C0145,P0466,5,2024-06-12
O03119,C0059,P0200,2,2024-07-07
O03120,C0350,P0033,4,2024-10-18
O03121,C0362,P0349,3,2024-11-11
O03122,C0112,P0264,3,2024-04-21
O03123,C0518,P0076,3,2023-09-17
O03124,C0287,P0155,1,2024-09-03
O03125,C0475,P0531,1,2025-06-02
O03126,C0238,P0203,1,2023-12-05
O03127,C0905,P0706,3,2024-02-13
O03128,C0339,P0612,3,2023-09-21
O03129,C0177,P0685,5,2024-11-12
O03130,C0451,P0560,2,2024-08-08
O03131,C0123,P0531,3,2025-09-14
O03132,C0205,P0328,1,2024-05-18
O03133,C0761,P0599,3,2025-03-01
O03134,C0506,P0610,3,2024-02-09
O03135,C0878,P0157,5,2024-04-15
O03136,C0478,P0342,5,2024-05-20
O03137,C0866,P0241,5,2024-10-06
O03138,C0111,P0616,5,2025-08-14
O03139,C0400,P0036,1,2023-10-20
O03140,C0658,P0164,1,2024-11-10
O03141,C0803,P0344,1,2023-10-22
O03142,C0090,P0452,2,2024-12-05
O03143,C0842,P0044,5,2025-01-14
O03144,C0887,P0017,3,2024-12-20
O03145,C0227,P0092,1,2024-08-11
O03146,C0875,P0396,3,2024-08-01
O03147,C0760,P0470,5,2025-06-28
O03148,C0235,P0371,4,2024-04-28
O03149,C0038,P0454,1,2024-09-10
O03150,C0907,P0294,2,2025-05-26
O03151,C0830,P0582,5,2025-06-18
O03152,C0147,P0590,1,2025-02-24
O03153,C0406,P0150,5,2024-07-18
O03154,C0013,P0437,5,2024-12-12
O03155,C0275,P0459,2,2025-09-09
O03156,C0270,P0248,2,2024-03-10
O03157,C0633,P0636,4,2025-01-22
O03158,C0884,P0110,1,2024-10-15
O03159,C0808,P0436,4,2023-10-22
O03160,C0430,P0031,4,2025-03-03
O03161,C0062,P0642,5,2023-10-13
O03162,C0565,P0522,5,2025-03-11
O03163,C0184,P0063,4,2023-11-04
O03164,C0049,P0414,4,2024-04-22
O03165,C0414,P0160,1,2024-07-29
O03166,C0460,P0427,3,2024-11-17
O03167,C0878,P0649,2,2024-02-13
O03168,C0341,P0460,2,2025-03-11
O03169,C0390,P0166,3,2024-04-11
O03170,C0691,P0374,2,2024-11-08
O03171,C0588,P0268,5,2024-10-10
O03172,C0646,P0364,2,2025-08-24
O03173,C0590,P0674,1,2025-05-02
O03174,C0485,P0394,3,2024-02-15
O03175,C0287,P0487,3,2025-08-16
O03176,C0440,P0325,4,2024-12-05
O03177,C0605,P0407,2,2024-05-16
O03178,C0447,P0503,3,2025-06-17
O03179,C0430,P0026,5,2025-06-23
O03180,C0121,P0496,1,2024-07-05
O03181,C0221,P0348,1,2025-07-02
O03182,C0909,P0372,3,2024-01-03
O03183,C0679,P0356,5,2024-02-28
O03184,C0248,P0550,2,2024-03-12
O03185,C0695,P0298,5,2024-12-08
O03186,C0552,P0122,3,2024-02-11
O03187,C0193,P0319,2,2024-08-27
O03188,C0817,P0342,1,2024-05-05
O03189,C0630,P0308,1,2025-05-23
O03190,C0737,P0561,3,2024-09-24
O03191,C0420,P0426,5,2024-02-24
O03192,C0553,P0224,5,2024-09-09
O03193,C0405,P0113,5,2025-09-16
O03194,C0737,P0165,4,2024-07-18
O03195,C0807,P0630,5,2024-03-15
O03196,C0024,P0146,3,2024-09-10
O03197,C0230,P0607,1,2025-08-21
O03198,C0021,P0162,3,2025-01-14
O03199,C0703,P0181,1,2024-06-14
O03200,C0382,P0297,1,2025-06-16
O03201,C0498,P0421,1,2025-03-21
O03202,C0926,P0528,4,2024-06-12
O03203,C0506,P0487,4,2023-10-28
O03204,C0264,P0138,3,2024-04-19
O03205,C0399,P0228,4,2024-09-15
O03206,C0695,P0546,5,2025-04-04
O03207,C0001,P0602,5,2024-06-21
O03208,C0239,P0631,4,2024-08-29
O03209,C0496,P0641,3,2025-09-01
O03210,C0034,P0316,5,2025-04-29
O03211,C0658,P0041,2,2024-08-14
O03212,C0387,P0196,5,2024-10-11
O03213,C0461,P0100,3,2025-05-29
O03214,C0209,P0257,5,2023-11-08
O03215,C0013,P0704,1,2024-05-18
O03216,C0879,P0078,1,2025-02-08
O03217,C0101,P0500,2,2024-02-05
O03218,C0335,P0688,3,2023-09-23
O03219,C0247,P0134,3,2024-04-29
O03220,C0907,P0654,1,2024-12-16
O03221,C0457,P0235,4,2025-06-30
O03222,C0567,P0387,3,2025-05-25
O03223,C0850,P0142,2,2024-07-16
O03224,C0250,P0142,3,2024-05-06
O03225,C0318,P0087,4,2024-02-20
O03226,C0871,P0196,2,2025-04-21
O03227,C0781,P0121,1,2024-04-28
O03228,C0028,P0653,3,2024-10-23
O03229,C0122,P0703,1,2025-09-01
O03230,C0360,P0624,1,2023-10-14
O03231,C0309,P0473,3,2025-07-24
O03232,C0154,P0531,4,2023-10-26
O03233,C0521,P0634,2,2025-06-30
O03234,C0834,P0584,5,2025-06-04
O03235,C0781,P0179,3,2024-10-29
O03236,C0414,P0582,2,2024-11-03
O03237,C0823,P0338,4,2023-11-11
O03238,C0202,P0634,5,2025-01-06
O03239,C0457,P0319,5,2024-12-23
O03240,C0155,P0536,5,2024-06-17
O03241,C0089,P0551,3,2024-01-05
O03242,C0516,P0034,1,2024-01-30
O03243,C0607,P0061,1,2024-04-17
O03244,C0371,P0257,2,2025-02-22
O03245,C0466,P0205,5,2024-12-05
O03246,C0853,P0008,4,2024-08-21
O03247,C0012,P0060,5,2023-10-01
O03248,C0513,P0392,4,2024-10-24
O03249,C0590,P0534,3,2025-07-25
O03250,C0236,P0025,1,2025-03-10
O03251,C0168,P0252,3,2025-06-21
O03252,C0365,P0559,3,2024-06-30
O03253,C0167,P0261,2,2024-06-17
O03254,C0294,P0259,3,2024-05-20
O03255,C0219,P0076,4,2024-08-01
O03256,C0355,P0182,4,2023-09-28
O03257,C0813,P0292,4,2024-12-01
O03258,C0160,P0315,4,2025-09-08
O03259,C0832,P0600,5,2024-03-25
O03260,C0522,P0007,1,2024-05-30
O03261,C0456,P0144,1,2024-02-28
O03262,C0523,P0615,4,2024-07-25
O03263,C0042,P0621,5,2024-06-04
O03264,C0461,P0147,5,2024-06-02
O03265,C0661,P0220,2,2025-07-11
O03266,C0191,P0696,2,2025-01-26
O03267,C0256,P0398,4,2025-04-03
O03268,C0648,P0084,3,2025-08-07
O03269,C0288,P0080,2,2024-04-16
O03270,C0477,P0645,2,2023-09-22
O03271,C0060,P0436,1,2025-02-18
O03272,C0828,P0595,5,2024-01-06
O03273,C0506,P0119,4,2024-04-03
O03274,C0790,P0437,2,2024-08-13
O03275,C0281,P0237,4,2025-05-06
O03276,C0167,P0076,5,2024-12-11
O03277,C0587,P0553,3,2024-10-09
O03278,C0474,P0383,4,2024-12-30
O03279,C0202,P0474,5,2024-09-04
O03280,C0752,P0363,5,2024-12-20
O03281,C0299,P0484,1,2025-08-22
O03282,C0176,P0322,3,2024-06-08
O03283,C0407,P0570,5,2024-03-30
O03284,C0644,P0458,4,2025-01-11
O03285,C0438,P0505,1,2024-09-06
O03286,C0742,P0494,2,2025-09-11
O03287,C0352,P0686,3,2025-04-02
O03288,C0079,P0555,5,2025-05-02
O03289,C0493,P0077,5,2024-01-17
O03290,C0688,P0449,3,2025-04-01
O03291,C0139,P0430,1,2023-10-21
O03292,C0257,P0401,5,2024-12-27
O03293,C0834,P0594,4,2024-08-13
O03294,C0404,P0522,5,2024-05-25
O03295,C0346,P0221,1,2025-05-31
O03296,C0481,P0061,5,2025-06-17
O03297,C0215,P0460,3,2025-04-12
O03298,C0639,P0153,5,2024-10-23
O03299,C0765,P0336,5,2025-03-15
O03300,C0784,P0451,3,2024-07-13
O03301,C0135,P0408,2,2025-07-13
O03302,C0062,P0161,4,2024-09-08
O03303,C0761,P0299,5,2024-07-17
O03304,C0651,P0047,3,2025-07-07
O03305,C0327,P0308,3,2025-05-20
O03306,C0778,P0196,4,2024-01-14
O03307,C0842,P0461,2,2025-05-24
O03308,C0835,P0172,2,2024-09-03
O03309,C0892,P0490,5,2024-06-06
O03310,C0391,P0468,4,2024-09-14
O03311,C0299,P0269,1,2024-10-18
O03312,C0784,P0202,1,2024-11-01
O03313,C0809,P0001,1,2024-07-12
O03314,C0676,P0687,3,2024-11-05
O03315,C0139,P0436,1,2025-08-07
O03316,C0618,P0411,1,2024-06-01
O03317,C0863,P0220,4,2024-01-13
O03318,C0053,P0625,4,2024-04-08
O03319,C0534,P0492,5,2024-04-17
O03320,C0815,P0512,2,2025-02-18
O03321,C0368,P0153,4,2025-01-29
O03322,C0445,P0272,2,2024-03-31
O03323,C0150,P0495,1,2024-10-07
O03324,C0165,P0563,3,2024-12-29
O03325,C0546,P0083,4,2023-12-27
O03326,C0566,P0318,3,2024-01-13
O03327,C0240,P0587,3,2025-03-23
O03328,C0344,P0078,2,2025-07-03
O03329,C0579,P0288,5,2025-06-01
O03330,C0524,P0055,3,2024-06-21
O03331,C0084,P0394,2,2025-07-21
O03332,C0221,P0368,1,2024-07-14
O03333,C0838,P0536,3,2025-09-06
O03334,C0243,P0019,1,2023-12-08
O03335,C0039,P0127,2,2024-06-14
O03336,C0896,P0174,1,2024-02-12
O03337,C0556,P0160,2,2023-12-30
O03338,C0499,P0411,3,2024-06-18
O03339,C0326,P0376,3,2025-07-07
O03340,C0803,P0228,3,2025-02-13
O03341,C0156,P0501,4,2023-09-29
O03342,C0619,P0171,4,2025-07-06
O03343,C0579,P0407,4,2025-04-15
O03344,C0777,P0633,4,2023-10-14
O03345,C0215,P0647,5,2025-08-12
O03346,C0080,P0133,4,2023-12-10
O03347,C0415,P0397,1,2025-04-04
O03348,C0534,P0555,4,2023-12-07
O03349,C0011,P0421,5,2024-01-13
O03350,C0011,P0376,5,2024-04-12
O03351,C0336,P0385,4,2025-01-29
O03352,C0294,P0279,3,2024-08-20
O03353,C0304,P0345,1,2025-02-17
O03354,C0247,P0343,5,2025-08-17
O03355,C0799,P0172,4,2025-08-23
O03356,C0759,P0410,4,2024-03-17
O03357,C0807,P0225,3,2023-09-18
O03358,C0868,P0239,5,2024-04-07
O03359,C0028,P0478,3,2024-06-04
O03360,C0099,P0167,4,2024-06-26
O03361,C0659,P0149,2,2023-11-01
O03362,C0548,P0189,4,2024-08-25
O03363,C0758,P0650,1,2024-11-27
O03364,C0582,P0437,5,2025-07-31
O03365,C0495,P0257,3,2024-03-11
O03366,C0559,P0015,3,2024-05-27
O03367,C0831,P0056,1,2025-07-19
O03368,C0247,P0042,3,2025-07-24
O03369,C0186,P0426,2,2025-01-13
O03370,C0622,P0072,1,2024-04-08
O03371,C0262,P0637,2,2024-05-27
O03372,C0863,P0135,1,2024-07-31
O03373,C0012,P0474,4,2025-08-02
O03374,C0468,P0521,5,2024-07-13
O03375,C0118,P0637,2,2024-05-27
O03376,C0758,P0685,5,2023-12-25
O03377,C0380,P0137,2,2024-12-14
O03378,C0685,P0121,4,2023-09-24
O03379,C0727,P0428,2,2023-12-19
O03380,C0861,P0381,2,2024-04-03
O03381,C0483,P0002,3,2025-04-19
O03382,C0227,P0228,5,2024-05-30
O03383,C0639,P0027,5,2024-03-28
O03384,C0321,P0331,2,2024-06-08
O03385,C0148,P0049,3,2025-03-20
O03386,C0156,P0622,2,2025-03-23
O03387,C0276,P0069,2,2025-05-30
O03388,C0289,P0128,3,2025-07-16
O03389,C0288,P0278,4,2024-11-21
O03390,C0254,P0075,2,2024-07-06
O03391,C0215,P0061,3,2025-07-10
O03392,C0191,P0259,1,2025-06-18
O03393,C0895,P0270,1,2024-08-02
O03394,C0882,P0691,3,2024-10-26
O03395,C0456,P0424,3,2024-10-18
O03396,C0486,P0546,4,2025-04-12
O03397,C0917,P0464,2,2023-12-20
O03398,C0193,P0138,1,2023-09-19
O03399,C0109,P0168,1,2024-12-21
O03400,C0521,P0021,4,2023-11-01
O03401,C0828,P0003,2,2025-04-25
O03402,C0389,P0339,5,2024-04-12
O03403,C0485,P0407,4,2024-04-25
O03404,C0750,P0145,4,2024-08-22
O03405,C0404,P0506,3,2024-10-08
O03406,C0241,P0372,4,2024-03-11
O03407,C0167,P0101,1,2024-08-14
O03408,C0109,P0274,3,2024-04-19
O03409,C0487,P0454,2,2024-03-01
O03410,C0422,P0641,2,2024-07-22
O03411,C0292,P0361,3,2025-08-01
O03412,C0192,P0213,3,2024-05-11
O03413,C0830,P0353,3,2025-04-25
O03414,C0114,P0614,1,2025-04-28
O03415,C0391,P0056,4,2023-12-20
O03416,C0002,P0626,4,2024-01-11
O03417,C0179,P0701,1,2024-02-11
O03418,C0840,P0685,1,2024-06-13
O03419,C0441,P0529,3,2025-04-11
O03420,C0816,P0006,1,2023-10-06
O03421,C0227,P0066,3,2024-11-23
O03422,C0482,P0217,2,2024-08-14
O03423,C0630,P0613,5,2024-06-17
O03424,C0361,P0189,1,2023-12-14
O03425,C0893,P0549,4,2024-02-19
O03426,C0593,P0545,4,2025-09-12
O03427,C0918,P0195,3,2023-11-04
O03428,C0203,P0643,5,2024-09-03
O03429,C0483,P0491,3,2025-08-26
O03430,C0509,P0650,5,2024-11-11
O03431,C0188,P0504,4,2024-08-17
O03432,C0388,P0650,3,2023-09-22
O03433,C0659,P0308,3,2024-01-14
O03434,C0238,P0662,1,2024-06-02
O03435,C0272,P0463,3,2024-08-27
O03436,C0117,P0407,5,2025-04-19
O03437,C0378,P0593,4,2025-01-17
O03438,C0675,P0265,3,2025-05-21
O03439,C0161,P0237,2,2024-07-19
O03440,C0842,P0371,1,2025-01-10
O03441,C0329,P0414,4,2024-04-29
O03442,C0843,P0332,4,2023-12-30
O03443,C0759,P0632,4,2023-11-09
O03444,C0492,P0458,2,2024-10-16
O03445,C0406,P0129,4,2024-01-24
O03446,C0059,P0532,4,2023-09-29
O03447,C0735,P0447,4,2023-10-06
O03448,C0097,P0144,1,2024-10-26
O03449,C0915,P0188,2,2025-06-12
O03450,C0361,P0309,5,2024-05-18
O03451,C0135,P0261,5,2024-10-24
O03452,C0509,P0175,5,2024-09-28
O03453,C0360,P0646,3,2025-08-11
O03454,C0068,P0148,3,2025-06-15
O03455,C0519,P0285,5,2024-09-14
O03456,C0364,P0602,5,2025-01-10
O03457,C0258,P0254,4,2024-12-05
O03458,C0113,P0298,1,2024-01-24
O03459,C0657,P0006,4,2023-11-27
O03460,C0724,P0118,5,2025-09-06
O03461,C0618,P0624,5,2023-12-14
O03462,C0473,P0353,5,2025-06-19
O03463,C0657,P0452,5,2024-03-23
O03464,C0305,P0618,1,2024-07-08
O03465,C0026,P0447,4,2024-02-19
O03466,C0560,P0415,1,2024-07-23
O03467,C0821,P0101,2,2024-09-24
O03468,C0277,P0215,3,2024-03-15
O03469,C0041,P0077,3,2025-07-06
O03470,C0172,P0453,2,2024-10-15
O03471,C0895,P0017,4,2024-10-06
O03472,C0920,P0257,3,2024-02-29
O03473,C0333,P0092,1,2025-07-10
O03474,C0379,P0331,1,2025-01-22
O03475,C0695,P0397,1,2024-08-27
O03476,C0908,P0167,5,2024-06-20
O03477,C0012,P0132,2,2025-06-09
O03478,C0323,P0371,2,2024-09-25
O03479,C0327,P0434,1,2024-09-17
O03480,C0640,P0505,5,2023-11-08
O03481,C0259,P0251,2,2025-03-23
O03482,C0746,P0049,2,2025-02-03
O03483,C0103,P0019,3,2025-06-05
O03484,C0414,P0397,1,2024-08-24
O03485,C0583,P0218,3,2024-07-23
O03486,C0657,P0248,1,2023-09-25
O03487,C0201,P0695,3,2025-09-07
O03488,C0399,P0291,3,2024-10-04
O03489,C0635,P0106,2,2025-01-23
O03490,C0621,P0630,1,2025-04-15
O03491,C0579,P0380,5,2023-12-21
O03492,C0746,P0167,3,2024-06-27
O03493,C0551,P0500,5,2024-02-20
O03494,C0361,P0536,1,2025-02-11
O03495,C0161,P0123,3,2025-01-13
O03496,C0756,P0337,1,2025-01-09
O03497,C0319,P0038,3,2025-02-13
O03498,C0415,P0156,3,2023-11-08
O03499,C0561,P0641,3,2024-09-13
O03500,C0034,P0040,5,2024-06-09
O03501,C0528,P0704,4,2023-11-17
O03502,C0635,P0565,4,2025-08-22
O03503,C0404,P0609,5,2025-02-07
O03504,C0041,P0209,4,2024-05-15
O03505,C0255,P0319,4,2025-08-16
O03506,C0580,P0152,2,2025-09-13
O03507,C0396,P0602,4,2024-04-29
O03508,C0242,P0270,3,2023-10-09
O03509,C0610,P0623,2,2024-04-27
O03510,C0646,P0336,2,2025-03-14
O03511,C0232,P0358,4,2025-04-13
O03512,C0116,P0109,3,2024-11-15
O03513,C0893,P0334,3,2025-03-10
O03514,C0340,P0014,1,2024-04-04
O03515,C0513,P0453,5,2025-02-06
O03516,C0482,P0421,4,2024-05-27
O03517,C0719,P0627,1,2025-06-01
O03518,C0125,P0351,5,2025-02-08
O03519,C0215,P0202,3,2024-12-03
O03520,C0392,P0236,1,2024-04-19
O03521,C0177,P0196,3,2023-12-18
O03522,C0389,P0698,5,2025-02-28
O03523,C0277,P0681,3,2023-12-23
O03524,C0297,P0504,5,2024-07-17
O03525,C0299,P0478,4,2025-04-05
O03526,C0246,P0691,2,2024-11-30
O03527,C0337,P0353,5,2024-04-10
O03528,C0080,P0054,1,2023-09-18
O03529,C0567,P0678,4,2024-07-17
O03530,C0332,P0413,3,2023-09-21
O03531,C0279,P0679,1,2024-04-17
O03532,C0717,P0344,1,2025-01-11
O03533,C0630,P0116,2,2025-07-25
O03534,C0498,P0062,5,2023-11-13
O03535,C0014,P0557,3,2023-12-17
O03536,C0024,P0649,2,2025-05-27
O03537,C0362,P0183,3,2025-07-12
O03538,C0676,P0487,3,2023-11-08
O03539,C0498,P0169,4,2025-03-29
O03540,C0803,P0665,1,2024-07-03
O03541,C0530,P0439,5,2024-04-07
O03542,C0056,P0441,3,2025-06-20
O03543,C0813,P0298,2,2023-12-24
O03544,C0292,P0278,2,2023-12-01
O03545,C0311,P0237,3,2025-05-15
O03546,C0829,P0355,3,2025-01-02
O03547,C0465,P0042,3,2025-06-18
O03548,C0044,P0653,5,2025-06-14
O03549,C0617,P0416,2,2024-11-04
O03550,C0585,P0645,1,2024-09-01
O03551,C0032,P0695,3,2024-02-19
O03552,C0460,P0509,4,2024-09-08
O03553,C0582,P0258,5,2024-08-29
O03554,C0531,P0286,2,2023-11-15
O03555,C0712,P0426,5,2023-11-27
O03556,C0916,P0217,1,2023-12-26
O03557,C0743,P0629,1,2024-01-07
O03558,C0628,P0695,3,2024-08-18
O03559,C0095,P0658,3,2024-11-30
O03560,C0853,P0522,2,2024-01-24
O03561,C0167,P0665,4,2024-01-23
O03562,C0014,P0092,5,2025-05-14
O03563,C0432,P0142,3,2025-06-23
O03564,C0150,P0642,2,2023-10-23
O03565,C0743,P0296,4,2024-02-07
O03566,C0681,P0400,3,2025-04-11
O03567,C0792,P0603,1,2024-01-18
O03568,C0642,P0633,1,2025-09-06
O03569,C0926,P0132,1,2024-12-21
O03570,C0897,P0338,2,2025-04-24
O03571,C0284,P0457,4,2024-10-24
O03572,C0463,P0685,4,2025-04-06
O03573,C0048,P0505,3,2024-07-09
O03574,C0653,P0135,2,2025-08-03
O03575,C0723,P0270,3,2024-09-12
O03576,C0130,P0560,5,2023-10-20
O03577,C0540,P0004,5,2025-02-10
O03578,C0574,P0368,3,2023-12-31
O03579,C0634,P0044,4,2024-10-16
O03580,C0895,P0273,1,2024-03-23
O03581,C0682,P0479,3,2025-06-07
O03582,C0059,P0452,3,2024-09-21
O03583,C0124,P0122,2,2025-01-09
O03584,C0558,P0278,2,2023-10-04
O03585,C0625,P0051,3,2024-02-27
O03586,C0392,P0702,2,2025-07-19
O03587,C0860,P0363,4,2025-02-16
O03588,C0862,P0376,4,2025-07-07
O03589,C0710,P0496,1,2024-08-18
O03590,C0856,P0390,1,2024-07-03
O03591,C0087,P0687,3,2024-11-05
O03592,C0662,P0377,5,2025-06-16
O03593,C0923,P0610,2,2025-05-30
O03594,C0011,P0266,3,2024-04-26
O03595,C0560,P0090,4,2024-09-14
O03596,C0368,P0216,4,2024-10-03
O03597,C0258,P0349,1,2024-12-19
O03598,C0129,P0138,3,2024-06-27
O03599,C0072,P0622,1,2024-03-12
O03600,C0637,P0700,4,2025-08-18
O03601,C0895,P0153,1,2024-07-23
O03602,C0293,P0060,5,2024-10-14
O03603,C0352,P0351,3,2025-09-02
O03604,C0570,P0252,5,2023-12-03
O03605,C0647,P0382,3,2024-07-27
O03606,C0906,P0130,1,2025-08-31
O03607,C0594,P0221,2,2024-02-19
O03608,C0480,P0694,1,2024-03-15
O03609,C0894,P0261,3,2025-08-16
O03610,C0787,P0440,1,2024-07-16
O03611,C0762,P0468,2,2025-09-07
O03612,C0855,P0574,2,2025-02-15
O03613,C0323,P0074,2,2023-12-24
O03614,C0059,P0664,1,2023-10-04
O03615,C0334,P0285,1,2025-06-20
O03616,C0685,P0092,4,2024-05-11
O03617,C0297,P0261,2,2025-08-11
O03618,C0286,P0516,5,2024-04-22
O03619,C0203,P0031,4,2024-04-30
O03620,C0867,P0353,5,2025-03-05
O03621,C0262,P0336,4,2025-03-26
O03622,C0664,P0511,5,2023-12-28
O03623,C0672,P0524,1,2024-10-28
O03624,C0492,P0106,1,2024-06-08
O03625,C0334,P0125,1,2023-12-26
O03626,C0828,P0340,2,2025-01-05
O03627,C0268,P0447,5,2024-05-11
O03628,C0764,P0415,4,2024-10-02
O03629,C0520,P0246,3,2025-05-17
O03630,C0426,P0674,4,2025-02-28
O03631,C0008,P0173,2,2024-09-12
O03632,C0624,P0416,4,2023-10-31
O03633,C0646,P0075,1,2023-10-20
O03634,C0617,P0596,3,2025-01-31
O03635,C0373,P0572,1,2024-08-09
O03636,C0093,P0502,4,2024-08-15
O03637,C0499,P0206,3,2025-01-03
O03638,C0495,P0069,5,2025-02-18
O03639,C0848,P0559,5,2024-11-26
O03640,C0489,P0502,4,2024-11-23
O03641,C0280,P0623,5,2024-02-04
O03642,C0120,P0038,1,2024-09-22
O03643,C0176,P0126,3,2025-05-13
O03644,C0221,P0551,3,2024-01-22
O03645,C0375,P0704,4,2024-03-22
O03646,C0709,P0138,5,2025-06-29
O03647,C0173,P0600,1,2024-10-08
O03648,C0896,P0267,2,2024-10-27
O03649,C0859,P0085,2,2025-09-02
O03650,C0149,P0612,2,2023-12-30
O03651,C0217,P0666,5,2023-12-04
O03652,C0490,P0637,3,2025-08-04
O03653,C0566,P0056,5,2025-04-29
O03654,C0363,P0143,3,2023-09-21
O03655,C0816,P0689,2,2024-07-19
O03656,C0649,P0412,1,2024-05-18
O03657,C0796,P0392,4,2024-07-20
O03658,C0477,P0239,1,2024-10-26
O03659,C0361,P0064,1,2024-08-14
O03660,C0367,P0149,1,2025-04-04
O03661,C0529,P0499,1,2024-04-13
O03662,C0696,P0474,3,2024-01-16
O03663,C0133,P0356,5,2025-08-15
O03664,C0390,P0613,3,2025-06-19
O03665,C0219,P0369,1,2024-06-27
O03666,C0349,P0038,2,2024-11-30
O03667,C0500,P0698,5,2024-11-22
O03668,C0754,P0642,5,2023-11-10
O03669,C0509,P0007,4,2024-10-11
O03670,C0240,P0079,1,2024-01-08
O03671,C0069,P0361,5,2023-10-28
O03672,C0318,P0441,5,2023-10-06
O03673,C0312,P0582,5,2024-11-30
O03674,C0206,P0021,4,2024-03-29
O03675,C0777,P0382,1,2024-08-23
O03676,C0733,P0128,5,2024-08-28
O03677,C0420,P0315,2,2024-01-17
O03678,C0282,P0246,2,2024-01-09
O03679,C0494,P0452,4,2024-04-13
O03680,C0420,P0174,3,2025-08-29
O03681,C0313,P0538,4,2023-10-09
O03682,C0545,P0217,1,2024-02-27
O03683,C0302,P0453,3,2023-11-14
O03684,C0671,P0678,1,2025-07-27
O03685,C0731,P0529,1,2024-03-23
O03686,C0479,P0215,4,2024-09-05
O03687,C0031,P0681,4,2025-04-21
O03688,C0205,P0357,4,2024-02-01
O03689,C0471,P0675,4,2024-07-23
O03690,C0303,P0184,2,2025-01-22
O03691,C0128,P0595,3,2024-09-20
O03692,C0877,P0397,5,2025-08-06
O03693,C0869,P0051,5,2025-03-24
O03694,C0545,P0387,2,2025-06-13
O03695,C0551,P0555,4,2025-09-06
O03696,C0507,P0185,1,2025-01-12
O03697,C0747,P0362,1,2024-01-19
O03698,C0758,P0187,5,2024-03-20
O03699,C0085,P0202,1,2023-12-16
O03700,C0252,P0441,3,2024-11-03
O03701,C0724,P0439,3,2025-07-28
O03702,C0796,P0587,2,2025-05-29
O03703,C0312,P0501,4,2024-06-22
O03704,C0423,P0602,3,2024-12-02
O03705,C0375,P0487,2,2024-03-31
O03706,C0418,P0670,5,2025-06-14
O03707,C0853,P0420,3,2024-04-20
O03708,C0011,P0411,1,2023-12-14
O03709,C0283,P0654,5,2025-02-12
O03710,C0773,P0161,2,2024-05-21
O03711,C0632,P0136,3,2023-11-13
O03712,C0607,P0612,4,2023-12-15
O03713,C0273,P0257,3,2025-01-02
O03714,C0196,P0022,4,2025-03-29
O03715,C0510,P0569,3,2024-04-06
O03716,C0502,P0394,1,2025-02-09
O03717,C0825,P0133,5,2024-09-17
O03718,C0063,P0477,5,2024-05-10
O03719,C0747,P0119,4,2024-08-10
O03720,C0121,P0057,2,2024-06-10
O03721,C0688,P0277,1,2024-01-21
O03722,C0439,P0118,3,2023-12-10
O03723,C0799,P0015,2,2025-01-13
O03724,C0919,P0434,2,2023-11-20
O03725,C0360,P0521,1,2024-01-05
O03726,C0683,P0160,5,2024-10-11
O03727,C0197,P0352,5,2024-03-30
O03728,C0464,P0347,5,2024-04-13
O03729,C0410,P0284,4,2024-10-02
O03730,C0704,P0232,2,2025-03-04
O03731,C0700,P0003,3,2024-08-12
O03732,C0219,P0136,3,2023-11-02
O03733,C0542,P0239,5,2025-04-15
O03734,C0011,P0677,2,2025-03-05
O03735,C0605,P0110,4,2024-11-18
O03736,C0778,P0653,3,2025-01-03
O03737,C0264,P0576,5,2024-10-16
O03738,C0729,P0308,4,2025-01-27
O03739,C0499,P0658,4,2025-06-22
O03740,C0539,P0690,3,2024-05-26
O03741,C0649,P0354,2,2024-08-29
O03742,C0899,P0471,3,2024-09-25
O03743,C0689,P0122,3,2025-03-23
O03744,C0153,P0002,2,2024-01-09
O03745,C0108,P0089,5,2024-02-10
O03746,C0776,P0386,1,2024-11-12
O03747,C0632,P0069,4,2025-08-25
O03748,C0398,P0124,3,2023-11-02
O03749,C0403,P0120,1,2025-04-09
O03750,C0412,P0616,3,2025-04-30
O03751,C0354,P0231,4,2025-03-17
O03752,C0828,P0449,4,2025-07-09
O03753,C0047,P0307,2,2025-09-12
O03754,C0216,P0188,3,2025-06-03
O03755,C0826,P0130,4,2023-12-10
O03756,C0736,P0061,3,2025-03-26
O03757,C0045,P0290,3,2023-11-30
O03758,C0882,P0637,1,2025-04-06
O03759,C0176,P0690,5,2023-12-24
O03760,C0748,P0364,2,2024-05-04
O03761,C0742,P0091,5,2025-05-06
O03762,C0096,P0067,3,2025-02-25
O03763,C0415,P0208,5,2025-05-17
O03764,C0439,P0661,5,2025-04-08
O03765,C0677,P0332,5,2025-07-28
O03766,C0738,P0112,3,2025-02-04
O03767,C0227,P0562,4,2025-06-01
O03768,C0421,P0351,5,2024-10-09
O03769,C0643,P0395,1,2024-02-17
O03770,C0734,P0462,5,2025-06-30
O03771,C0215,P0135,2,2024-07-18
O03772,C0634,P0357,1,2023-09-18
O03773,C0800,P0482,4,2025-06-12
O03774,C0442,P0414,5,2024-12-12
O03775,C0605,P0448,1,2025-02-11
O03776,C0062,P0549,3,2025-05-17
O03777,C0627,P0226,5,2025-07-20
O03778,C0366,P0666,2,2025-08-09
O03779,C0045,P0503,4,2023-11-27
O03780,C0261,P0097,5,2024-11-04
O03781,C0599,P0127,2,2024-04-12
O03782,C0814,P0540,5,2025-08-30
O03783,C0563,P0578,3,2025-03-30
O03784,C0778,P0172,5,2024-05-19
O03785,C0661,P0213,4,2024-04-03
O03786,C0207,P0530,2,2023-11-29
O03787,C0421,P0493,4,2024-10-03
O03788,C0643,P0195,4,2024-11-28
O03789,C0387,P0051,4,2024-03-14
O03790,C0891,P0344,5,2024-10-21
O03791,C0795,P0262,4,2024-10-18
O03792,C0079,P0704,1,2024-10-31
O03793,C0075,P0293,5,2025-09-14
O03794,C0812,P0300,1,2024-10-04
O03795,C0754,P0424,2,2024-01-06
O03796,C0316,P0199,1,2023-09-25
O03797,C0770,P0098,2,2024-12-02
O03798,C0503,P0114,1,2025-02-26
O03799,C0925,P0668,4,2024-11-20
O03800,C0407,P0084,3,2025-03-05
O03801,C0120,P0707,5,2024-03-04
O03802,C0906,P0189,4,2024-06-16
O03803,C0882,P0020,3,2025-03-16
O03804,C0313,P0631,3,2025-02-14
O03805,C0504,P0354,4,2025-08-19
O03806,C0877,P0411,3,2024-09-14
O03807,C0290,P0336,5,2024-02-17
O03808,C0142,P0570,1,2024-07-30
O03809,C0582,P0473,5,2025-01-30
O03810,C0857,P0624,4,2024-02-18
O03811,C0590,P0086,5,2024-05-13
O03812,C0510,P0389,3,2025-09-10
O03813,C0859,P0482,4,2024-07-29
O03814,C0511,P0012,4,2025-08-07
O03815,C0800,P0649,1,2023-10-01
O03816,C0160,P0634,2,2024-05-17
O03817,C0077,P0450,3,2025-06-01
O03818,C0362,P0283,5,2024-08-13
O03819,C0526,P0111,5,2025-06-16
O03820,C0339,P0281,3,2025-08-25
O03821,C0287,P0265,1,2023-11-11
O03822,C0653,P0170,3,2025-01-10
O03823,C0159,P0516,5,2024-06-13
O03824,C0196,P0433,1,2025-07-13
O03825,C0313,P0306,4,2024-05-03
O03826,C0037,P0673,2,2023-12-04
O03827,C0843,P0309,2,2023-11-15
O03828,C0566,P0435,3,2024-11-28
O03829,C0874,P0466,2,2024-09-21
O03830,C0811,P0028,5,2025-04-21
O03831,C0256,P0536,5,2024-11-10
O03832,C0317,P0210,1,2024-01-31
O03833,C0614,P0680,4,2023-12-27
O03834,C0645,P0649,2,2024-06-27
O03835,C0528,P0701,2,2023-09-19
O03836,C0146,P0385,4,2024-11-04
O03837,C0839,P0291,2,2024-01-07
O03838,C0453,P0516,1,2025-04-24
O03839,C0049,P0688,5,2024-03-13
O03840,C0823,P0466,5,2025-05-07
O03841,C0638,P0600,3,2024-03-08
O03842,C0428,P0287,5,2024-06-14
O03843,C0539,P0289,5,2025-02-25
O03844,C0606,P0258,5,2024-09-27
O03845,C0206,P0423,1,2025-03-12
O03846,C0286,P0277,3,2025-09-02
O03847,C0671,P0337,5,2024-01-25
O03848,C0179,P0666,3,2024-12-11
O03849,C0649,P0467,4,2025-02-06
O03850,C0465,P0084,2,2025-06-25
O03851,C0906,P0578,4,2024-04-10
O03852,C0343,P0651,1,2023-10-18
O03853,C0775,P0239,1,2024-03-01
O03854,C0024,P0314,4,2023-10-13
O03855,C0650,P0567,1,2024-09-22
O03856,C0921,P0655,3,2025-01-01
O03857,C0744,P0062,1,2025-04-28
O03858,C0145,P0068,2,2024-01-22
O03859,C0714,P0579,4,2024-12-15
O03860,C0746,P0271,2,2024-09-12
O03861,C0116,P0179,1,2025-08-01
O03862,C0151,P0663,3,2024-08-04
O03863,C0418,P0536,4,2025-01-06
O03864,C0796,P0534,3,2025-08-09
O03865,C0121,P0558,4,2025-06-25
O03866,C0334,P0059,1,2025-02-20
O03867,C0013,P0363,4,2023-12-29
O03868,C0215,P0388,5,2025-03-06
O03869,C0276,P0220,1,2023-10-16
O03870,C0485,P0319,3,2024-06-22
O03871,C0036,P0479,1,2023-12-15
O03872,C0154,P0414,3,2024-11-24
O03873,C0686,P0427,4,2025-03-22
O03874,C0861,P0131,4,2024-08-20
O03875,C0636,P0704,2,2024-03-14
O03876,C0747,P0366,5,2024-05-21
O03877,C0419,P0198,4,2025-05-02
O03878,C0792,P0634,4,2025-03-19
O03879,C0451,P0586,3,2024-08-07
O03880,C0242,P0202,1,2024-01-21
O03881,C0646,P0470,4,2025-05-18
O03882,C0066,P0465,1,2024-01-22
O03883,C0553,P0566,1,2025-08-19
O03884,C0703,P0275,3,2024-11-08
O03885,C0257,P0155,4,2025-03-29
O03886,C0701,P0569,1,2025-08-29
O03887,C0889,P0340,3,2025-08-24
O03888,C0122,P0366,5,2025-03-01
O03889,C0280,P0579,1,2025-06-28
O03890,C0398,P0482,1,2024-04-23
O03891,C0698,P0427,5,2024-11-04
O03892,C0773,P0360,5,2025-07-07
O03893,C0467,P0034,3,2025-01-23
O03894,C0397,P0225,5,2025-02-15
O03895,C0423,P0685,5,2023-12-21
O03896,C0833,P0372,5,2025-02-14
O03897,C0186,P0407,5,2025-07-21
O03898,C0874,P0020,4,2024-03-14
O03899,C0787,P0610,2,2023-11-25
O03900,C0410,P0675,5,2024-06-15
O03901,C0633,P0001,2,2025-02-15
O03902,C0497,P0522,3,2023-12-17
O03903,C0059,P0237,3,2024-03-25
O03904,C0236,P0304,3,2024-10-06
O03905,C0044,P0682,3,2024-04-04
O03906,C0731,P0517,5,2024-01-02
O03907,C0574,P0435,4,2024-10-13
O03908,C0345,P0003,3,2024-06-07
O03909,C0098,P0603,1,2023-12-18
O03910,C0108,P0051,4,2024-10-18
O03911,C0905,P0172,5,2024-04-30
O03912,C0559,P0205,4,2024-04-02
O03913,C0309,P0169,5,2025-03-27
O03914,C0279,P0635,5,2024-07-30
O03915,C0812,P0680,1,2024-07-07
O03916,C0548,P0129,3,2024-12-19
O03917,C0084,P0518,3,2025-08-30
O03918,C0052,P0641,3,2024-03-18
O03919,C0399,P0029,2,2024-12-23
O03920,C0665,P0033,3,2025-02-11
O03921,C0184,P0170,4,2024-04-06
O03922,C0781,P0345,3,2025-05-18
O03923,C0270,P0392,2,2023-09-29
O03924,C0389,P0039,5,2023-10-01
O03925,C0674,P0085,1,2025-07-18
O03926,C0528,P0398,2,2025-07-29
O03927,C0247,P0112,2,2024-09-03
O03928,C0593,P0356,2,2024-12-22
O03929,C0352,P0623,2,2023-10-10
O03930,C0089,P0340,3,2025-01-30
O03931,C0497,P0584,3,2024-06-17
O03932,C0825,P0144,2,2025-02-25
O03933,C0685,P0043,1,2024-01-09
O03934,C0448,P0491,5,2024-01-15
O03935,C0456,P0140,5,2025-07-02
O03936,C0228,P0153,5,2024-02-26
O03937,C0705,P0687,4,2024-08-07
O03938,C0439,P0208,4,2024-10-29
O03939,C0381,P0328,1,2024-08-24
O03940,C0272,P0463,5,2024-09-06
O03941,C0378,P0669,4,2024-01-31
O03942,C0294,P0136,1,2024-04-05
O03943,C0907,P0345,3,2025-06-29
O03944,C0754,P0510,3,2024-03-16
O03945,C0850,P0140,5,2024-10-11
O03946,C0415,P0645,1,2024-12-29
O03947,C0220,P0209,5,2024-06-26
O03948,C0177,P0232,5,2025-06-18
O03949,C0554,P0624,1,2024-10-24
O03950,C0480,P0059,5,2025-04-02
O03951,C0494,P0483,4,2024-09-03
O03952,C0877,P0353,2,2024-04-02
O03953,C0543,P0034,4,2024-12-18
O03954,C0435,P0614,5,2024-08-29
O03955,C0786,P0143,3,2024-12-30
O03956,C0459,P0184,4,2023-10-18
O03957,C0440,P0498,1,2025-07-04
O03958,C0172,P0007,3,2025-01-23
O03959,C0915,P0169,1,2024-12-27
O03960,C0393,P0219,4,2023-12-26
O03961,C0506,P0298,4,2024-12-14
O03962,C0133,P0063,1,2024-03-28
O03963,C0671,P0617,5,2025-04-16
O03964,C0450,P0463,2,2024-01-12
O03965,C0821,P0554,5,2024-04-26
O03966,C0238,P0702,2,2023-10-22
O03967,C0872,P0513,5,2023-10-21
O03968,C0565,P0381,3,2025-09-16
O03969,C0351,P0524,4,2024-01-18
O03970,C0672,P0587,5,2025-09-13
O03971,C0909,P0142,3,2024-11-15
O03972,C0509,P0433,2,2024-06-27
O03973,C0908,P0683,3,2024-01-25
O03974,C0077,P0103,2,2025-03-10
O03975,C0854,P0528,5,2025-08-13
O03976,C0361,P0358,5,2024-05-16
O03977,C0777,P0063,5,2023-12-05
O03978,C0192,P0569,4,2024-08-07
O03979,C0188,P0657,1,2024-06-19
O03980,C0103,P0628,5,2024-02-05
O03981,C0648,P0213,2,2023-10-04
O03982,C0103,P0333,1,2025-02-08
O03983,C0245,P0166,5,2023-11-23
O03984,C0192,P0144,1,2024-04-06
O03985,C0335,P0059,3,2025-03-21
O03986,C0574,P0040,2,2025-02-11
O03987,C0075,P0534,1,2024-07-17
O03988,C0467,P0645,1,2023-12-05
O03989,C0661,P0585,4,2024-12-24
O03990,C0431,P0207,4,2024-04-19
O03991,C0353,P0136,4,2023-10-30
O03992,C0750,P0445,1,2024-01-15
O03993,C0828,P0577,5,2025-04-17
O03994,C0324,P0527,1,2024-12-15
O03995,C0628,P0253,4,2023-10-09
O03996,C0892,P0533,5,2023-12-22
O03997,C0040,P0170,5,2024-11-26
O03998,C0246,P0560,4,2025-03-08
O03999,C0874,P0567,1,2025-01-28
O04000,C0461,P0033,2,2025-06-10
O04001,C0500,P0443,2,2025-07-08
O04002,C0218,P0263,4,2023-12-30
O04003,C0646,P0237,3,2025-02-16
O04004,C0352,P0050,4,2024-02-11
O04005,C0773,P0545,3,2024-05-24
O04006,C0359,P0360,4,2023-11-17
O04007,C0698,P0417,4,2025-02-02
O04008,C0261,P0283,2,2023-12-31
O04009,C0373,P0443,5,2024-06-26
O04010,C0780,P0176,5,2025-04-01
O04011,C0540,P0514,1,2025-01-19
O04012,C0800,P0543,5,2024-09-12
O04013,C0236,P0099,2,2025-04-26
O04014,C0660,P0479,3,2024-08-23
O04015,C0001,P0647,2,2025-03-05
O04016,C0455,P0429,1,2023-09-20
O04017,C0557,P0445,1,2024-04-07
O04018,C0786,P0699,1,2024-05-18
O04019,C0019,P0018,5,2025-01-27
O04020,C0012,P0541,1,2024-06-03
O04021,C0121,P0069,3,2025-08-04
O04022,C0604,P0033,4,2025-04-23
O04023,C0481,P0505,5,2025-07-24
O04024,C0171,P0509,3,2024-03-08
O04025,C0634,P0594,2,2023-11-07
O04026,C0186,P0299,3,2024-10-07
O04027,C0405,P0516,4,2024-10-05
O04028,C0089,P0171,5,2025-02-02
O04029,C0153,P0333,1,2024-03-04
O04030,C0214,P0705,5,2023-11-04
O04031,C0694,P0025,2,2025-05-04
O04032,C0494,P0361,1,2025-02-22
O04033,C0564,P0048,3,2025-06-14
O04034,C0199,P0361,2,2025-02-24
O04035,C0910,P0388,3,2024-11-26
O04036,C0198,P0252,3,2024-08-18
O04037,C0425,P0281,2,2025-03-15
O04038,C0128,P0117,2,2024-04-05
O04039,C0696,P0238,4,2024-07-19
O04040,C0772,P0148,4,2025-05-01
O04041,C0920,P0371,1,2023-10-19
O04042,C0081,P0552,1,2023-12-03
O04043,C0102,P0218,4,2024-02-25
O04044,C0059,P0564,3,2024-02-28
O04045,C0696,P0019,4,2024-10-27
O04046,C0359,P0282,1,2024-03-20
O04047,C0484,P0547,3,2024-07-14
O04048,C0073,P0592,3,2024-07-01
O04049,C0556,P0543,5,2023-11-17
O04050,C0041,P0499,1,2025-08-04
O04051,C0252,P0526,4,2024-11-25
O04052,C0332,P0511,5,2024-05-04
O04053,C0694,P0430,1,2024-06-03
O04054,C0664,P0341,3,2025-06-04
O04055,C0018,P0064,5,2024-08-01
O04056,C0485,P0336,2,2024-07-11
O04057,C0568,P0638,2,2025-08-26
O04058,C0215,P0209,1,2024-05-01
O04059,C0341,P0373,3,2024-02-11
O04060,C0711,P0029,4,2024-12-30
O04061,C0088,P0585,5,2024-06-24
O04062,C0668,P0573,5,2024-06-11
O04063,C0575,P0089,4,2025-04-22
O04064,C0560,P0631,1,2024-09-14
O04065,C0462,P0171,5,2024-10-06
O04066,C0085,P0675,5,2024-04-14
O04067,C0048,P0135,4,2025-03-18
O04068,C0826,P0058,2,2024-03-23
O04069,C0307,P0217,3,2024-05-20
O04070,C0887,P0254,2,2025-08-02
O04071,C0772,P0332,4,2025-02-09
O04072,C0887,P0412,3,2024-03-19
O04073,C0864,P0406,4,2025-08-19
O04074,C0488,P0143,3,2025-04-07
O04075,C0858,P0091,2,2024-03-13
O04076,C0362,P0191,5,2024-08-27
O04077,C0125,P0473,5,2024-05-30
O04078,C0584,P0198,3,2023-11-27
O04079,C0195,P0325,1,2025-08-30
O04080,C0905,P0585,4,2025-04-25
O04081,C0632,P0706,5,2024-05-23
O04082,C0048,P0635,4,2024-09-09
O04083,C0438,P0243,2,2025-07-08
O04084,C0785,P0536,5,2024-10-11
O04085,C0813,P0169,1,2024-05-17
O04086,C0431,P0119,4,2024-01-07
O04087,C0113,P0368,4,2025-05-26
O04088,C0183,P0426,5,2025-01-03
O04089,C0060,P0136,2,2024-07-29
O04090,C0857,P0262,5,2024-08-28
O04091,C0770,P0043,3,2024-02-17
O04092,C0424,P0449,4,2024-09-05
O04093,C0313,P0483,1,2025-06-14
O04094,C0019,P0664,4,2024-04-20
O04095,C0407,P0436,4,2024-06-08
O04096,C0540,P0152,3,2024-10-29
O04097,C0493,P0225,1,2024-05-22
O04098,C0406,P0555,1,2025-06-27
O04099,C0213,P0145,5,2025-09-06
O04100,C0002,P0113,3,2024-12-02
O04101,C0474,P0200,2,2024-05-15
O04102,C0498,P0038,4,2025-03-19
O04103,C0273,P0464,1,2024-10-22
O04104,C0836,P0060,3,2025-01-22
O04105,C0647,P0118,3,2025-01-03
O04106,C0217,P0009,1,2024-10-25
O04107,C0848,P0372,4,2024-04-14
O04108,C0689,P0704,2,2025-07-06
O04109,C0086,P0228,4,2024-07-21
O04110,C0887,P0524,2,2023-11-03
O04111,C0517,P0420,5,2025-03-25
O04112,C0489,P0167,2,2024-01-07
O04113,C0777,P0703,2,2023-10-16
O04114,C0176,P0231,3,2024-05-10
O04115,C0026,P0470,4,2025-05-31
O04116,C0307,P0611,4,2023-12-03
O04117,C0098,P0369,3,2023-11-15
O04118,C0010,P0694,2,2024-01-03
O04119,C0487,P0544,3,2024-04-30
O04120,C0863,P0109,2,2024-10-24
O04121,C0064,P0583,5,2024-03-11
O04122,C0029,P0692,4,2025-04-22
O04123,C0205,P0694,2,2025-05-05
O04124,C0724,P0021,2,2025-07-15
O04125,C0053,P0392,5,2025-02-15
O04126,C0776,P0641,1,2024-11-19
O04127,C0448,P0623,5,2024-07-08
O04128,C0618,P0322,4,2024-07-18
O04129,C0608,P0228,4,2025-08-20
O04130,C0810,P0557,4,2025-04-09
O04131,C0124,P0006,4,2024-11-29
O04132,C0636,P0445,1,2025-02-12
O04133,C0739,P0385,4,2024-08-03
O04134,C0100,P0124,5,2025-08-25
O04135,C0720,P0258,3,2025-07-23
O04136,C0762,P0287,1,2024-06-29
O04137,C0881,P0315,3,2024-09-12
O04138,C0889,P0659,4,2024-04-21
O04139,C0387,P0114,4,2024-12-03
O04140,C0763,P0694,1,2023-10-21
O04141,C0292,P0309,5,2024-10-11
O04142,C0701,P0402,1,2024-01-27
O04143,C0267,P0002,1,2024-03-16
O04144,C0813,P0682,1,2025-03-03
O04145,C0680,P0587,3,2023-12-01
O04146,C0713,P0417,2,2024-11-29
O04147,C0206,P0117,3,2024-08-23
O04148,C0215,P0175,3,2024-08-10
O04149,C0414,P0639,4,2024-03-12
O04150,C0281,P0563,4,2024-07-27
O04151,C0721,P0096,2,2024-06-30
O04152,C0056,P0620,1,2025-02-27
O04153,C0881,P0381,4,2024-07-13
O04154,C0295,P0066,4,2025-05-15
O04155,C0726,P0627,3,2025-01-03
O04156,C0417,P0572,1,2025-06-08
O04157,C0108,P0193,5,2025-07-25
O04158,C0794,P0560,2,2023-09-21
O04159,C0141,P0144,4,2024-12-30
O04160,C0297,P0349,4,2023-10-29
O04161,C0863,P0302,2,2025-03-22
O04162,C0875,P0004,1,2024-12-01
O04163,C0675,P0362,3,2025-05-22
O04164,C0926,P0243,2,2024-06-14
O04165,C0356,P0042,2,2024-05-21
O04166,C0798,P0192,2,2025-07-29
O04167,C0225,P0703,4,2024-12-18
O04168,C0003,P0414,3,2024-10-09
O04169,C0494,P0449,2,2024-09-16
O04170,C0632,P0592,1,2024-07-03
O04171,C0909,P0176,3,2024-02-18
O04172,C0231,P0199,3,2025-07-05
O04173,C0829,P0391,1,2025-06-07
O04174,C0070,P0572,2,2024-04-19
O04175,C0503,P0163,3,2025-03-27
O04176,C0585,P0009,5,2024-09-30
O04177,C0826,P0286,1,2023-10-21
O04178,C0517,P0258,4,2024-10-08
O04179,C0297,P0413,5,2025-03-26
O04180,C0760,P0518,1,2024-09-04
O04181,C0431,P0274,3,2024-06-05
O04182,C0712,P0256,4,2024-10-04
O04183,C0806,P0153,4,2025-09-13
O04184,C0446,P0417,1,2025-08-30
O04185,C0399,P0515,5,2024-02-01
O04186,C0528,P0688,2,2023-09-30
O04187,C0734,P0376,4,2024-09-01
O04188,C0015,P0365,2,2024-12-26
O04189,C0288,P0599,1,2024-01-19
O04190,C0464,P0327,1,2025-04-16
O04191,C0064,P0270,1,2024-06-28
O04192,C0496,P0017,1,2024-07-21
O04193,C0375,P0198,2,2025-08-24
O04194,C0825,P0527,3,2024-10-04
O04195,C0425,P0568,1,2024-06-23
O04196,C0369,P0521,5,2025-03-09
O04197,C0714,P0070,3,2024-02-22
O04198,C0911,P0304,1,2024-07-16
O04199,C0108,P0366,1,2023-12-22
O04200,C0034,P0290,5,2024-03-16
O04201,C0007,P0253,5,2024-12-23
O04202,C0825,P0355,1,2023-10-03
O04203,C0051,P0470,1,2024-10-12
O04204,C0402,P0601,1,2024-02-18
O04205,C0846,P0539,4,2025-03-17
O04206,C0259,P0096,5,2025-03-22
O04207,C0179,P0456,4,2025-03-18
O04208,C0219,P0093,5,2024-10-16
O04209,C0494,P0015,4,2024-09-08
O04210,C0017,P0313,1,2025-07-23
O04211,C0916,P0439,3,2024-01-27
O04212,C0210,P0275,4,2023-12-04
O04213,C0765,P0389,3,2023-11-13
O04214,C0428,P0145,1,2024-05-31
O04215,C0419,P0130,5,2024-01-20
O04216,C0660,P0602,5,2025-02-12
O04217,C0336,P0067,2,2023-10-26
O04218,C0348,P0654,4,2024-11-18
O04219,C0304,P0136,3,2025-07-23
O04220,C0728,P0622,1,2025-02-27
O04221,C0199,P0432,2,2024-06-22
O04222,C0601,P0689,1,2024-08-24
O04223,C0140,P0414,5,2025-02-11
O04224,C0845,P0319,3,2024-11-26
O04225,C0302,P0010,4,2025-07-03
O04226,C0783,P0696,3,2025-08-03
O04227,C0879,P0225,4,2024-10-27
O04228,C0521,P0483,2,2024-06-12
O04229,C0613,P0097,4,2024-11-04
O04230,C0808,P0288,2,2024-01-30
O04231,C0477,P0693,1,2023-09-30
O04232,C0420,P0532,4,2024-11-11
O04233,C0308,P0172,4,2024-04-27
O04234,C0316,P0073,2,2023-10-11
O04235,C0421,P0408,4,2025-07-13
O04236,C0898,P0452,2,2024-03-07
O04237,C0428,P0388,5,2025-05-14
O04238,C0533,P0299,1,2025-06-29
O04239,C0279,P0466,3,2025-08-13
O04240,C0109,P0137,5,2023-11-13
O04241,C0634,P0325,3,2025-05-04
O04242,C0705,P0585,4,2025-04-21
O04243,C0858,P0159,1,2024-10-02
O04244,C0805,P0567,1,2024-11-06
O04245,C0776,P0215,4,2024-03-27
O04246,C0364,P0310,2,2024-05-12
O04247,C0255,P0296,3,2024-09-02
O04248,C0219,P0602,1,2024-04-04
O04249,C0846,P0702,2,2025-07-23
O04250,C0722,P0404,3,2024-04-16
O04251,C0274,P0363,1,2023-09-22
O04252,C0249,P0269,5,2024-02-29
O04253,C0301,P0536,3,2024-01-04
O04254,C0623,P0625,5,2025-09-09
O04255,C0274,P0430,2,2025-05-10
O04256,C0133,P0400,2,2024-04-19
O04257,C0209,P0062,5,2023-10-27
O04258,C0852,P0528,5,2023-12-21
O04259,C0296,P0156,5,2025-04-05
O04260,C0330,P0682,1,2024-09-15
O04261,C0057,P0582,3,2025-07-04
O04262,C0217,P0248,1,2024-01-05
O04263,C0753,P0686,4,2024-04-16
O04264,C0095,P0283,3,2025-05-07
O04265,C0158,P0308,1,2024-03-21
O04266,C0416,P0312,4,2025-09-05
O04267,C0916,P0246,3,2024-05-13
O04268,C0889,P0606,2,2024-01-24
O04269,C0524,P0454,1,2024-05-31
O04270,C0247,P0687,4,2025-03-28
O04271,C0488,P0576,2,2023-10-21
O04272,C0250,P0374,3,2025-08-22
O04273,C0153,P0091,2,2025-04-11
O04274,C0760,P0640,2,2024-02-12
O04275,C0340,P0270,5,2025-01-10
O04276,C0124,P0112,3,2024-08-03
O04277,C0516,P0357,3,2025-02-03
O04278,C0104,P0657,2,2023-09-24
O04279,C0429,P0197,3,2025-02-21
O04280,C0251,P0084,4,2024-02-24
O04281,C0761,P0118,4,2024-03-04
O04282,C0287,P0559,1,2024-01-08
O04283,C0743,P0074,5,2025-05-21
O04284,C0317,P0593,2,2024-07-23
O04285,C0083,P0388,4,2024-08-26
O04286,C0537,P0166,4,2025-05-09
O04287,C0832,P0163,2,2024-07-29
O04288,C0900,P0375,3,2024-02-26
O04289,C0172,P0631,5,2024-07-16
O04290,C0708,P0014,5,2024-11-12
O04291,C0762,P0038,1,2025-07-06
O04292,C0573,P0039,1,2023-10-23
O04293,C0529,P0255,3,2024-07-04
O04294,C0565,P0327,5,2024-10-12
O04295,C0022,P0141,5,2023-10-06
O04296,C0498,P0385,1,2025-02-02
O04297,C0525,P0319,1,2025-03-05
O04298,C0713,P0485,4,2023-10-08
O04299,C0175,P0336,2,2023-12-23
O04300,C0399,P0010,3,2024-05-10
O04301,C0758,P0215,4,2023-11-17
O04302,C0497,P0354,5,2023-10-10
O04303,C0712,P0251,4,2025-05-16
O04304,C0663,P0151,4,2024-01-17
O04305,C0080,P0359,5,2024-01-16
O04306,C0778,P0528,3,2025-08-27
O04307,C0025,P0402,3,2024-08-22
O04308,C0768,P0142,3,2025-08-26
O04309,C0734,P0384,2,2025-08-06
O04310,C0233,P0559,4,2024-11-24
O04311,C0133,P0266,2,2024-02-25
O04312,C0895,P0002,3,2024-01-11
O04313,C0735,P0696,1,2023-11-15
O04314,C0101,P0679,1,2025-07-10
O04315,C0180,P0001,4,2025-04-01
O04316,C0338,P0521,4,2025-07-20
O04317,C0052,P0693,3,2024-02-01
O04318,C0682,P0060,4,2024-06-20
O04319,C0425,P0323,2,2024-07-13
O04320,C0904,P0419,1,2025-09-15
O04321,C0002,P0202,4,2025-06-17
O04322,C0163,P0304,3,2025-05-26
O04323,C0174,P0596,1,2024-06-01
O04324,C0558,P0287,5,2023-12-28
O04325,C0096,P0474,3,2024-11-25
O04326,C0489,P0123,3,2025-02-17
O04327,C0712,P0596,2,2025-01-30
O04328,C0670,P0046,2,2025-07-02
O04329,C0876,P0692,3,2025-06-01
O04330,C0256,P0046,5,2023-11-07
O04331,C0867,P0052,1,2024-08-17
O04332,C0409,P0310,5,2023-11-16
O04333,C0681,P0029,4,2024-09-01
O04334,C0450,P0002,4,2024-08-18
O04335,C0645,P0272,5,2025-06-14
O04336,C0202,P0611,1,2025-01-10
O04337,C0109,P0064,2,2024-01-24
O04338,C0480,P0187,4,2025-06-25
O04339,C0327,P0185,5,2025-02-28
O04340,C0263,P0261,3,2025-03-04
O04341,C0525,P0269,3,2025-02-16
O04342,C0803,P0204,1,2025-08-08
O04343,C0079,P0592,1,2024-12-19
O04344,C0466,P0365,5,2024-10-04
O04345,C0365,P0220,2,2024-07-15
O04346,C0272,P0485,1,2024-01-13
O04347,C0555,P0144,5,2024-09-24
O04348,C0699,P0423,4,2025-07-20
O04349,C0022,P0421,4,2024-01-19
O04350,C0093,P0129,3,2025-03-27
O04351,C0257,P0502,2,2025-01-26
O04352,C0567,P0150,5,2024-12-08
O04353,C0213,P0599,2,2025-07-31
O04354,C0780,P0561,1,2024-08-29
O04355,C0718,P0021,1,2024-05-28
O04356,C0671,P0654,4,2025-02-08
O04357,C0679,P0110,2,2025-02-03
O04358,C0559,P0010,3,2024-07-02
O04359,C0332,P0073,2,2025-09-06
O04360,C0404,P0065,1,2024-11-26
O04361,C0750,P0554,5,2024-01-14
O04362,C0197,P0077,2,2024-10-29
O04363,C0413,P0370,4,2023-12-14
O04364,C0555,P0330,2,2025-06-22
O04365,C0380,P0607,2,2023-11-29
O04366,C0728,P0091,3,2023-09-28
O04367,C0159,P0195,1,2025-05-23
O04368,C0586,P0436,5,2025-06-11
O04369,C0024,P0616,3,2024-08-10
O04370,C0720,P0534,3,2023-11-16
O04371,C0837,P0456,1,2025-02-09
O04372,C0471,P0022,4,2024-03-02
O04373,C0197,P0426,5,2024-06-11
O04374,C0514,P0318,3,2024-09-06
O04375,C0237,P0392,1,2024-02-14
O04376,C0926,P0184,2,2025-06-23
O04377,C0450,P0194,5,2023-11-30
O04378,C0261,P0577,3,2024-06-27
O04379,C0359,P0244,3,2024-05-11
O04380,C0769,P0651,1,2025-03-01
O04381,C0919,P0025,1,2025-04-08
O04382,C0809,P0457,1,2024-11-24
O04383,C0159,P0321,5,2024-09-13
O04384,C0419,P0477,3,2025-05-17
O04385,C0684,P0170,4,2024-11-19
O04386,C0338,P0582,1,2025-05-03
O04387,C0756,P0696,4,2025-07-24
O04388,C0495,P0253,1,2024-04-14
O04389,C0722,P0004,4,2025-08-16
O04390,C0406,P0511,1,2024-08-22
O04391,C0336,P0373,5,2024-06-10
O04392,C0067,P0547,3,2025-01-29
O04393,C0586,P0621,5,2025-08-13
O04394,C0912,P0606,1,2025-01-08
O04395,C0599,P0702,1,2024-03-26
O04396,C0289,P0038,4,2025-06-07
O04397,C0884,P0256,2,2024-08-17
O04398,C0204,P0442,3,2024-05-26
O04399,C0008,P0664,3,2024-05-30
O04400,C0690,P0512,5,2024-01-18
O04401,C0253,P0216,2,2024-06-13
O04402,C0353,P0110,4,2025-02-01
O04403,C0812,P0046,3,2025-08-29
O04404,C0906,P0474,3,2023-11-03
O04405,C0530,P0128,4,2023-10-21
O04406,C0838,P0121,4,2024-10-25
O04407,C0468,P0670,4,2025-06-10
O04408,C0313,P0347,5,2024-10-12
O04409,C0485,P0105,4,2024-03-19
O04410,C0622,P0396,1,2025-08-08
O04411,C0711,P0490,3,2025-08-29
O04412,C0151,P0569,5,2024-04-13
O04413,C0671,P0389,5,2024-05-04
O04414,C0549,P0557,1,2025-04-15
O04415,C0231,P0108,2,2024-11-19
O04416,C0015,P0571,1,2025-05-15
O04417,C0165,P0542,2,2025-05-19
O04418,C0333,P0434,5,2023-09-20
O04419,C0085,P0085,4,2025-05-15
O04420,C0886,P0399,1,2025-02-17
O04421,C0347,P0294,4,2025-07-21
O04422,C0144,P0639,4,2024-08-23
O04423,C0124,P0041,3,2025-03-15
O04424,C0470,P0369,5,2023-10-02
O04425,C0600,P0681,4,2024-09-22
O04426,C0046,P0583,5,2024-01-14
O04427,C0257,P0182,3,2025-08-11
O04428,C0572,P0231,5,2024-02-11
O04429,C0896,P0245,4,2023-10-20
O04430,C0225,P0137,2,2023-10-09
O04431,C0407,P0366,1,2025-03-01
O04432,C0653,P0552,2,2024-06-12
O04433,C0148,P0321,3,2025-09-04
O04434,C0755,P0234,4,2024-03-23
O04435,C0103,P0164,1,2024-02-19
O04436,C0074,P0212,4,2024-11-01
O04437,C0565,P0001,2,2023-10-22
O04438,C0179,P0651,2,2024-08-09
O04439,C0828,P0236,4,2024-03-16
O04440,C0199,P0655,2,2024-08-26
O04441,C0100,P0026,5,2025-03-18
O04442,C0483,P0431,3,2025-09-11
O04443,C0281,P0329,2,2024-06-28
O04444,C0041,P0379,1,2025-08-12
O04445,C0092,P0638,3,2024-02-29
O04446,C0061,P0300,4,2024-05-25
O04447,C0154,P0359,2,2024-12-16
O04448,C0421,P0138,2,2025-02-08
O04449,C0893,P0272,4,2024-09-11
O04450,C0015,P0081,1,2025-03-27
O04451,C0032,P0215,2,2023-11-29
O04452,C0098,P0104,2,2024-04-05
O04453,C0543,P0571,2,2024-07-03
O04454,C0830,P0116,4,2025-03-24
O04455,C0321,P0071,5,2025-09-01
O04456,C0001,P0071,2,2025-08-01
O04457,C0469,P0438,1,2025-07-03
O04458,C0047,P0135,3,2023-12-25
O04459,C0027,P0248,5,2025-07-24
O04460,C0427,P0443,1,2025-04-13
O04461,C0291,P0076,1,2024-04-03
O04462,C0602,P0222,4,2024-07-04
O04463,C0428,P0649,2,2023-12-02
O04464,C0392,P0020,5,2024-06-23
O04465,C0049,P0587,5,2024-09-20
O04466,C0094,P0553,3,2025-07-26
O04467,C0640,P0515,2,2024-10-10
O04468,C0026,P0290,2,2024-08-17
O04469,C0820,P0488,2,2024-04-23
O04470,C0003,P0237,3,2023-10-06
O04471,C0228,P0288,3,2024-11-05
O04472,C0164,P0302,2,2025-03-11
O04473,C0779,P0572,1,2024-10-16
O04474,C0775,P0336,4,2023-11-01
O04475,C0120,P0664,3,2024-09-12
O04476,C0401,P0637,4,2024-02-10
O04477,C0498,P0707,5,2025-02-05
O04478,C0462,P0006,1,2024-05-13
O04479,C0154,P0492,3,2024-10-07
O04480,C0308,P0054,1,2025-03-21
O04481,C0156,P0495,2,2024-11-29
O04482,C0063,P0599,5,2025-03-19
O04483,C0556,P0317,2,2024-10-02
O04484,C0351,P0001,4,2024-08-20
O04485,C0328,P0136,4,2024-05-11
O04486,C0208,P0595,3,2025-09-02
O04487,C0051,P0622,4,2025-04-30
O04488,C0692,P0333,3,2023-12-06
O04489,C0112,P0645,3,2025-04-20
O04490,C0038,P0620,3,2023-12-31
O04491,C0480,P0020,2,2024-01-24
O04492,C0698,P0605,3,2024-01-15
O04493,C0806,P0262,4,2025-01-02
O04494,C0776,P0668,3,2025-08-31
O04495,C0070,P0109,1,2023-10-07
O04496,C0284,P0470,1,2023-11-21
O04497,C0836,P0584,2,2023-12-23
O04498,C0846,P0702,4,2025-03-24
O04499,C0539,P0491,1,2025-01-07
O04500,C0704,P0313,4,2024-02-29
O04501,C0451,P0514,5,2023-12-15
O04502,C0796,P0242,4,2024-12-21
O04503,C0074,P0157,3,2025-06-26
O04504,C0438,P0457,5,2025-06-11
O04505,C0702,P0092,3,2024-12-11
O04506,C0437,P0115,1,2024-12-31
O04507,C0445,P0156,5,2025-03-21
O04508,C0252,P0201,1,2024-02-17
O04509,C0765,P0088,5,2025-05-20
O04510,C0018,P0544,3,2025-05-01
O04511,C0909,P0591,3,2025-07-10
O04512,C0246,P0454,1,2023-10-19
O04513,C0330,P0138,1,2024-09-15
O04514,C0558,P0334,1,2024-09-30
O04515,C0907,P0111,4,2024-03-18
O04516,C0315,P0194,3,2025-02-21
O04517,C0582,P0036,2,2024-12-24
O04518,C0828,P0525,4,2024-12-21
O04519,C0153,P0343,2,2024-02-01
O04520,C0590,P0688,4,2024-08-18
O04521,C0665,P0091,2,2024-05-13
O04522,C0764,P0524,3,2025-05-31
O04523,C0155,P0191,1,2024-01-08
O04524,C0068,P0382,2,2025-07-19
O04525,C0560,P0439,5,2025-05-11
O04526,C0732,P0248,2,2025-01-28
O04527,C0122,P0608,4,2023-11-11
O04528,C0050,P0290,4,2023-11-17
O04529,C0793,P0347,1,2025-04-07
O04530,C0449,P0332,4,2025-05-24
O04531,C0677,P0332,5,2023-11-19
O04532,C0608,P0648,2,2024-05-05
O04533,C0410,P0198,5,2024-01-17
O04534,C0059,P0242,5,2024-03-08
O04535,C0222,P0065,1,2025-04-12
O04536,C0067,P0194,5,2024-04-11
O04537,C0511,P0705,5,2024-03-17
O04538,C0654,P0539,3,2024-03-03
O04539,C0382,P0413,4,2024-06-15
O04540,C0560,P0257,5,2024-07-09
O04541,C0242,P0128,4,2025-05-09
O04542,C0047,P0594,3,2025-07-03
O04543,C0676,P0145,1,2024-04-04
O04544,C0092,P0073,2,2024-04-17
O04545,C0451,P0070,2,2025-08-05
O04546,C0904,P0166,1,2024-07-02
O04547,C0170,P0281,3,2025-07-12
O04548,C0904,P0303,2,2025-06-15
O04549,C0100,P0672,4,2024-06-25
O04550,C0244,P0519,2,2025-08-27
O04551,C0754,P0634,1,2025-08-07
O04552,C0480,P0540,5,2025-04-30
O04553,C0808,P0370,5,2024-06-12
O04554,C0114,P0307,2,2024-06-04
O04555,C0187,P0256,3,2024-03-31
O04556,C0773,P0146,1,2024-01-30
O04557,C0664,P0367,4,2024-05-24
O04558,C0854,P0586,4,2024-01-26
O04559,C0486,P0321,1,2023-09-20
O04560,C0520,P0003,5,2024-12-25
O04561,C0861,P0700,4,2024-04-18
O04562,C0133,P0560,3,2024-07-17
O04563,C0335,P0340,4,2023-10-29
O04564,C0836,P0020,5,2024-12-31
O04565,C0209,P0362,1,2024-12-04
O04566,C0182,P0233,1,2023-10-26
O04567,C0021,P0215,2,2024-09-30
O04568,C0772,P0253,5,2024-08-31
O04569,C0621,P0263,1,2024-05-26
O04570,C0570,P0554,4,2024-09-30
O04571,C0448,P0450,3,2025-07-17
O04572,C0023,P0184,1,2025-08-26
O04573,C0149,P0613,1,2024-12-30
O04574,C0614,P0611,5,2025-01-31
O04575,C0458,P0352,2,2024-11-22
O04576,C0092,P0381,2,2023-09-21
O04577,C0644,P0563,1,2025-04-15
O04578,C0182,P0287,5,2023-12-03
O04579,C0099,P0147,3,2025-09-09
O04580,C0115,P0611,4,2025-01-16
O04581,C0895,P0431,4,2024-12-22
O04582,C0768,P0516,3,2024-11-21
O04583,C0328,P0254,3,2025-03-06
O04584,C0769,P0116,2,2025-06-04
O04585,C0258,P0214,2,2024-11-12
O04586,C0470,P0612,3,2025-01-18
O04587,C0064,P0453,1,2024-11-27
O04588,C0317,P0255,3,2024-07-30
O04589,C0582,P0122,3,2024-11-27
O04590,C0131,P0354,5,2024-03-18
O04591,C0373,P0501,4,2025-02-09
O04592,C0570,P0018,1,2023-10-31
O04593,C0161,P0157,4,2025-06-09
O04594,C0079,P0499,3,2025-06-26
O04595,C0403,P0676,4,2024-09-28
O04596,C0774,P0004,5,2025-08-30
O04597,C0828,P0322,5,2025-05-22
O04598,C0582,P0437,1,2024-12-01
O04599,C0241,P0214,2,2024-06-27
O04600,C0139,P0190,5,2024-07-14
O04601,C0773,P0454,1,2024-12-06
O04602,C0763,P0181,4,2023-12-22
O04603,C0923,P0598,2,2024-06-12
O04604,C0077,P0180,2,2024-08-08
O04605,C0220,P0367,5,2024-09-23
O04606,C0370,P0549,3,2025-09-08
O04607,C0789,P0137,2,2024-09-24
O04608,C0330,P0484,3,2025-08-14
O04609,C0473,P0581,1,2025-07-12
O04610,C0340,P0206,1,2025-07-05
O04611,C0397,P0153,1,2025-05-23
O04612,C0097,P0046,2,2025-06-03
O04613,C0173,P0464,4,2024-09-03
O04614,C0657,P0619,2,2024-04-04
O04615,C0207,P0021,4,2025-02-11
O04616,C0779,P0558,3,2025-02-14
O04617,C0323,P0082,3,2024-11-08
O04618,C0691,P0224,1,2023-11-16
O04619,C0275,P0007,1,2024-12-28
O04620,C0751,P0324,3,2023-09-19
O04621,C0263,P0637,4,2025-02-12
O04622,C0476,P0293,1,2025-06-04
O04623,C0730,P0647,3,2023-12-25
O04624,C0366,P0105,4,2024-04-22
O04625,C0618,P0109,3,2024-07-10
O04626,C0683,P0302,3,2023-12-18
O04627,C0512,P0276,1,2025-02-21
O04628,C0282,P0692,4,2025-05-09
O04629,C0843,P0104,5,2024-06-29
O04630,C0201,P0164,5,2024-03-09
O04631,C0762,P0550,3,2024-06-28
O04632,C0901,P0684,4,2024-04-16
O04633,C0478,P0377,5,2024-01-15
O04634,C0832,P0074,4,2024-11-07
O04635,C0914,P0697,3,2024-02-09
O04636,C0622,P0247,2,2024-03-30
O04637,C0213,P0642,2,2024-10-14
O04638,C0736,P0008,1,2024-09-12
O04639,C0168,P0020,4,2024-11-22
O04640,C0200,P0210,4,2025-07-13
O04641,C0329,P0704,4,2024-03-01
O04642,C0125,P0586,4,2024-03-24
O04643,C0567,P0524,5,2025-05-25
O04644,C0541,P0155,5,2023-10-21
O04645,C0916,P0140,2,2025-06-30
O04646,C0286,P0051,3,2025-07-13
O04647,C0313,P0474,1,2025-06-17
O04648,C0112,P0512,2,2024-06-10
O04649,C0445,P0182,5,2024-06-12
O04650,C0305,P0474,3,2023-10-01
O04651,C0030,P0091,3,2025-04-21
O04652,C0862,P0510,5,2025-07-30
O04653,C0586,P0292,1,2024-03-01
O04654,C0813,P0374,4,2025-06-12
O04655,C0547,P0046,3,2025-05-26
O04656,C0267,P0702,5,2024-02-20
O04657,C0028,P0680,5,2025-09-09
O04658,C0448,P0186,2,2023-10-08
O04659,C0146,P0635,3,2023-10-28
O04660,C0133,P0543,5,2024-04-20
O04661,C0494,P0459,4,2024-01-29
O04662,C0493,P0328,2,2024-05-04
O04663,C0046,P0192,2,2024-10-10
O04664,C0349,P0593,1,2025-07-06
O04665,C0656,P0059,4,2025-07-22
O04666,C0682,P0480,1,2024-12-08
O04667,C0504,P0167,2,2023-11-04
O04668,C0374,P0363,1,2024-06-21
O04669,C0674,P0415,1,2023-10-21
O04670,C0510,P0435,3,2024-12-27
O04671,C0390,P0468,1,2023-11-30
O04672,C0408,P0500,4,2024-08-12
O04673,C0771,P0479,5,2025-08-17
O04674,C0798,P0605,4,2025-08-02
O04675,C0645,P0473,4,2024-04-05
O04676,C0374,P0323,5,2023-10-16
O04677,C0314,P0057,3,2024-03-09
O04678,C0436,P0211,2,2023-12-05
O04679,C0888,P0487,2,2024-02-29
O04680,C0674,P0505,1,2024-04-17
O04681,C0703,P0194,5,2025-01-10
O04682,C0401,P0043,2,2025-07-31
O04683,C0264,P0159,1,2025-09-06
O04684,C0464,P0695,5,2024-12-13
O04685,C0460,P0159,5,2025-04-18
O04686,C0775,P0557,4,2023-10-30
O04687,C0198,P0431,2,2025-04-27
O04688,C0365,P0381,1,2024-07-20
O04689,C0571,P0681,4,2025-04-06
O04690,C0543,P0161,1,2025-02-05
O04691,C0672,P0277,3,2024-11-30
O04692,C0462,P0329,5,2025-04-13
O04693,C0697,P0199,2,2024-11-02
O04694,C0796,P0242,2,2025-05-04
O04695,C0914,P0290,1,2023-12-17
O04696,C0386,P0266,4,2024-11-30
O04697,C0243,P0563,5,2024-06-26
O04698,C0414,P0643,3,2025-05-21
O04699,C0207,P0592,3,2025-08-26
O04700,C0877,P0240,5,2023-12-20
O04701,C0169,P0019,2,2025-07-11
O04702,C0702,P0390,4,2023-10-06
O04703,C0904,P0658,5,2025-02-22
O04704,C0311,P0481,4,2024-07-07
O04705,C0203,P0687,4,2024-08-13
O04706,C0462,P0649,2,2025-08-15
O04707,C0269,P0326,1,2023-12-20
O04708,C0413,P0613,2,2024-12-17
O04709,C0744,P0219,4,2025-08-09
O04710,C0186,P0644,4,2025-03-22
O04711,C0565,P0588,1,2025-07-13
O04712,C0680,P0102,1,2024-08-29
O04713,C0565,P0403,2,2024-05-28
O04714,C0290,P0622,2,2023-12-12
O04715,C0693,P0151,3,2025-03-22
O04716,C0711,P0443,2,2024-09-10
O04717,C0462,P0688,3,2024-02-04
O04718,C0392,P0158,1,2024-11-08
O04719,C0397,P0674,3,2024-01-12
O04720,C0037,P0686,2,2024-06-30
O04721,C0888,P0323,4,2024-03-23
O04722,C0367,P0040,5,2024-09-02
O04723,C0178,P0252,4,2024-04-24
O04724,C0040,P0053,3,2024-05-02
O04725,C0726,P0484,4,2024-03-07
O04726,C0458,P0700,3,2025-05-03
O04727,C0547,P0643,5,2025-01-19
O04728,C0803,P0101,2,2025-05-12
O04729,C0085,P0092,3,2024-07-10
O04730,C0435,P0137,1,2025-04-14
O04731,C0730,P0193,1,2024-07-04
O04732,C0471,P0451,2,2024-04-08
O04733,C0920,P0642,2,2025-07-19
O04734,C0541,P0484,5,2023-10-07
O04735,C0840,P0123,5,2025-06-19
O04736,C0523,P0408,5,2023-12-04
O04737,C0660,P0602,3,2025-06-09
O04738,C0653,P0234,2,2025-07-17
O04739,C0347,P0329,3,2023-12-20
O04740,C0047,P0369,2,2025-06-14
O04741,C0371,P0613,5,2025-04-18
O04742,C0596,P0622,1,2025-04-27
O04743,C0181,P0457,1,2024-01-31
O04744,C0329,P0137,3,2024-11-14
O04745,C0783,P0350,4,2025-03-15
O04746,C0844,P0347,2,2024-09-28
O04747,C0258,P0210,2,2025-01-24
O04748,C0557,P0692,2,2025-07-12
O04749,C0915,P0282,5,2024-04-19
O04750,C0754,P0696,5,2024-08-15
O04751,C0921,P0522,2,2025-03-02
O04752,C0526,P0557,4,2025-03-20
O04753,C0125,P0511,3,2023-12-01
O04754,C0397,P0179,2,2024-08-26
O04755,C0697,P0599,1,2023-10-12
O04756,C0800,P0666,4,2023-11-14
O04757,C0152,P0070,3,2025-05-10
O04758,C0803,P0143,3,2024-06-09
O04759,C0769,P0703,1,2024-04-27
O04760,C0613,P0135,5,2025-07-28
O04761,C0546,P0184,5,2024-10-16
O04762,C0367,P0223,1,2023-11-28
O04763,C0549,P0281,2,2024-12-08
O04764,C0290,P0604,4,2024-11-14
O04765,C0751,P0063,3,2024-12-16
O04766,C0653,P0044,4,2024-03-18
O04767,C0158,P0241,3,2025-04-06
O04768,C0904,P0696,4,2024-04-13
O04769,C0037,P0207,4,2025-03-17
O04770,C0385,P0587,5,2025-01-22
O04771,C0457,P0601,2,2024-04-21
O04772,C0563,P0466,2,2024-06-15
O04773,C0186,P0351,1,2025-02-26
O04774,C0420,P0152,4,2024-09-21
O04775,C0807,P0460,4,2025-06-09
O04776,C0551,P0277,2,2025-08-12
O04777,C0531,P0214,1,2025-05-03
O04778,C0925,P0635,4,2024-09-24
O04779,C0825,P0264,1,2024-03-18
O04780,C0262,P0387,4,2024-06-25
O04781,C0183,P0506,5,2023-12-17
O04782,C0685,P0043,3,2024-01-16
O04783,C0268,P0563,3,2024-10-03
O04784,C0324,P0467,3,2024-10-14
O04785,C0854,P0228,4,2025-08-07
O04786,C0796,P0202,4,2024-12-16
O04787,C0563,P0022,3,2024-05-11
O04788,C0215,P0705,3,2024-03-21
O04789,C0899,P0617,4,2025-06-29
O04790,C0212,P0136,2,2025-06-25
O04791,C0777,P0601,2,2025-01-20
O04792,C0744,P0690,5,2025-05-14
O04793,C0901,P0514,1,2023-12-29
O04794,C0085,P0051,3,2025-01-13
O04795,C0612,P0036,4,2024-11-16
O04796,C0040,P0035,5,2025-03-02
O04797,C0496,P0141,2,2025-04-26
O04798,C0074,P0175,5,2024-08-29
O04799,C0505,P0338,5,2024-04-28
O04800,C0050,P0416,3,2024-03-17
O04801,C0799,P0698,2,2025-03-28
O04802,C0040,P0318,1,2024-10-15
O04803,C0087,P0670,5,2025-04-13
O04804,C0876,P0065,1,2024-02-21
O04805,C0078,P0039,3,2025-04-14
O04806,C0325,P0646,3,2024-10-06
O04807,C0095,P0365,5,2025-06-02
O04808,C0920,P0411,3,2025-08-03
O04809,C0452,P0101,1,2024-02-01
O04810,C0182,P0407,3,2024-09-24
O04811,C0052,P0208,3,2023-12-01
O04812,C0491,P0087,3,2025-08-13
O04813,C0874,P0098,5,2024-11-17
O04814,C0248,P0193,1,2023-11-19
O04815,C0166,P0454,4,2024-03-14
O04816,C0536,P0585,1,2024-11-03
O04817,C0344,P0048,4,2024-04-18
O04818,C0693,P0484,2,2024-03-09
O04819,C0149,P0217,1,2025-07-24
O04820,C0014,P0237,3,2025-03-05
O04821,C0070,P0254,3,2025-08-28
O04822,C0692,P0465,2,2024-05-16
O04823,C0110,P0075,1,2023-09-20
O04824,C0433,P0287,3,2025-09-13
O04825,C0153,P0468,2,2025-02-10
O04826,C0712,P0124,2,2024-08-07
O04827,C0497,P0401,1,2023-12-10
O04828,C0414,P0151,1,2025-07-14
O04829,C0205,P0670,5,2025-08-24
O04830,C0604,P0476,5,2025-09-01
O04831,C0620,P0397,2,2024-05-20
O04832,C0507,P0639,4,2023-12-10
O04833,C0623,P0296,1,2025-09-03
O04834,C0405,P0601,3,2024-01-27
O04835,C0421,P0363,3,2024-11-04
O04836,C0253,P0489,5,2024-01-25
O04837,C0453,P0302,2,2024-08-26
O04838,C0180,P0498,1,2024-11-05
O04839,C0732,P0408,2,2024-02-14
O04840,C0189,P0292,1,2025-05-07
O04841,C0829,P0037,1,2025-04-16
O04842,C0122,P0306,2,2025-08-18
O04843,C0816,P0316,5,2024-10-25
O04844,C0202,P0040,5,2024-06-20
O04845,C0593,P0322,5,2024-12-18
O04846,C0091,P0103,4,2024-05-29
O04847,C0131,P0674,3,2024-03-08
O04848,C0168,P0456,2,2024-06-23
O04849,C0726,P0057,2,2023-12-27
O04850,C0924,P0234,3,2024-08-25
O04851,C0907,P0002,5,2024-03-21
O04852,C0003,P0412,4,2025-06-05
O04853,C0026,P0510,4,2024-02-02
O04854,C0471,P0159,1,2024-07-20
O04855,C0310,P0181,1,2024-01-19
O04856,C0801,P0023,5,2024-03-10
O04857,C0893,P0014,3,2024-04-02
O04858,C0144,P0347,1,2024-05-01
O04859,C0449,P0050,1,2025-04-21
O04860,C0437,P0473,1,2023-09-19
O04861,C0501,P0324,2,2025-01-15
O04862,C0418,P0022,1,2024-10-03
O04863,C0355,P0110,1,2024-03-31
O04864,C0419,P0189,4,2024-12-01
O04865,C0175,P0539,4,2024-01-24
O04866,C0489,P0624,1,2024-04-15
O04867,C0729,P0446,5,2025-05-06
O04868,C0644,P0387,2,2024-10-21
O04869,C0126,P0407,5,2024-07-18
O04870,C0181,P0214,2,2024-02-11
O04871,C0755,P0207,5,2024-01-14
O04872,C0028,P0345,4,2024-09-23
O04873,C0232,P0195,1,2024-11-27
O04874,C0790,P0249,5,2023-09-28
O04875,C0585,P0309,5,2024-09-15
O04876,C0414,P0591,2,2024-07-26
O04877,C0755,P0114,5,2023-12-29
O04878,C0081,P0601,4,2024-10-28
O04879,C0244,P0323,3,2024-11-29
O04880,C0685,P0700,5,2024-11-08
O04881,C0100,P0087,4,2024-01-24
O04882,C0686,P0295,4,2024-04-17
O04883,C0224,P0090,5,2024-06-15
O04884,C0015,P0144,4,2024-09-10
O04885,C0410,P0642,1,2023-12-29
O04886,C0202,P0155,5,2024-07-02
O04887,C0884,P0587,4,2024-03-31
O04888,C0633,P0007,3,2023-11-22
O04889,C0570,P0041,5,2025-07-12
O04890,C0455,P0256,1,2024-10-20
O04891,C0181,P0113,3,2024-05-09
O04892,C0612,P0661,5,2024-04-13
O04893,C0680,P0618,3,2025-07-19
O04894,C0149,P0490,3,2024-09-17
O04895,C0463,P0226,5,2025-02-20
O04896,C0590,P0048,5,2024-03-20
O04897,C0096,P0437,1,2024-02-16
O04898,C0450,P0490,5,2023-09-22
O04899,C0580,P0424,4,2024-12-16
O04900,C0358,P0452,3,2024-12-28
O04901,C0102,P0507,1,2025-07-24
O04902,C0501,P0189,3,2024-06-26
O04903,C0117,P0646,1,2024-04-26
O04904,C0015,P0262,5,2024-12-22
O04905,C0238,P0204,5,2024-06-08
O04906,C0432,P0063,5,2024-04-20
O04907,C0181,P0299,5,2025-02-12
O04908,C0718,P0436,3,2024-05-14
O04909,C0319,P0639,2,2025-01-13
O04910,C0668,P0316,3,2025-05-20
O04911,C0348,P0693,3,2025-03-22
O04912,C0829,P0551,4,2025-09-06
O04913,C0133,P0670,1,2023-11-16
O04914,C0051,P0195,1,2024-07-18
O04915,C0811,P0117,2,2025-01-04
O04916,C0311,P0430,4,2025-03-30
O04917,C0720,P0664,1,2024-11-19
O04918,C0312,P0501,1,2024-10-26
O04919,C0667,P0495,5,2025-08-06
O04920,C0215,P0137,4,2025-08-13
O04921,C0035,P0458,4,2023-11-09
O04922,C0591,P0333,1,2024-11-11
O04923,C0553,P0566,4,2024-06-16
O04924,C0004,P0231,2,2025-03-18
O04925,C0396,P0502,5,2025-08-10
O04926,C0418,P0694,5,2024-08-16
O04927,C0384,P0236,5,2025-02-16
O04928,C0120,P0300,5,2024-06-11
O04929,C0569,P0430,2,2025-03-16
O04930,C0444,P0160,2,2024-03-31
O04931,C0762,P0551,1,2024-01-02
O04932,C0322,P0595,3,2024-09-28
O04933,C0711,P0563,4,2024-02-07
O04934,C0217,P0636,2,2024-02-25
O04935,C0627,P0519,1,2025-03-07
O04936,C0549,P0124,3,2025-05-23
O04937,C0403,P0671,2,2025-08-15
O04938,C0672,P0244,2,2025-08-19
O04939,C0107,P0329,1,2024-02-13
O04940,C0899,P0706,2,2024-05-08
O04941,C0822,P0530,2,2024-08-28
O04942,C0617,P0334,2,2024-06-10
O04943,C0429,P0490,2,2024-06-18
O04944,C0602,P0341,2,2025-06-19
O04945,C0540,P0471,1,2025-06-25
O04946,C0740,P0651,2,2023-09-18
O04947,C0112,P0047,4,2025-08-25
O04948,C0064,P0132,3,2025-05-15
O04949,C0552,P0292,3,2024-02-20
O04950,C0459,P0065,2,2025-05-25
O04951,C0584,P0663,3,2023-12-30
O04952,C0800,P0622,1,2023-09-18
O04953,C0008,P0022,3,2024-06-19
O04954,C0274,P0214,1,2025-02-22
O04955,C0463,P0078,5,2023-09-22
O04956,C0337,P0251,5,2024-05-11
O04957,C0407,P0147,4,2024-03-10
O04958,C0718,P0674,2,2024-06-16
O04959,C0212,P0376,4,2024-07-03
O04960,C0267,P0562,2,2024-11-04
O04961,C0380,P0624,1,2023-11-04
O04962,C0406,P0385,3,2024-06-19
O04963,C0707,P0557,2,2024-03-01
O04964,C0372,P0643,5,2023-09-28
O04965,C0314,P0126,5,2024-02-27
O04966,C0523,P0252,4,2025-02-17
O04967,C0096,P0314,4,2024-09-06
O04968,C0364,P0059,4,2024-02-08
O04969,C0538,P0155,3,2024-02-15
O04970,C0690,P0513,4,2024-10-25
O04971,C0366,P0215,3,2025-07-30
O04972,C0025,P0355,1,2024-06-23
O04973,C0430,P0222,1,2024-02-28
O04974,C0027,P0442,5,2024-02-21
O04975,C0746,P0491,1,2024-01-31
O04976,C0272,P0325,3,2024-07-09
O04977,C0683,P0517,2,2024-09-02
O04978,C0350,P0397,3,2024-05-21
O04979,C0780,P0565,5,2025-01-16
O04980,C0723,P0440,5,2025-05-19
O04981,C0263,P0522,2,2024-12-14
O04982,C0490,P0294,4,2024-12-12
O04983,C0493,P0496,5,2025-01-03
O04984,C0169,P0191,2,2025-07-04
O04985,C0352,P0202,1,2025-09-15
O04986,C0149,P0450,4,2025-01-10
O04987,C0882,P0364,1,2024-09-19
O04988,C0083,P0136,1,2024-08-19
O04989,C0695,P0388,5,2025-04-28
O04990,C0130,P0434,4,2024-05-20
O04991,C0077,P0149,5,2025-04-06
O04992,C0386,P0283,5,2025-02-28
O04993,C0268,P0404,2,2025-01-03
O04994,C0859,P0110,4,2024-10-20
O04995,C0016,P0579,1,2024-08-14
O04996,C0347,P0056,3,2024-10-13
O04997,C0154,P0532,1,2024-03-24
O04998,C0290,P0646,1,2024-02-10
O04999,C0162,P0230,2,2024-09-24
O05000,C0903,P0122,5,2024-10-11
O05001,C0628,P0191,2,2025-02-13
O05002,C0924,P0015,1,2025-05-09
O05003,C0278,P0310,2,2024-12-13
O05004,C0683,P0390,4,2023-09-23
O05005,C0908,P0272,2,2025-05-06
O05006,C0613,P0079,1,2024-11-28
O05007,C0071,P0168,4,2025-02-04
O05008,C0590,P0275,5,2025-03-15
O05009,C0077,P0374,1,2024-09-27
O05010,C0448,P0307,4,2025-07-11
O05011,C0276,P0049,2,2024-03-21
O05012,C0212,P0514,2,2024-07-13
O05013,C0336,P0655,2,2025-04-19
O05014,C0172,P0167,4,2024-07-24
O05015,C0517,P0201,2,2025-04-03
O05016,C0068,P0343,3,2024-07-16
O05017,C0559,P0164,3,2024-10-23
O05018,C0558,P0146,3,2023-12-15
O05019,C0823,P0395,4,2024-04-02
O05020,C0126,P0659,2,2025-04-30
O05021,C0220,P0284,2,2024-03-23
O05022,C0540,P0142,1,2024-01-12
O05023,C0600,P0703,5,2024-09-14
O05024,C0113,P0217,1,2024-07-14
O05025,C0118,P0110,3,2024-07-23
O05026,C0419,P0426,3,2023-10-25
O05027,C0279,P0551,2,2025-03-05
O05028,C0604,P0647,1,2025-01-14
O05029,C0756,P0059,5,2024-01-31
O05030,C0023,P0383,2,2025-08-26
O05031,C0429,P0302,1,2025-07-16
O05032,C0692,P0680,5,2025-07-23
O05033,C0335,P0345,4,2024-06-28
O05034,C0334,P0577,3,2024-11-10
O05035,C0840,P0060,4,2024-12-09
O05036,C0613,P0183,3,2025-08-04
O05037,C0617,P0208,1,2024-03-02
O05038,C0003,P0649,3,2024-04-27
O05039,C0030,P0326,4,2024-06-29
O05040,C0665,P0077,5,2024-11-03
O05041,C0616,P0298,3,2023-10-08
O05042,C0251,P0058,3,2025-09-07
O05043,C0264,P0336,3,2024-02-18
O05044,C0719,P0293,1,2024-12-29
O05045,C0350,P0095,2,2024-03-29
O05046,C0701,P0173,5,2024-12-07
O05047,C0609,P0683,1,2024-06-05
O05048,C0087,P0532,1,2024-12-24
O05049,C0056,P0134,4,2025-08-24
O05050,C0366,P0384,1,2025-03-11
O05051,C0500,P0490,1,2025-09-03
O05052,C0574,P0240,3,2025-01-18
O05053,C0327,P0624,4,2025-04-24
O05054,C0158,P0345,4,2024-07-19
O05055,C0538,P0082,4,2024-04-27
O05056,C0478,P0056,1,2024-03-13
O05057,C0674,P0660,5,2025-04-28
O05058,C0151,P0377,4,2024-07-27
O05059,C0833,P0048,5,2025-08-04
O05060,C0908,P0418,5,2024-09-28
O05061,C0542,P0244,2,2024-06-10
O05062,C0544,P0026,4,2025-07-20
O05063,C0730,P0084,5,2024-02-23
O05064,C0299,P0192,5,2025-09-02
O05065,C0814,P0114,4,2025-02-24
O05066,C0030,P0124,3,2025-04-23
O05067,C0187,P0194,4,2023-09-30
O05068,C0217,P0155,4,2025-01-29
O05069,C0398,P0521,5,2025-08-25
O05070,C0605,P0375,2,2023-12-29
O05071,C0146,P0479,4,2024-02-10
O05072,C0165,P0312,1,2024-09-20
O05073,C0522,P0305,2,2025-04-12
O05074,C0549,P0086,2,2025-07-29
O05075,C0294,P0581,1,2024-12-07
O05076,C0332,P0195,4,2023-11-23
O05077,C0200,P0659,4,2025-09-03
O05078,C0807,P0334,2,2024-08-17
O05079,C0138,P0501,3,2024-12-01
O05080,C0356,P0220,4,2024-05-25
O05081,C0669,P0628,1,2024-04-15
O05082,C0153,P0617,1,2024-01-21
O05083,C0811,P0387,5,2024-02-21
O05084,C0320,P0111,2,2025-03-20
O05085,C0424,P0356,5,2024-01-18
O05086,C0173,P0351,1,2023-12-31
O05087,C0293,P0551,1,2024-01-30
O05088,C0095,P0466,2,2023-11-03
O05089,C0442,P0395,4,2024-10-12
O05090,C0880,P0359,2,2024-05-06
O05091,C0113,P0133,2,2024-03-24
O05092,C0333,P0525,4,2025-01-12
O05093,C0127,P0382,2,2024-06-20
O05094,C0729,P0315,5,2025-05-17
O05095,C0732,P0056,5,2025-06-20
O05096,C0807,P0390,2,2024-09-29
O05097,C0699,P0581,4,2024-11-01
O05098,C0399,P0537,4,2025-08-04
O05099,C0417,P0079,2,2024-10-03
O05100,C0390,P0230,5,2024-03-01
O05101,C0880,P0153,1,2024-02-18
O05102,C0266,P0550,2,2023-11-17
O05103,C0787,P0500,3,2023-10-22
O05104,C0308,P0264,4,2024-12-08
O05105,C0624,P0371,1,2024-09-01
O05106,C0703,P0472,4,2024-09-06
O05107,C0506,P0201,4,2024-03-22
O05108,C0500,P0478,4,2024-09-29
O05109,C0404,P0330,5,2025-04-22
O05110,C0529,P0151,5,2023-11-20
O05111,C0055,P0358,5,2025-01-02
O05112,C0354,P0341,2,2024-01-30
O05113,C0423,P0591,1,2024-12-10
O05114,C0611,P0451,1,2024-05-10
O05115,C0080,P0249,5,2025-02-22
O05116,C0906,P0466,2,2025-04-09
O05117,C0037,P0339,5,2024-03-25
O05118,C0832,P0226,3,2024-01-16
O05119,C0048,P0480,4,2024-04-01
O05120,C0824,P0034,3,2023-12-26
O05121,C0243,P0651,2,2023-09-21
O05122,C0518,P0419,5,2024-11-18
O05123,C0246,P0317,1,2024-05-17
O05124,C0057,P0395,1,2024-11-21
O05125,C0562,P0021,4,2024-06-30
O05126,C0759,P0135,4,2025-04-03
O05127,C0266,P0105,4,2025-05-24
O05128,C0233,P0700,5,2024-02-01
O05129,C0809,P0435,1,2024-10-05
O05130,C0041,P0475,2,2023-10-18
O05131,C0567,P0586,1,2024-07-30
O05132,C0514,P0186,4,2024-07-30
O05133,C0314,P0261,1,2025-07-14
O05134,C0667,P0475,5,2024-04-29
O05135,C0080,P0616,1,2023-10-15
O05136,C0117,P0345,3,2023-12-08
O05137,C0904,P0124,4,2024-06-11
O05138,C0544,P0031,4,2024-04-01
O05139,C0884,P0402,4,2024-10-31
O05140,C0164,P0213,4,2023-12-12
O05141,C0768,P0102,4,2024-11-28
O05142,C0895,P0226,3,2024-01-25
O05143,C0769,P0024,3,2025-08-30
O05144,C0894,P0534,5,2024-06-04
O05145,C0024,P0269,1,2024-08-04
O05146,C0858,P0093,2,2024-02-02
O05147,C0808,P0156,2,2025-06-07
O05148,C0351,P0366,4,2023-12-09
O05149,C0414,P0504,5,2023-11-24
O05150,C0844,P0038,2,2024-11-29
O05151,C0334,P0275,3,2025-01-10
O05152,C0064,P0660,1,2023-09-30
O05153,C0473,P0671,2,2024-04-25
O05154,C0023,P0457,2,2025-07-02
O05155,C0465,P0476,1,2025-06-17
O05156,C0132,P0557,5,2025-04-01
O05157,C0263,P0170,3,2023-12-03
O05158,C0726,P0676,5,2024-10-19
O05159,C0879,P0237,4,2024-05-28
O05160,C0395,P0050,3,2024-11-19
O05161,C0331,P0348,3,2025-05-22
O05162,C0543,P0272,4,2025-03-03
O05163,C0601,P0173,3,2024-03-02
O05164,C0044,P0207,2,2024-09-14
O05165,C0120,P0336,5,2025-02-14
O05166,C0188,P0539,4,2023-12-31
O05167,C0007,P0313,2,2023-12-09
O05168,C0223,P0188,5,2024-07-03
O05169,C0516,P0571,3,2024-09-28
O05170,C0437,P0671,5,2025-01-05
O05171,C0065,P0300,4,2025-05-03
O05172,C0365,P0609,4,2024-07-22
O05173,C0462,P0668,4,2025-08-13
O05174,C0685,P0525,2,2024-07-07
O05175,C0554,P0567,2,2023-10-09
O05176,C0364,P0112,1,2025-03-17
O05177,C0733,P0611,4,2024-07-29
O05178,C0387,P0497,2,2024-07-18
O05179,C0706,P0461,2,2024-06-20
O05180,C0244,P0657,5,2025-05-04
O05181,C0576,P0398,5,2023-09-22
O05182,C0439,P0086,1,2025-05-22
O05183,C0364,P0468,5,2025-05-03
O05184,C0796,P0133,1,2023-09-25
O05185,C0914,P0065,1,2024-05-30
O05186,C0353,P0074,4,2024-07-01
O05187,C0646,P0245,4,2023-09-23
O05188,C0738,P0600,4,2023-11-05
O05189,C0678,P0694,2,2025-06-16
O05190,C0558,P0039,5,2025-01-15
O05191,C0669,P0552,3,2023-10-08
O05192,C0251,P0087,3,2024-09-02
O05193,C0322,P0460,2,2024-08-03
O05194,C0888,P0115,4,2025-06-26
O05195,C0444,P0293,4,2025-04-02
O05196,C0761,P0337,3,2024-07-11
O05197,C0285,P0539,3,2025-01-11
O05198,C0117,P0704,4,2025-02-25
O05199,C0444,P0209,3,2025-03-11
O05200,C0522,P0315,3,2024-05-18
O05201,C0578,P0218,5,2024-08-18
O05202,C0011,P0700,5,2024-11-24
O05203,C0277,P0118,5,2025-07-21
O05204,C0155,P0335,4,2025-06-03
O05205,C0261,P0281,5,2024-02-29
O05206,C0154,P0311,4,2025-04-21
O05207,C0707,P0418,2,2023-12-23
O05208,C0062,P0289,5,2024-02-24
O05209,C0786,P0056,5,2025-01-14
O05210,C0560,P0317,2,2023-12-12
O05211,C0525,P0023,4,2024-08-04
O05212,C0079,P0473,2,2024-11-03
O05213,C0580,P0326,5,2023-09-24
O05214,C0109,P0084,4,2023-12-16
O05215,C0661,P0428,5,2024-01-16
O05216,C0597,P0268,5,2024-03-19
O05217,C0227,P0458,3,2025-01-05
O05218,C0333,P0663,3,2024-05-19
O05219,C0202,P0336,4,2024-07-25
O05220,C0404,P0635,5,2024-06-14
O05221,C0775,P0628,4,2024-05-20
O05222,C0145,P0312,1,2025-07-17
O05223,C0402,P0090,3,2025-08-27
O05224,C0165,P0686,1,2024-02-28
O05225,C0149,P0256,4,2024-11-02
O05226,C0543,P0674,3,2025-08-13
O05227,C0112,P0059,3,2023-10-10
O05228,C0871,P0039,1,2025-07-15
O05229,C0361,P0540,1,2025-05-17
O05230,C0926,P0424,4,2025-08-27
O05231,C0084,P0584,5,2025-03-28
O05232,C0306,P0451,5,2024-07-06
O05233,C0366,P0208,1,2025-03-18
O05234,C0075,P0149,4,2024-07-16
O05235,C0084,P0353,5,2025-08-18
O05236,C0533,P0550,2,2023-12-18
O05237,C0775,P0318,3,2023-11-25
O05238,C0815,P0083,4,2023-12-04
O05239,C0549,P0631,4,2025-02-15
O05240,C0224,P0544,4,2023-10-26
O05241,C0096,P0665,4,2023-11-16
O05242,C0192,P0324,1,2024-04-14
O05243,C0236,P0532,3,2025-07-13
O05244,C0587,P0052,4,2024-02-19
O05245,C0814,P0058,5,2025-04-25
O05246,C0722,P0138,4,2023-12-06
O05247,C0846,P0102,1,2025-01-28
O05248,C0033,P0181,4,2025-04-17
O05249,C0040,P0494,1,2024-02-16
O05250,C0501,P0061,4,2024-09-22
O05251,C0570,P0587,4,2024-03-24
O05252,C0769,P0659,4,2023-11-28
O05253,C0249,P0041,3,2024-09-02
O05254,C0135,P0110,5,2025-03-30
O05255,C0141,P0046,4,2025-04-22
O05256,C0246,P0610,3,2024-10-10
O05257,C0094,P0169,3,2023-10-01
O05258,C0398,P0237,2,2024-11-06
O05259,C0923,P0013,1,2025-05-10
O05260,C0744,P0003,1,2025-09-06
O05261,C0502,P0450,3,2024-01-01
O05262,C0347,P0339,2,2025-09-12
O05263,C0376,P0160,2,2024-12-26
O05264,C0222,P0336,1,2023-12-18
O05265,C0194,P0206,2,2025-09-04
O05266,C0504,P0380,5,2024-03-16
O05267,C0921,P0619,4,2025-05-05
O05268,C0771,P0293,1,2023-11-29
O05269,C0130,P0339,1,2024-01-21
O05270,C0885,P0157,1,2024-11-13
O05271,C0908,P0055,2,2025-04-19
O05272,C0751,P0638,2,2024-06-17
O05273,C0072,P0531,3,2024-10-16
O05274,C0117,P0171,2,2024-04-08
O05275,C0760,P0002,3,2025-04-05
O05276,C0640,P0227,5,2025-06-20
O05277,C0133,P0631,3,2025-06-15
O05278,C0562,P0533,1,2025-03-12
O05279,C0496,P0375,1,2023-12-17
O05280,C0066,P0677,4,2023-09-20
O05281,C0276,P0664,5,2025-06-29
O05282,C0867,P0207,2,2024-04-23
O05283,C0738,P0139,1,2025-09-15
O05284,C0597,P0177,5,2024-05-27
O05285,C0274,P0270,5,2025-02-28
O05286,C0059,P0380,5,2023-10-20
O05287,C0212,P0533,2,2024-07-27
O05288,C0175,P0545,4,2023-11-01
O05289,C0539,P0697,1,2024-05-29
O05290,C0730,P0669,4,2025-08-25
O05291,C0010,P0196,3,2024-06-27
O05292,C0171,P0601,1,2023-11-02
O05293,C0554,P0095,1,2023-10-02
O05294,C0457,P0279,2,2025-04-07
O05295,C0333,P0499,3,2025-03-11
O05296,C0919,P0173,1,2025-08-21
O05297,C0554,P0454,3,2024-12-24
O05298,C0416,P0447,4,2025-07-29
O05299,C0536,P0441,5,2025-01-06
O05300,C0605,P0012,2,2025-01-09
O05301,C0548,P0475,1,2024-04-14
O05302,C0565,P0501,4,2025-01-19
O05303,C0191,P0416,2,2024-08-31
O05304,C0292,P0418,5,2024-01-29
O05305,C0439,P0138,2,2023-11-25
O05306,C0810,P0539,2,2023-10-08
O05307,C0104,P0211,5,2023-10-10
O05308,C0909,P0455,4,2025-03-30
O05309,C0032,P0345,5,2025-03-29
O05310,C0390,P0094,2,2025-03-02
O05311,C0141,P0229,4,2025-02-09
O05312,C0246,P0399,2,2025-05-16
O05313,C0108,P0289,2,2025-01-24
O05314,C0466,P0410,2,2025-01-10
O05315,C0683,P0330,3,2024-09-27
O05316,C0892,P0341,1,2024-03-07
O05317,C0645,P0704,4,2025-06-07
O05318,C0755,P0124,1,2025-01-19
O05319,C0409,P0117,5,2024-09-07
O05320,C0056,P0702,1,2025-07-25
O05321,C0482,P0028,4,2024-02-29
O05322,C0510,P0463,4,2024-07-17
O05323,C0888,P0679,2,2025-09-03
O05324,C0341,P0210,2,2024-10-19
O05325,C0600,P0015,2,2024-08-11
O05326,C0738,P0237,4,2025-09-08
O05327,C0539,P0220,5,2023-12-18
O05328,C0507,P0703,5,2024-04-05
O05329,C0276,P0445,3,2025-03-18
O05330,C0900,P0386,2,2024-11-10
O05331,C0525,P0563,3,2024-01-14
O05332,C0457,P0392,1,2025-05-17
O05333,C0339,P0577,5,2024-03-17
O05334,C0818,P0026,4,2024-08-08
O05335,C0380,P0434,4,2025-06-26
O05336,C0176,P0331,5,2024-12-27
O05337,C0582,P0207,1,2025-04-02
O05338,C0206,P0051,1,2023-12-11
O05339,C0468,P0106,4,2025-07-23
O05340,C0540,P0679,4,2024-11-28
O05341,C0304,P0418,3,2025-07-07
O05342,C0423,P0117,4,2024-09-21
O05343,C0465,P0601,1,2024-02-07
O05344,C0440,P0430,3,2025-03-15
O05345,C0289,P0519,4,2025-07-09
O05346,C0426,P0070,2,2024-11-27
O05347,C0195,P0162,4,2024-08-28
O05348,C0734,P0557,1,2024-11-16
O05349,C0503,P0529,5,2024-07-11
O05350,C0720,P0088,3,2024-07-20
O05351,C0834,P0284,3,2025-07-30
O05352,C0368,P0039,4,2025-07-20
O05353,C0377,P0160,3,2024-06-13
O05354,C0635,P0389,3,2025-01-15
O05355,C0091,P0353,3,2024-10-26
O05356,C0200,P0161,3,2025-08-31
O05357,C0070,P0566,4,2024-12-14
O05358,C0628,P0668,5,2024-04-22
O05359,C0317,P0500,1,2025-05-17
O05360,C0004,P0585,1,2025-01-10
O05361,C0900,P0078,4,2025-08-03
O05362,C0473,P0642,2,2024-09-02
O05363,C0042,P0627,4,2024-03-11
O05364,C0072,P0434,4,2023-10-28
O05365,C0456,P0551,5,2024-12-14
O05366,C0250,P0290,2,2023-10-17
O05367,C0798,P0021,4,2024-04-05
O05368,C0531,P0011,3,2025-08-15
O05369,C0324,P0287,5,2025-05-08
O05370,C0335,P0427,3,2024-10-16
O05371,C0102,P0384,2,2025-03-17
O05372,C0108,P0165,5,2025-06-02
O05373,C0290,P0394,2,2023-12-01
O05374,C0551,P0364,2,2025-07-31
O05375,C0535,P0378,1,2024-07-20
O05376,C0130,P0533,4,2025-08-23
O05377,C0408,P0644,2,2025-07-15
O05378,C0695,P0398,4,2024-02-18
O05379,C0359,P0648,1,2024-11-26
O05380,C0225,P0095,5,2024-03-22
O05381,C0720,P0528,4,2024-08-04
O05382,C0174,P0676,5,2025-02-26
O05383,C0870,P0064,2,2025-01-08
O05384,C0765,P0493,3,2024-04-12
O05385,C0126,P0143,3,2025-04-14
O05386,C0125,P0077,1,2024-10-29
O05387,C0772,P0552,3,2024-08-25
O05388,C0229,P0459,5,2025-06-05
O05389,C0553,P0396,4,2024-12-06
O05390,C0555,P0399,1,2025-06-01
O05391,C0449,P0193,1,2024-07-14
O05392,C0592,P0339,4,2024-08-03
O05393,C0260,P0192,5,2024-12-12
O05394,C0437,P0612,4,2024-12-26
O05395,C0763,P0704,1,2024-04-18
O05396,C0469,P0550,5,2023-12-16
O05397,C0577,P0684,5,2024-10-14
O05398,C0523,P0472,5,2024-04-14
O05399,C0497,P0659,4,2024-07-06
O05400,C0787,P0042,2,2024-09-01
O05401,C0184,P0541,5,2024-04-07
O05402,C0336,P0389,2,2025-01-27
O05403,C0096,P0465,1,2025-01-07
O05404,C0785,P0697,3,2025-07-12
O05405,C0456,P0494,1,2024-03-24
O05406,C0322,P0340,2,2024-08-07
O05407,C0723,P0697,3,2024-06-04
O05408,C0914,P0558,2,2024-09-23
O05409,C0579,P0059,5,2024-10-04
O05410,C0734,P0078,2,2025-08-16
O05411,C0291,P0689,2,2024-02-27
O05412,C0371,P0387,4,2025-01-22
O05413,C0801,P0044,2,2025-05-02
O05414,C0616,P0490,3,2024-07-21
O05415,C0500,P0515,1,2024-06-05
O05416,C0022,P0583,1,2024-01-23
O05417,C0403,P0275,3,2025-06-04
O05418,C0878,P0215,5,2025-05-09
O05419,C0838,P0688,2,2023-11-11
O05420,C0371,P0620,5,2023-09-18
O05421,C0740,P0315,3,2024-09-09
O05422,C0300,P0014,3,2025-08-20
O05423,C0321,P0186,1,2025-09-03
O05424,C0215,P0111,2,2024-10-31
O05425,C0573,P0065,2,2024-07-23
O05426,C0915,P0652,3,2025-08-30
O05427,C0535,P0534,1,2024-10-31
O05428,C0356,P0641,1,2025-07-23
O05429,C0156,P0485,3,2024-08-12
O05430,C0454,P0238,4,2025-01-18
O05431,C0269,P0325,2,2024-04-03
O05432,C0187,P0521,1,2023-11-21
O05433,C0566,P0144,2,2024-02-29
O05434,C0859,P0020,2,2023-12-02
O05435,C0686,P0639,4,2024-06-25
O05436,C0767,P0213,4,2024-06-22
O05437,C0874,P0404,3,2024-09-30
O05438,C0234,P0597,4,2025-03-01
O05439,C0447,P0553,5,2024-06-03
O05440,C0178,P0396,3,2025-03-03
O05441,C0920,P0215,3,2024-07-13
O05442,C0226,P0176,3,2025-05-21
O05443,C0401,P0278,2,2023-12-15
O05444,C0431,P0513,3,2025-05-24
O05445,C0436,P0678,4,2024-11-04
O05446,C0051,P0215,2,2023-12-18
O05447,C0553,P0133,5,2024-10-16
O05448,C0575,P0586,3,2024-08-28
O05449,C0101,P0372,1,2023-12-14
O05450,C0898,P0625,5,2024-08-02
O05451,C0625,P0197,3,2024-03-29
O05452,C0556,P0457,1,2025-08-25
O05453,C0160,P0586,5,2024-04-27
O05454,C0679,P0564,3,2023-09-20
O05455,C0395,P0655,4,2024-04-24
O05456,C0317,P0319,2,2023-10-14
O05457,C0574,P0513,2,2024-10-09
O05458,C0892,P0320,3,2025-04-13
O05459,C0924,P0398,2,2024-12-28
O05460,C0449,P0665,5,2024-07-26
O05461,C0304,P0352,1,2025-02-26
O05462,C0882,P0661,5,2024-08-17
O05463,C0877,P0247,1,2024-10-11
O05464,C0056,P0475,3,2025-08-02
O05465,C0620,P0623,4,2025-02-24
O05466,C0564,P0657,5,2023-09-18
O05467,C0566,P0479,3,2024-05-24
O05468,C0439,P0453,2,2025-04-18
O05469,C0598,P0411,2,2023-09-25
O05470,C0378,P0548,4,2025-01-01
O05471,C0806,P0169,4,2024-02-24
O05472,C0883,P0669,1,2025-02-06
O05473,C0696,P0335,2,2024-06-05
O05474,C0167,P0492,1,2025-07-08
O05475,C0480,P0692,2,2024-10-30
O05476,C0348,P0414,1,2025-07-01
O05477,C0481,P0337,3,2023-12-13
O05478,C0691,P0392,5,2025-07-08
O05479,C0303,P0379,1,2024-08-08
O05480,C0155,P0592,3,2024-12-21
O05481,C0030,P0513,2,2025-08-26
O05482,C0399,P0420,3,2025-07-26
O05483,C0262,P0510,1,2024-08-04
O05484,C0182,P0521,5,2025-03-19
O05485,C0098,P0674,2,2025-06-08
O05486,C0147,P0612,4,2024-09-09
O05487,C0245,P0210,3,2025-02-01
O05488,C0245,P0248,5,2025-02-01
O05489,C0456,P0564,4,2023-12-10
O05490,C0706,P0466,5,2024-06-19
O05491,C0033,P0537,4,2025-08-01
O05492,C0388,P0216,1,2025-07-28
O05493,C0609,P0512,5,2024-12-02
O05494,C0272,P0437,4,2025-09-14
O05495,C0660,P0621,1,2025-03-24
O05496,C0355,P0624,1,2024-08-20
O05497,C0707,P0263,5,2025-02-16
O05498,C0895,P0364,1,2024-02-17
O05499,C0850,P0454,5,2024-05-10
O05500,C0010,P0241,4,2024-09-07
O05501,C0014,P0544,4,2025-09-06
O05502,C0483,P0100,5,2025-01-18
O05503,C0720,P0669,2,2025-07-29
O05504,C0850,P0161,5,2024-12-29
O05505,C0679,P0303,3,2023-10-25
O05506,C0904,P0337,2,2024-04-10
O05507,C0392,P0682,4,2024-04-07
O05508,C0545,P0117,5,2024-05-23
O05509,C0653,P0481,1,2023-11-12
O05510,C0207,P0403,1,2025-03-17
O05511,C0487,P0242,3,2024-08-24
O05512,C0693,P0447,3,2025-03-12
O05513,C0721,P0536,2,2025-03-04
O05514,C0374,P0467,3,2025-04-06
O05515,C0748,P0498,5,2025-07-06
O05516,C0786,P0552,3,2025-05-04
O05517,C0248,P0326,2,2025-05-18
O05518,C0700,P0236,1,2024-07-25
O05519,C0256,P0426,4,2024-07-12
O05520,C0577,P0584,2,2024-12-20
O05521,C0727,P0276,1,2024-04-11
O05522,C0780,P0081,3,2024-02-19
O05523,C0351,P0274,5,2024-02-24
O05524,C0262,P0702,1,2024-12-09
O05525,C0117,P0174,5,2023-10-19
O05526,C0072,P0665,1,2024-02-21
O05527,C0111,P0112,5,2024-04-17
O05528,C0785,P0342,1,2024-05-03
O05529,C0395,P0253,4,2024-04-23
O05530,C0400,P0517,1,2025-09-16
O05531,C0350,P0368,5,2025-05-03
O05532,C0725,P0535,3,2024-03-02
O05533,C0628,P0084,3,2025-03-14
O05534,C0769,P0568,5,2024-10-09
O05535,C0504,P0287,3,2025-04-29
O05536,C0620,P0313,4,2024-03-22
O05537,C0043,P0578,3,2025-02-23
O05538,C0787,P0304,2,2024-07-28
O05539,C0381,P0254,5,2025-07-27
O05540,C0137,P0107,2,2024-03-17
O05541,C0413,P0605,5,2025-05-08
O05542,C0112,P0257,3,2024-11-11
O05543,C0829,P0664,2,2025-01-27
O05544,C0392,P0244,5,2025-06-18
O05545,C0407,P0098,5,2025-01-11
O05546,C0799,P0620,2,2025-07-14
O05547,C0834,P0551,4,2024-01-09
O05548,C0638,P0339,5,2023-10-16
O05549,C0020,P0621,1,2025-08-05
O05550,C0261,P0523,4,2024-08-07
O05551,C0452,P0277,3,2025-02-18
O05552,C0640,P0549,2,2025-09-12
O05553,C0356,P0507,5,2023-12-17
O05554,C0529,P0248,2,2025-09-13
O05555,C0926,P0073,3,2023-10-18
O05556,C0913,P0563,3,2025-05-24
O05557,C0115,P0193,1,2025-02-28
O05558,C0564,P0134,5,2024-06-17
O05559,C0409,P0446,5,2024-07-20
O05560,C0206,P0163,3,2024-04-03
O05561,C0385,P0078,4,2025-02-17
O05562,C0200,P0263,4,2025-08-21
O05563,C0313,P0094,5,2024-03-18
O05564,C0766,P0180,4,2025-02-12
O05565,C0020,P0311,3,2023-09-24
O05566,C0087,P0225,5,2023-09-17
O05567,C0609,P0620,4,2025-03-10
O05568,C0450,P0538,4,2025-05-30
O05569,C0191,P0575,2,2025-08-14
O05570,C0058,P0052,1,2025-06-07
O05571,C0908,P0467,5,2025-03-10
O05572,C0885,P0301,5,2025-04-15
O05573,C0082,P0502,4,2025-03-11
O05574,C0217,P0542,1,2024-06-13
O05575,C0430,P0372,2,2024-07-01
O05576,C0918,P0006,4,2024-12-21
O05577,C0581,P0249,5,2024-06-10
O05578,C0913,P0061,3,2025-08-14
O05579,C0915,P0588,2,2023-12-20
O05580,C0039,P0625,5,2025-04-06
O05581,C0483,P0070,4,2025-01-11
O05582,C0599,P0391,1,2023-11-15
O05583,C0580,P0057,4,2025-07-10
O05584,C0427,P0407,4,2025-04-27
O05585,C0024,P0680,4,2024-06-03
O05586,C0255,P0015,1,2025-06-18
O05587,C0154,P0517,2,2024-09-01
O05588,C0586,P0360,5,2023-10-15
O05589,C0908,P0431,2,2025-02-04
O05590,C0724,P0202,2,2024-08-13
O05591,C0156,P0274,1,2024-04-20
O05592,C0850,P0069,5,2025-07-03
O05593,C0768,P0169,4,2024-08-14
O05594,C0108,P0020,2,2023-11-20
O05595,C0685,P0148,5,2024-06-29
O05596,C0431,P0632,3,2025-07-15
O05597,C0453,P0646,3,2025-04-16
O05598,C0190,P0491,5,2025-09-14
O05599,C0193,P0426,4,2025-05-06
O05600,C0180,P0308,1,2025-08-31
O05601,C0336,P0575,5,2025-05-18
O05602,C0334,P0573,2,2024-03-05
O05603,C0143,P0359,4,2025-02-02
O05604,C0490,P0699,4,2024-05-15
O05605,C0404,P0298,1,2024-09-01
O05606,C0809,P0364,1,2024-04-25
O05607,C0137,P0463,1,2024-11-24
O05608,C0709,P0568,5,2023-09-29
O05609,C0098,P0575,1,2023-12-24
O05610,C0225,P0509,4,2023-10-05
O05611,C0704,P0006,5,2023-10-14
O05612,C0239,P0004,4,2025-06-09
O05613,C0630,P0639,2,2024-05-12
O05614,C0093,P0544,1,2025-03-27
O05615,C0584,P0701,2,2025-08-11
O05616,C0881,P0563,1,2025-05-02
O05617,C0718,P0252,5,2025-03-12
O05618,C0122,P0599,2,2024-10-16
O05619,C0400,P0425,2,2025-03-07
O05620,C0632,P0242,5,2025-08-12
O05621,C0320,P0492,1,2024-02-13
O05622,C0433,P0125,2,2024-11-12
O05623,C0407,P0353,2,2024-03-17
O05624,C0497,P0600,3,2025-06-20
O05625,C0061,P0555,2,2024-01-10
O05626,C0470,P0550,5,2024-06-03
O05627,C0129,P0557,3,2024-09-14
O05628,C0098,P0491,5,2024-01-28
O05629,C0258,P0351,4,2023-12-31
O05630,C0820,P0185,1,2024-07-30
O05631,C0484,P0225,5,2024-06-27
O05632,C0079,P0191,4,2024-09-12
O05633,C0353,P0328,3,2023-10-08
O05634,C0443,P0682,5,2023-10-22
O05635,C0514,P0299,2,2024-03-17
O05636,C0193,P0434,5,2025-08-20
O05637,C0349,P0696,3,2025-06-24
O05638,C0665,P0118,4,2024-07-30
O05639,C0801,P0199,4,2023-12-01
O05640,C0333,P0292,2,2024-03-23
O05641,C0392,P0139,3,2024-06-07
O05642,C0704,P0590,4,2025-08-13
O05643,C0324,P0622,5,2025-04-20
O05644,C0312,P0021,1,2024-01-07
O05645,C0262,P0673,3,2025-05-12
O05646,C0482,P0069,5,2024-07-19
O05647,C0437,P0240,5,2024-02-09
O05648,C0354,P0669,4,2024-03-10
O05649,C0449,P0701,5,2025-01-20
O05650,C0339,P0684,2,2023-09-21
O05651,C0471,P0009,1,2024-10-30
O05652,C0837,P0445,4,2024-04-11
O05653,C0563,P0045,4,2025-09-16
O05654,C0430,P0247,3,2025-08-14
O05655,C0133,P0513,3,2023-12-09
O05656,C0803,P0399,4,2025-01-26
O05657,C0469,P0258,3,2025-02-05
O05658,C0605,P0331,4,2023-11-26
O05659,C0900,P0673,3,2024-09-24
O05660,C0545,P0269,3,2023-09-22
O05661,C0348,P0230,1,2024-07-27
O05662,C0249,P0138,3,2025-07-09
O05663,C0150,P0272,2,2025-05-24
O05664,C0143,P0419,2,2025-09-05
O05665,C0561,P0429,3,2024-11-12
O05666,C0576,P0300,4,2023-12-31
O05667,C0712,P0703,4,2023-10-12
O05668,C0863,P0498,3,2024-06-11
O05669,C0725,P0610,3,2024-12-01
O05670,C0357,P0461,5,2023-10-31
O05671,C0472,P0559,5,2023-10-14
O05672,C0678,P0138,2,2024-04-13
O05673,C0084,P0497,3,2024-05-22
O05674,C0289,P0530,3,2024-08-22
O05675,C0912,P0169,3,2024-12-19
O05676,C0619,P0377,3,2024-03-10
O05677,C0171,P0294,5,2025-08-15
O05678,C0144,P0217,2,2024-05-28
O05679,C0400,P0255,3,2024-12-25
O05680,C0145,P0339,4,2024-11-22
O05681,C0292,P0090,2,2024-03-09
O05682,C0590,P0297,3,2024-02-29
O05683,C0136,P0399,2,2023-11-30
O05684,C0277,P0533,4,2025-08-06
O05685,C0475,P0691,1,2023-10-08
O05686,C0201,P0142,4,2025-02-07
O05687,C0749,P0526,2,2024-09-23
O05688,C0040,P0077,3,2025-05-17
O05689,C0314,P0683,4,2023-12-06
O05690,C0817,P0341,3,2024-01-20
O05691,C0196,P0242,3,2024-12-22
O05692,C0728,P0115,2,2025-08-15
O05693,C0316,P0681,5,2024-10-20
O05694,C0453,P0640,2,2024-05-18
O05695,C0599,P0405,4,2024-04-04
O05696,C0637,P0264,4,2025-05-09
O05697,C0560,P0237,1,2024-11-16
O05698,C0285,P0604,2,2024-04-29
O05699,C0622,P0645,2,2023-12-23
O05700,C0814,P0319,4,2024-05-30
O05701,C0623,P0187,5,2024-05-12
O05702,C0562,P0064,2,2024-04-11
O05703,C0445,P0377,5,2023-10-05
O05704,C0759,P0273,5,2024-10-04
O05705,C0611,P0474,1,2025-05-11
O05706,C0435,P0166,1,2025-02-20
O05707,C0793,P0251,1,2025-02-07
O05708,C0249,P0334,2,2025-05-11
O05709,C0171,P0537,4,2024-06-23
O05710,C0340,P0684,5,2025-02-23
O05711,C0585,P0484,2,2024-09-07
O05712,C0012,P0162,5,2025-07-03
O05713,C0082,P0347,5,2024-08-17
O05714,C0088,P0143,5,2025-08-26
O05715,C0828,P0310,1,2024-03-12
O05716,C0237,P0162,5,2024-01-03
O05717,C0538,P0193,1,2025-08-10
O05718,C0143,P0465,2,2023-10-21
O05719,C0429,P0060,5,2025-05-02
O05720,C0310,P0572,4,2023-11-05
O05721,C0294,P0090,1,2024-11-05
O05722,C0582,P0174,1,2025-02-13
O05723,C0635,P0560,3,2024-08-21
O05724,C0144,P0519,2,2024-04-27
O05725,C0116,P0010,3,2024-04-13
O05726,C0385,P0695,5,2023-10-22
O05727,C0004,P0245,3,2025-04-30
O05728,C0360,P0562,2,2024-10-30
O05729,C0525,P0369,5,2023-10-06
O05730,C0773,P0355,5,2024-01-10
O05731,C0376,P0050,4,2024-06-07
O05732,C0277,P0641,1,2025-06-21
O05733,C0472,P0496,1,2023-12-20
O05734,C0421,P0091,5,2024-06-27
O05735,C0408,P0085,1,2024-12-12
O05736,C0461,P0438,1,2023-12-25
O05737,C0522,P0679,1,2024-04-08
O05738,C0554,P0118,4,2025-05-14
O05739,C0627,P0616,3,2025-05-07
O05740,C0065,P0250,2,2024-10-07
O05741,C0424,P0380,4,2025-02-23
O05742,C0753,P0155,4,2024-10-05
O05743,C0288,P0407,4,2025-08-21
O05744,C0176,P0289,2,2025-07-16
O05745,C0087,P0487,2,2024-01-16
O05746,C0413,P0027,3,2024-06-25
O05747,C0724,P0612,2,2024-04-29
O05748,C0370,P0045,5,2024-03-11
O05749,C0702,P0138,5,2023-12-15
O05750,C0651,P0243,5,2024-06-10
O05751,C0646,P0218,5,2025-01-28
O05752,C0825,P0499,4,2025-08-17
O05753,C0031,P0696,2,2024-03-21
O05754,C0467,P0183,2,2023-09-19
O05755,C0146,P0360,4,2025-03-17
O05756,C0493,P0117,4,2025-05-01
O05757,C0829,P0251,4,2024-11-04
O05758,C0616,P0516,1,2025-02-19
O05759,C0542,P0467,1,2024-05-30
O05760,C0220,P0632,3,2024-07-26
O05761,C0286,P0635,1,2024-08-14
O05762,C0879,P0556,3,2025-06-23
O05763,C0290,P0052,4,2023-09-28
O05764,C0054,P0194,1,2024-12-07
O05765,C0885,P0529,2,2024-09-28
O05766,C0902,P0284,5,2025-01-19
O05767,C0860,P0135,1,2023-12-23
O05768,C0186,P0104,3,2024-05-24
O05769,C0648,P0355,4,2025-06-09
O05770,C0144,P0615,1,2023-09-18
O05771,C0113,P0545,5,2023-09-22
O05772,C0136,P0603,2,2025-03-27
O05773,C0016,P0675,2,2023-12-27
O05774,C0002,P0187,2,2025-03-12
O05775,C0057,P0475,5,2024-08-04
O05776,C0818,P0060,4,2024-09-25
O05777,C0811,P0028,3,2024-02-14
O05778,C0610,P0196,3,2023-12-21
O05779,C0018,P0404,5,2023-12-18
O05780,C0458,P0449,1,2024-07-19
O05781,C0568,P0656,3,2024-04-18
O05782,C0908,P0249,3,2025-09-13
O05783,C0134,P0450,2,2025-07-22
O05784,C0877,P0215,4,2025-08-31
O05785,C0717,P0586,1,2025-07-11
O05786,C0492,P0469,3,2025-07-26
O05787,C0202,P0685,4,2025-03-17
O05788,C0364,P0121,2,2025-07-05
O05789,C0652,P0297,1,2023-12-18
O05790,C0297,P0459,2,2024-05-10
O05791,C0590,P0284,5,2024-08-05
O05792,C0771,P0546,2,2025-07-27
O05793,C0243,P0624,4,2024-09-25
O05794,C0844,P0566,1,2024-06-06
O05795,C0297,P0054,4,2025-04-04
O05796,C0296,P0658,5,2024-12-23
O05797,C0104,P0176,2,2024-09-02
O05798,C0650,P0426,4,2025-01-26
O05799,C0419,P0238,1,2025-04-13
O05800,C0248,P0402,3,2024-02-25
O05801,C0859,P0288,5,2024-02-20
O05802,C0231,P0578,1,2024-07-10
O05803,C0165,P0550,2,2024-12-09
O05804,C0478,P0224,5,2023-11-23
O05805,C0766,P0543,2,2025-03-14
O05806,C0396,P0582,3,2023-12-05
O05807,C0408,P0322,5,2024-07-25
O05808,C0801,P0228,1,2025-05-10
O05809,C0058,P0158,5,2024-01-22
O05810,C0786,P0143,1,2025-09-04
O05811,C0172,P0366,5,2024-10-21
O05812,C0215,P0356,2,2024-02-02
O05813,C0321,P0405,3,2025-06-24
O05814,C0371,P0086,5,2025-09-12
O05815,C0865,P0359,4,2025-05-05
O05816,C0327,P0511,1,2025-01-12
O05817,C0247,P0213,1,2025-02-24
O05818,C0118,P0398,2,2025-09-14
O05819,C0804,P0267,3,2025-01-27
O05820,C0295,P0260,3,2023-12-08
O05821,C0109,P0050,2,2025-09-07
O05822,C0001,P0666,5,2024-09-30
O05823,C0295,P0588,4,2024-07-12
O05824,C0496,P0093,3,2024-04-16
O05825,C0828,P0651,4,2024-05-05
O05826,C0200,P0405,5,2025-03-06
O05827,C0662,P0580,2,2024-04-15
O05828,C0654,P0361,3,2025-08-04
O05829,C0508,P0071,3,2025-03-23
O05830,C0457,P0377,3,2024-03-29
O05831,C0147,P0090,3,2025-07-17
O05832,C0925,P0405,4,2024-02-13
O05833,C0677,P0469,1,2024-09-07
O05834,C0547,P0248,2,2024-11-06
O05835,C0390,P0014,4,2025-09-09
O05836,C0723,P0648,5,2025-03-24
O05837,C0925,P0662,1,2025-01-01
O05838,C0086,P0388,3,2025-03-07
O05839,C0092,P0066,1,2025-06-14
O05840,C0734,P0375,3,2024-04-12
O05841,C0382,P0568,1,2025-04-13
O05842,C0833,P0339,3,2023-11-02
O05843,C0092,P0187,1,2024-02-16
O05844,C0087,P0659,4,2025-05-22
O05845,C0260,P0125,4,2024-10-01
O05846,C0275,P0671,2,2025-03-02
O05847,C0123,P0298,3,2023-11-26
O05848,C0272,P0291,2,2025-03-08
O05849,C0535,P0536,3,2023-10-23
O05850,C0229,P0236,5,2024-10-08
O05851,C0231,P0335,1,2024-10-12
O05852,C0261,P0563,3,2025-03-07
O05853,C0904,P0446,1,2024-01-30
O05854,C0036,P0355,5,2024-04-19
O05855,C0882,P0366,5,2024-01-01
O05856,C0433,P0284,1,2025-04-24
O05857,C0302,P0512,5,2025-05-08
O05858,C0652,P0211,5,2024-07-22
O05859,C0587,P0046,4,2025-02-04
O05860,C0355,P0014,5,2025-08-03
O05861,C0437,P0693,1,2024-01-25
O05862,C0675,P0103,3,2025-05-22
O05863,C0149,P0375,3,2024-07-12
O05864,C0795,P0201,4,2024-02-27
O05865,C0284,P0035,3,2025-01-17
O05866,C0169,P0322,5,2025-04-20
O05867,C0641,P0454,2,2024-10-29
O05868,C0090,P0588,5,2024-08-06
O05869,C0712,P0016,2,2024-07-16
O05870,C0270,P0417,1,2025-06-05
O05871,C0463,P0075,2,2025-09-11
O05872,C0717,P0187,4,2024-09-23
O05873,C0906,P0302,4,2024-06-18
O05874,C0187,P0332,1,2025-05-18
O05875,C0861,P0158,5,2024-10-09
O05876,C0521,P0154,4,2024-01-02
O05877,C0109,P0206,3,2025-06-30
O05878,C0018,P0558,5,2024-03-24
O05879,C0216,P0493,3,2025-07-08
O05880,C0137,P0565,1,2025-05-05
O05881,C0580,P0286,1,2024-11-07
O05882,C0686,P0092,5,2024-04-11
O05883,C0615,P0053,4,2023-11-07
O05884,C0691,P0427,1,2025-03-05
O05885,C0733,P0354,5,2024-06-14
O05886,C0685,P0616,1,2024-12-24
O05887,C0629,P0616,5,2024-05-22
O05888,C0395,P0120,5,2025-08-08
O05889,C0466,P0467,2,2025-01-13
O05890,C0882,P0261,1,2024-01-06
O05891,C0135,P0657,2,2024-01-21
O05892,C0825,P0115,3,2024-12-11
O05893,C0835,P0688,1,2024-09-27
O05894,C0227,P0581,5,2024-06-08
O05895,C0190,P0099,4,2025-01-15
O05896,C0788,P0540,5,2024-12-21
O05897,C0442,P0306,1,2025-09-13
O05898,C0534,P0276,2,2024-12-13
O05899,C0544,P0625,5,2023-11-17
O05900,C0186,P0596,1,2025-08-28
O05901,C0813,P0314,2,2024-03-07
O05902,C0457,P0537,5,2025-08-10
O05903,C0310,P0016,2,2024-09-14
O05904,C0418,P0081,4,2023-10-12
O05905,C0619,P0554,3,2025-08-07
O05906,C0086,P0207,2,2023-09-28
O05907,C0673,P0057,4,2024-10-30
O05908,C0565,P0213,3,2025-03-19
O05909,C0664,P0079,3,2025-03-17
O05910,C0064,P0529,3,2024-06-18
O05911,C0649,P0078,2,2025-05-09
O05912,C0488,P0086,1,2024-07-17
O05913,C0299,P0318,2,2024-10-04
O05914,C0860,P0010,3,2025-03-19
O05915,C0004,P0615,5,2025-02-22
O05916,C0161,P0018,1,2024-07-24
O05917,C0501,P0433,2,2025-04-26
O05918,C0290,P0293,4,2024-04-30
O05919,C0657,P0011,3,2024-10-18
O05920,C0455,P0544,3,2025-05-09
O05921,C0710,P0174,2,2024-01-25
O05922,C0612,P0063,2,2025-04-26
O05923,C0403,P0654,1,2025-07-28
O05924,C0007,P0608,2,2025-08-01
O05925,C0876,P0614,4,2024-06-09
O05926,C0922,P0491,5,2025-05-13
O05927,C0826,P0605,4,2024-12-06
O05928,C0866,P0313,4,2025-07-10
O05929,C0632,P0441,2,2024-11-17
O05930,C0234,P0347,5,2024-04-15
O05931,C0282,P0183,5,2024-02-24
O05932,C0673,P0466,3,2025-07-24
O05933,C0008,P0661,4,2025-01-07
O05934,C0416,P0332,5,2023-09-27
O05935,C0712,P0336,4,2024-02-08
O05936,C0006,P0177,2,2025-08-15
O05937,C0830,P0622,5,2025-01-16
O05938,C0696,P0369,1,2024-02-24
O05939,C0684,P0548,1,2024-10-08
O05940,C0192,P0524,5,2025-06-03
O05941,C0725,P0456,1,2024-10-01
O05942,C0184,P0097,2,2024-08-04
O05943,C0114,P0652,4,2025-03-21
O05944,C0740,P0508,4,2025-04-12
O05945,C0593,P0009,3,2025-03-17
O05946,C0295,P0702,2,2025-07-20
O05947,C0032,P0358,4,2024-04-10
O05948,C0528,P0617,4,2025-09-11
O05949,C0482,P0541,1,2024-02-26
O05950,C0712,P0470,1,2023-09-25
O05951,C0059,P0056,4,2024-03-25
O05952,C0318,P0458,2,2024-12-04
O05953,C0584,P0188,2,2023-11-29
O05954,C0666,P0142,1,2024-10-17
O05955,C0182,P0641,5,2025-02-13
O05956,C0279,P0545,5,2024-01-02
O05957,C0486,P0534,4,2024-09-05
O05958,C0891,P0098,4,2024-12-08
O05959,C0423,P0656,1,2024-05-25
O05960,C0418,P0656,5,2024-09-13
O05961,C0828,P0527,1,2024-12-11
O05962,C0793,P0283,4,2025-06-30
O05963,C0639,P0133,5,2024-11-28
O05964,C0778,P0676,2,2025-03-28
O05965,C0585,P0546,4,2025-08-09
O05966,C0213,P0413,1,2025-07-26
O05967,C0493,P0253,2,2025-04-03
O05968,C0404,P0674,5,2025-04-02
O05969,C0495,P0184,3,2023-09-20
O05970,C0231,P0485,5,2024-01-23
O05971,C0018,P0032,2,2024-12-29
O05972,C0289,P0389,5,2024-01-29
O05973,C0889,P0613,5,2024-03-11
O05974,C0646,P0354,5,2024-07-31
O05975,C0538,P0449,1,2024-10-31
O05976,C0079,P0615,3,2024-08-17
O05977,C0288,P0180,2,2023-09-26
O05978,C0168,P0008,3,2025-04-19
O05979,C0326,P0037,1,2024-01-22
O05980,C0040,P0653,1,2024-03-03
O05981,C0497,P0326,5,2025-06-01
O05982,C0154,P0394,5,2025-07-31
O05983,C0315,P0529,2,2025-06-03
O05984,C0030,P0015,2,2024-04-22
O05985,C0630,P0677,3,2023-12-14
O05986,C0713,P0012,1,2025-01-24
O05987,C0114,P0379,4,2024-06-01
O05988,C0189,P0575,4,2025-03-19
O05989,C0694,P0695,2,2024-08-26
O05990,C0240,P0211,3,2025-03-05
O05991,C0774,P0216,3,2024-07-23
O05992,C0085,P0657,5,2025-03-06
O05993,C0094,P0187,1,2023-09-18
O05994,C0743,P0483,4,2024-05-03
O05995,C0279,P0488,5,2024-09-13
O05996,C0104,P0264,3,2025-08-11
O05997,C0008,P0380,1,2025-01-05
O05998,C0306,P0173,4,2025-07-03
O05999,C0672,P0486,3,2024-05-25
O06000,C0367,P0304,1,2024-10-16
O06001,C0736,P0064,2,2024-04-04
O06002,C0153,P0573,4,2024-04-08
O06003,C0449,P0500,4,2024-08-10
O06004,C0103,P0020,5,2023-11-06
O06005,C0092,P0072,3,2025-03-01
O06006,C0545,P0281,1,2024-12-22
O06007,C0870,P0251,4,2024-09-19
O06008,C0008,P0623,2,2024-08-05
O06009,C0343,P0225,4,2024-10-18
O06010,C0275,P0627,1,2023-11-03
O06011,C0082,P0085,4,2025-07-16
O06012,C0679,P0616,2,2024-06-01
O06013,C0236,P0425,1,2025-03-26
O06014,C0352,P0234,1,2025-04-20
O06015,C0046,P0116,5,2024-04-15
O06016,C0368,P0402,5,2024-01-19
O06017,C0424,P0226,3,2024-01-27
O06018,C0922,P0178,4,2024-09-02
O06019,C0159,P0605,5,2024-07-18
O06020,C0788,P0103,5,2024-12-18
O06021,C0303,P0298,2,2023-10-23
O06022,C0067,P0457,5,2025-01-01
O06023,C0319,P0273,1,2024-04-01
O06024,C0060,P0572,1,2025-06-21
O06025,C0673,P0563,4,2025-06-25
O06026,C0724,P0688,4,2025-01-23
O06027,C0473,P0646,1,2024-05-17
O06028,C0809,P0657,1,2024-02-05
O06029,C0694,P0020,2,2024-05-18
O06030,C0655,P0672,1,2025-09-04
O06031,C0799,P0509,3,2025-04-29
O06032,C0524,P0440,5,2023-10-26
O06033,C0627,P0086,5,2024-03-28
O06034,C0924,P0095,1,2025-02-24
O06035,C0850,P0630,4,2024-09-26
O06036,C0093,P0089,2,2024-09-23
O06037,C0225,P0226,3,2024-08-16
O06038,C0241,P0158,2,2024-02-10
O06039,C0584,P0254,4,2024-05-31
O06040,C0189,P0081,1,2025-08-03
O06041,C0376,P0428,3,2024-10-25
O06042,C0156,P0484,5,2024-03-05
O06043,C0394,P0381,3,2025-05-27
O06044,C0469,P0139,3,2024-07-14
O06045,C0122,P0307,5,2024-03-31
O06046,C0922,P0014,1,2024-03-04
O06047,C0857,P0155,5,2024-11-12
O06048,C0828,P0214,1,2025-02-05
O06049,C0865,P0216,1,2024-12-05
O06050,C0515,P0385,2,2025-06-28
O06051,C0791,P0670,1,2025-09-16
O06052,C0913,P0443,1,2024-11-18
O06053,C0203,P0045,3,2024-12-18
O06054,C0445,P0337,2,2024-10-12
O06055,C0574,P0116,4,2025-07-23
O06056,C0142,P0580,1,2023-10-29
O06057,C0552,P0605,2,2025-07-04
O06058,C0566,P0465,2,2025-01-05
O06059,C0186,P0329,3,2025-05-06
O06060,C0808,P0389,4,2025-05-27
O06061,C0748,P0140,3,2023-11-24
O06062,C0764,P0395,2,2024-06-06
O06063,C0083,P0401,3,2023-12-15
O06064,C0022,P0091,4,2024-03-06
O06065,C0719,P0048,3,2025-04-21
O06066,C0924,P0478,5,2024-08-19
O06067,C0685,P0510,2,2024-04-07
O06068,C0287,P0172,4,2025-01-29
O06069,C0611,P0044,5,2024-04-26
O06070,C0308,P0385,1,2024-05-22
O06071,C0184,P0289,3,2024-04-16
O06072,C0358,P0528,3,2024-09-02
O06073,C0662,P0444,1,2025-07-28
O06074,C0869,P0598,3,2025-06-16
O06075,C0700,P0252,2,2025-04-07
O06076,C0831,P0389,4,2024-01-10
O06077,C0226,P0385,2,2024-07-29
O06078,C0492,P0615,4,2025-06-09
O06079,C0509,P0027,2,2023-12-30
O06080,C0554,P0638,3,2025-01-10
O06081,C0219,P0491,1,2025-07-13
O06082,C0204,P0190,2,2025-03-01
O06083,C0833,P0402,5,2025-04-23
O06084,C0509,P0560,1,2023-10-20
O06085,C0483,P0692,3,2023-11-06
O06086,C0811,P0440,1,2025-05-06
O06087,C0700,P0188,4,2025-05-07
O06088,C0624,P0651,1,2023-11-11
O06089,C0654,P0111,2,2025-09-11
O06090,C0575,P0185,3,2023-11-13
O06091,C0343,P0218,2,2025-04-03
O06092,C0428,P0403,1,2025-02-19
O06093,C0401,P0376,5,2024-08-25
O06094,C0134,P0404,3,2024-08-30
O06095,C0422,P0130,2,2024-10-19
O06096,C0328,P0257,4,2023-09-17
O06097,C0472,P0085,4,2025-01-17
O06098,C0781,P0254,5,2024-05-29
O06099,C0572,P0689,3,2024-05-03
O06100,C0459,P0364,3,2025-07-06
O06101,C0327,P0085,1,2023-10-28
O06102,C0060,P0643,3,2025-03-26
O06103,C0816,P0416,4,2024-07-06
O06104,C0441,P0131,2,2023-12-27
O06105,C0765,P0127,5,2024-06-07
O06106,C0620,P0038,2,2025-02-12
O06107,C0548,P0560,5,2025-03-11
O06108,C0019,P0562,5,2024-07-04
O06109,C0809,P0083,2,2023-12-31
O06110,C0544,P0488,3,2023-12-18
O06111,C0604,P0425,4,2024-02-28
O06112,C0739,P0654,1,2025-09-11
O06113,C0871,P0053,1,2025-06-07
O06114,C0788,P0204,2,2025-02-25
O06115,C0633,P0022,1,2023-12-31
O06116,C0217,P0325,1,2024-08-13
O06117,C0444,P0692,3,2023-10-01
O06118,C0234,P0283,4,2024-01-21
O06119,C0099,P0175,1,2024-05-08
O06120,C0439,P0561,2,2024-07-07
O06121,C0159,P0609,2,2023-11-10
O06122,C0467,P0183,3,2023-12-03
O06123,C0833,P0278,1,2025-06-01
O06124,C0384,P0610,1,2024-08-13
O06125,C0649,P0379,5,2025-06-04
O06126,C0339,P0585,1,2023-12-10
O06127,C0572,P0405,4,2025-06-25
O06128,C0521,P0645,5,2024-02-20
O06129,C0789,P0391,5,2024-05-05
O06130,C0205,P0364,1,2024-11-17
O06131,C0662,P0240,5,2024-03-13
O06132,C0395,P0571,4,2023-12-19
O06133,C0028,P0536,2,2024-04-10
O06134,C0060,P0636,5,2024-03-01
O06135,C0522,P0179,5,2025-03-24
O06136,C0784,P0261,1,2024-09-08
O06137,C0868,P0252,1,2025-04-09
O06138,C0836,P0294,4,2023-11-13
O06139,C0575,P0037,3,2023-11-06
O06140,C0830,P0570,2,2025-03-28
O06141,C0140,P0335,5,2024-08-02
O06142,C0245,P0487,1,2024-06-02
O06143,C0466,P0074,1,2025-02-11
O06144,C0569,P0122,5,2024-11-20
O06145,C0446,P0216,1,2025-01-08
O06146,C0873,P0097,2,2024-12-09
O06147,C0306,P0156,3,2024-12-29
O06148,C0846,P0179,5,2024-04-23
O06149,C0235,P0620,2,2023-12-19
O06150,C0135,P0699,4,2025-05-31
O06151,C0767,P0612,3,2025-04-17
O06152,C0346,P0511,2,2024-02-02
O06153,C0849,P0010,5,2023-12-20
O06154,C0226,P0334,4,2024-05-14
O06155,C0584,P0704,3,2025-02-05
O06156,C0700,P0114,4,2025-07-15
O06157,C0546,P0548,3,2025-06-26
O06158,C0489,P0675,5,2023-10-14
O06159,C0211,P0650,2,2025-07-17
O06160,C0517,P0548,5,2024-07-19
O06161,C0429,P0649,1,2025-03-22
O06162,C0540,P0315,5,2024-09-23
O06163,C0575,P0573,1,2023-11-04
O06164,C0536,P0085,1,2023-10-09
O06165,C0354,P0230,1,2023-11-18
O06166,C0548,P0676,4,2024-01-15
O06167,C0502,P0434,5,2024-09-25
O06168,C0688,P0138,3,2023-12-10
O06169,C0379,P0348,5,2024-09-13
O06170,C0574,P0216,3,2025-01-01
O06171,C0506,P0599,5,2025-08-14
O06172,C0422,P0632,2,2024-10-05
O06173,C0544,P0151,5,2024-11-07
O06174,C0069,P0563,3,2025-04-13
O06175,C0479,P0425,1,2025-05-29
O06176,C0599,P0526,5,2024-01-05
O06177,C0396,P0567,5,2024-06-01
O06178,C0059,P0273,4,2024-08-18
O06179,C0238,P0127,3,2024-08-13
O06180,C0284,P0127,1,2025-03-17
O06181,C0902,P0347,4,2024-12-06
O06182,C0847,P0644,3,2025-04-05
O06183,C0051,P0634,2,2024-07-08
O06184,C0264,P0262,4,2024-07-05
O06185,C0053,P0564,3,2024-03-21
O06186,C0629,P0002,2,2023-10-13
O06187,C0356,P0002,1,2024-10-03
O06188,C0615,P0293,3,2023-12-22
O06189,C0261,P0480,5,2023-11-10
O06190,C0303,P0082,3,2025-08-20
O06191,C0020,P0545,5,2024-03-11
O06192,C0594,P0294,4,2024-06-29
O06193,C0839,P0302,3,2025-01-10
O06194,C0427,P0701,2,2025-05-29
O06195,C0834,P0301,4,2024-11-06
O06196,C0786,P0293,2,2024-09-29
O06197,C0187,P0235,5,2023-09-19
O06198,C0028,P0667,1,2024-04-26
O06199,C0474,P0094,3,2024-09-04
O06200,C0711,P0629,1,2023-11-16
O06201,C0319,P0208,5,2025-05-22
O06202,C0043,P0369,2,2024-12-15
O06203,C0412,P0171,5,2025-08-30
O06204,C0067,P0267,1,2024-01-27
O06205,C0428,P0448,5,2025-01-21
O06206,C0543,P0430,4,2024-10-18
O06207,C0432,P0016,1,2024-08-06
O06208,C0538,P0612,3,2024-05-15
O06209,C0859,P0009,4,2024-07-10
O06210,C0510,P0489,1,2024-01-14
O06211,C0875,P0286,2,2024-07-02
O06212,C0778,P0160,2,2024-07-11
O06213,C0235,P0608,3,2023-09-24
O06214,C0553,P0109,3,2023-12-12
O06215,C0902,P0078,4,2024-06-20
O06216,C0182,P0678,1,2024-11-14
O06217,C0171,P0638,4,2025-08-14
O06218,C0443,P0407,4,2023-09-17
O06219,C0724,P0180,1,2025-04-25
O06220,C0697,P0527,4,2025-05-30
O06221,C0043,P0154,4,2025-08-11
O06222,C0620,P0102,3,2025-03-07
O06223,C0105,P0608,3,2024-04-12
O06224,C0915,P0631,4,2025-01-20
O06225,C0019,P0683,3,2024-07-01
O06226,C0117,P0120,3,2025-06-28
O06227,C0119,P0305,5,2024-06-12
O06228,C0147,P0677,1,2024-07-09
O06229,C0304,P0191,2,2024-02-04
O06230,C0201,P0174,3,2024-10-17
O06231,C0551,P0586,5,2024-10-28
O06232,C0600,P0685,1,2025-08-15
O06233,C0593,P0617,2,2023-09-17
O06234,C0485,P0524,2,2024-12-05
O06235,C0091,P0045,3,2023-10-31
O06236,C0028,P0664,3,2024-09-20
O06237,C0478,P0246,1,2024-02-11
O06238,C0768,P0691,1,2025-03-08
O06239,C0669,P0284,3,2024-07-24
O06240,C0037,P0230,5,2024-11-27
O06241,C0528,P0544,5,2024-09-24
O06242,C0153,P0131,3,2023-09-17
O06243,C0672,P0255,2,2023-12-10
O06244,C0778,P0200,2,2023-12-29
O06245,C0074,P0701,4,2025-06-25
O06246,C0226,P0562,1,2024-10-04
O06247,C0619,P0150,5,2025-07-28
O06248,C0281,P0683,1,2024-11-17
O06249,C0154,P0154,4,2024-09-10
O06250,C0366,P0608,5,2025-04-19
O06251,C0640,P0370,5,2024-11-01
O06252,C0476,P0633,3,2023-11-06
O06253,C0203,P0274,4,2024-11-01
O06254,C0063,P0550,5,2025-03-26
O06255,C0631,P0208,2,2025-01-26
O06256,C0210,P0492,1,2025-07-11
O06257,C0342,P0143,3,2024-07-17
O06258,C0848,P0570,5,2024-11-08
O06259,C0716,P0272,1,2025-03-21
O06260,C0655,P0382,1,2025-08-25
O06261,C0857,P0109,3,2024-10-30
O06262,C0223,P0595,3,2024-01-07
O06263,C0479,P0706,4,2024-05-10
O06264,C0695,P0340,2,2024-07-29
O06265,C0082,P0013,2,2023-10-16
O06266,C0622,P0196,2,2024-10-30
O06267,C0598,P0311,5,2025-07-08
O06268,C0232,P0094,1,2024-08-25
O06269,C0671,P0194,2,2025-06-01
O06270,C0838,P0421,1,2025-05-17
O06271,C0411,P0269,2,2024-10-03
O06272,C0453,P0117,1,2025-06-27
O06273,C0681,P0092,4,2024-10-29
O06274,C0895,P0164,4,2025-07-03
O06275,C0157,P0557,3,2024-02-07
O06276,C0243,P0535,3,2023-12-04
O06277,C0541,P0607,2,2025-08-18
O06278,C0721,P0389,2,2025-01-29
O06279,C0763,P0362,4,2023-10-07
O06280,C0717,P0216,4,2024-05-21
O06281,C0461,P0054,1,2024-09-21
O06282,C0008,P0264,1,2025-03-23
O06283,C0603,P0133,5,2024-05-13
O06284,C0609,P0520,2,2024-09-04
O06285,C0007,P0027,2,2025-05-06
O06286,C0758,P0423,1,2025-07-07
O06287,C0144,P0218,5,2025-04-06
O06288,C0456,P0094,1,2024-11-19
O06289,C0759,P0071,1,2024-06-19
O06290,C0239,P0663,4,2024-07-06
O06291,C0916,P0172,3,2025-07-15
O06292,C0029,P0255,2,2025-06-16
O06293,C0363,P0360,1,2025-04-16
O06294,C0249,P0325,5,2024-08-02
O06295,C0578,P0513,4,2024-02-09
O06296,C0547,P0524,2,2024-06-05
O06297,C0675,P0308,3,2024-11-21
O06298,C0726,P0099,1,2025-04-26
O06299,C0639,P0148,2,2024-02-29
O06300,C0216,P0053,5,2025-02-24
O06301,C0874,P0458,2,2024-06-24
O06302,C0560,P0357,1,2023-10-16
O06303,C0118,P0025,3,2024-04-26
O06304,C0748,P0040,4,2025-04-22
O06305,C0028,P0552,3,2025-09-13
O06306,C0384,P0426,4,2023-10-06
O06307,C0268,P0301,2,2024-11-22
O06308,C0917,P0060,4,2023-10-14
O06309,C0327,P0596,2,2023-11-14
O06310,C0168,P0349,5,2024-08-01
O06311,C0239,P0670,1,2024-01-07
O06312,C0855,P0697,2,2024-11-02
O06313,C0912,P0003,4,2024-07-15
O06314,C0189,P0643,3,2025-01-28
O06315,C0126,P0687,5,2025-04-17
O06316,C0108,P0605,1,2024-07-30
O06317,C0306,P0659,2,2024-01-11
O06318,C0387,P0022,2,2025-04-10
O06319,C0246,P0241,5,2025-02-25
O06320,C0015,P0344,2,2025-04-06
O06321,C0581,P0235,3,2024-12-25
O06322,C0198,P0122,3,2025-03-25
O06323,C0232,P0417,3,2025-01-17
O06324,C0457,P0450,4,2024-06-05
O06325,C0427,P0004,5,2024-06-29
O06326,C0240,P0678,3,2025-06-26
O06327,C0006,P0034,3,2024-08-17
O06328,C0491,P0397,2,2024-10-08
O06329,C0884,P0143,5,2023-11-09
O06330,C0016,P0449,5,2024-03-23
O06331,C0397,P0546,5,2025-07-31
O06332,C0126,P0102,5,2023-10-05
O06333,C0517,P0582,2,2025-08-12
O06334,C0478,P0234,3,2024-10-10
O06335,C0562,P0049,5,2024-03-16
O06336,C0636,P0117,2,2025-09-01
O06337,C0469,P0339,3,2024-10-19
O06338,C0646,P0705,2,2024-06-02
O06339,C0087,P0087,1,2024-01-16
O06340,C0809,P0405,1,2025-02-13
O06341,C0316,P0223,3,2024-11-27
O06342,C0017,P0293,1,2025-02-27
O06343,C0570,P0088,4,2024-12-01
O06344,C0398,P0322,4,2025-03-02
O06345,C0780,P0293,4,2024-11-24
O06346,C0813,P0565,4,2024-08-31
O06347,C0852,P0255,4,2025-04-06
O06348,C0576,P0327,5,2024-02-29
O06349,C0305,P0365,1,2023-11-05
O06350,C0506,P0049,2,2023-11-10
O06351,C0210,P0133,5,2024-12-17
O06352,C0571,P0667,2,2024-10-20
O06353,C0225,P0025,2,2024-02-10
O06354,C0827,P0406,5,2025-08-27
O06355,C0363,P0477,5,2024-04-24
O06356,C0612,P0431,1,2025-07-31
O06357,C0094,P0524,5,2023-12-31
O06358,C0487,P0630,2,2024-07-24
O06359,C0470,P0359,4,2025-01-20
O06360,C0028,P0308,1,2025-04-03
O06361,C0112,P0143,4,2025-02-22
O06362,C0590,P0533,5,2023-11-04
O06363,C0405,P0606,4,2023-11-06
O06364,C0021,P0177,3,2024-08-23
O06365,C0758,P0126,1,2023-12-09
O06366,C0888,P0529,5,2025-04-22
O06367,C0417,P0295,2,2025-01-07
O06368,C0096,P0229,2,2025-06-18
O06369,C0855,P0002,4,2025-02-23
O06370,C0090,P0236,4,2024-01-15
O06371,C0361,P0148,4,2025-03-23
O06372,C0385,P0659,4,2024-02-22
O06373,C0168,P0207,5,2023-10-21
O06374,C0719,P0254,1,2024-02-08
O06375,C0149,P0532,4,2024-03-15
O06376,C0817,P0591,2,2024-10-01
O06377,C0064,P0692,4,2024-04-29
O06378,C0063,P0537,4,2024-12-28
O06379,C0895,P0357,5,2024-11-12
O06380,C0241,P0699,4,2025-04-12
O06381,C0078,P0553,4,2023-12-25
O06382,C0313,P0430,3,2024-05-01
O06383,C0358,P0256,2,2025-03-27
O06384,C0216,P0257,5,2024-12-02
O06385,C0041,P0470,2,2024-09-21
O06386,C0002,P0529,4,2024-05-30
O06387,C0831,P0065,1,2024-06-06
O06388,C0237,P0679,2,2024-01-30
O06389,C0387,P0061,2,2024-04-19
O06390,C0249,P0009,1,2024-04-27
O06391,C0490,P0343,1,2025-07-15
O06392,C0522,P0135,1,2024-12-30
O06393,C0553,P0695,1,2024-05-17
O06394,C0322,P0474,1,2024-10-28
O06395,C0561,P0637,4,2025-05-01
O06396,C0107,P0003,1,2023-11-25
O06397,C0303,P0442,2,2025-03-26
O06398,C0243,P0168,5,2025-06-06
O06399,C0022,P0642,2,2023-12-11
O06400,C0255,P0318,1,2024-08-26
O06401,C0266,P0451,3,2023-12-17
O06402,C0507,P0141,3,2024-06-22
O06403,C0187,P0296,1,2025-05-02
O06404,C0363,P0529,5,2025-04-16
O06405,C0768,P0301,1,2023-09-25
O06406,C0229,P0631,4,2023-10-10
O06407,C0317,P0073,3,2024-12-31
O06408,C0094,P0196,1,2024-12-19
O06409,C0408,P0328,3,2024-05-06
O06410,C0449,P0265,5,2025-05-18
O06411,C0476,P0642,5,2024-06-04
O06412,C0370,P0124,2,2025-09-01
O06413,C0043,P0671,4,2024-02-26
O06414,C0368,P0333,1,2025-04-02
O06415,C0203,P0672,1,2023-12-13
O06416,C0706,P0325,4,2025-06-11
O06417,C0433,P0074,4,2024-01-21
O06418,C0041,P0256,5,2024-06-19
O06419,C0818,P0124,2,2025-01-23
O06420,C0095,P0227,5,2024-03-10
O06421,C0884,P0632,4,2023-09-20
O06422,C0249,P0140,1,2024-11-14
O06423,C0633,P0152,4,2025-05-21
O06424,C0891,P0544,3,2024-04-18
O06425,C0900,P0670,3,2023-11-28
O06426,C0630,P0137,4,2025-05-22
O06427,C0393,P0617,3,2024-04-12
O06428,C0018,P0674,5,2024-06-07
O06429,C0136,P0676,5,2025-05-25
O06430,C0456,P0104,2,2024-02-20
O06431,C0487,P0286,4,2024-12-09
O06432,C0531,P0153,5,2024-08-28
O06433,C0481,P0376,2,2024-02-19
O06434,C0892,P0495,1,2025-08-24
O06435,C0109,P0003,3,2024-03-14
O06436,C0236,P0564,4,2024-08-07
O06437,C0034,P0469,1,2024-09-14
O06438,C0834,P0199,1,2025-01-03
O06439,C0526,P0248,2,2024-12-13
O06440,C0891,P0546,5,2025-06-29
O06441,C0287,P0487,2,2024-10-10
O06442,C0353,P0671,3,2025-08-31
O06443,C0632,P0419,4,2024-02-10
O06444,C0133,P0525,2,2025-04-25
O06445,C0224,P0521,5,2023-10-01
O06446,C0091,P0541,3,2024-01-25
O06447,C0189,P0567,5,2025-07-18
O06448,C0235,P0285,2,2024-08-26
O06449,C0733,P0412,4,2023-09-30
O06450,C0315,P0702,3,2023-10-19
O06451,C0083,P0664,3,2025-04-23
O06452,C0637,P0277,2,2025-08-15
O06453,C0495,P0601,5,2024-11-11
O06454,C0065,P0385,5,2023-09-23
O06455,C0544,P0440,2,2023-09-23
O06456,C0255,P0460,3,2024-01-03
O06457,C0614,P0458,2,2024-10-27
O06458,C0387,P0416,4,2025-02-08
O06459,C0724,P0092,4,2023-11-27
O06460,C0740,P0275,2,2023-09-26
O06461,C0134,P0693,2,2025-03-03
O06462,C0052,P0207,1,2023-12-19
O06463,C0583,P0147,2,2024-09-09
O06464,C0916,P0696,2,2025-07-10
O06465,C0902,P0635,2,2024-10-04
O06466,C0598,P0310,3,2025-07-23
O06467,C0226,P0086,1,2025-03-07
O06468,C0627,P0017,2,2024-10-23
O06469,C0776,P0028,3,2024-07-02
O06470,C0022,P0354,4,2025-06-01
O06471,C0018,P0212,3,2023-11-13
O06472,C0264,P0220,2,2024-03-09
O06473,C0405,P0466,1,2025-01-29
O06474,C0852,P0675,3,2024-07-15
O06475,C0920,P0652,4,2024-06-04
O06476,C0876,P0112,2,2025-09-03
O06477,C0863,P0242,3,2024-03-08
O06478,C0903,P0563,5,2025-06-07
O06479,C0180,P0687,4,2024-07-13
O06480,C0333,P0126,1,2025-02-17
O06481,C0446,P0026,3,2024-03-13
O06482,C0105,P0690,2,2023-12-07
O06483,C0153,P0087,2,2024-09-17
O06484,C0491,P0297,1,2024-12-11
O06485,C0039,P0544,1,2023-10-05
O06486,C0869,P0226,3,2025-07-27
O06487,C0295,P0517,5,2024-03-25
O06488,C0105,P0654,1,2024-01-05
O06489,C0097,P0598,1,2024-03-29
O06490,C0053,P0120,3,2025-07-19
O06491,C0122,P0299,4,2025-02-21
O06492,C0319,P0170,4,2025-01-14
O06493,C0910,P0280,2,2025-09-02
O06494,C0015,P0480,4,2024-03-28
O06495,C0348,P0184,2,2025-04-27
O06496,C0718,P0204,1,2024-03-19
O06497,C0043,P0043,4,2024-06-05
O06498,C0625,P0443,2,2025-05-15
O06499,C0677,P0215,5,2023-11-29
O06500,C0264,P0653,3,2024-01-17
O06501,C0163,P0293,3,2024-08-01
O06502,C0531,P0224,2,2025-06-07
O06503,C0008,P0243,1,2024-11-08
O06504,C0567,P0424,3,2025-08-26
O06505,C0763,P0260,4,2023-10-02
O06506,C0443,P0566,1,2024-08-12
O06507,C0551,P0143,1,2025-07-13
O06508,C0798,P0449,4,2023-11-11
O06509,C0157,P0063,2,2024-05-24
O06510,C0589,P0660,3,2023-10-14
O06511,C0264,P0656,5,2025-06-18
O06512,C0736,P0550,1,2024-12-05
O06513,C0572,P0625,1,2024-12-21
O06514,C0280,P0289,1,2023-10-21
O06515,C0595,P0042,5,2025-09-07
O06516,C0510,P0675,2,2024-06-07
O06517,C0589,P0503,2,2025-07-16
O06518,C0228,P0186,3,2024-08-26
O06519,C0075,P0145,4,2023-12-23
O06520,C0196,P0544,3,2024-12-22
O06521,C0170,P0605,1,2024-05-31
O06522,C0665,P0468,2,2024-06-26
O06523,C0893,P0597,1,2025-03-10
O06524,C0115,P0543,2,2023-10-10
O06525,C0451,P0315,4,2025-02-01
O06526,C0859,P0623,3,2023-11-13
O06527,C0905,P0069,5,2025-03-09
O06528,C0362,P0395,1,2024-07-14
O06529,C0361,P0170,1,2024-08-17
O06530,C0787,P0583,4,2025-03-31
O06531,C0174,P0311,2,2023-09-26
O06532,C0814,P0116,5,2024-09-05
O06533,C0615,P0537,2,2025-04-01
O06534,C0498,P0338,2,2024-09-07
O06535,C0850,P0256,4,2024-12-01
O06536,C0767,P0267,3,2025-06-20
O06537,C0179,P0084,3,2024-04-28
O06538,C0695,P0308,1,2024-12-30
O06539,C0318,P0562,4,2024-09-23
O06540,C0801,P0531,2,2025-03-12
O06541,C0421,P0537,4,2024-11-25
O06542,C0473,P0072,4,2024-01-23
O06543,C0246,P0668,2,2025-06-10
O06544,C0362,P0069,2,2024-09-15
O06545,C0660,P0614,1,2025-04-05
O06546,C0468,P0003,1,2024-08-08
O06547,C0873,P0459,2,2023-11-02
O06548,C0160,P0357,2,2024-11-26
O06549,C0761,P0510,5,2025-02-04
O06550,C0876,P0684,1,2024-10-03
O06551,C0058,P0275,5,2025-09-16
O06552,C0870,P0108,3,2024-07-11
O06553,C0283,P0546,3,2024-03-02
O06554,C0315,P0411,4,2025-02-14
O06555,C0222,P0574,2,2024-07-17
O06556,C0130,P0576,3,2025-09-01
O06557,C0547,P0289,2,2025-02-24
O06558,C0205,P0334,3,2024-06-05
O06559,C0297,P0338,2,2025-08-17
O06560,C0751,P0144,4,2024-03-03
O06561,C0724,P0285,5,2024-01-06
O06562,C0302,P0548,3,2023-11-15
O06563,C0112,P0657,1,2024-11-03
O06564,C0543,P0192,5,2024-12-07
O06565,C0267,P0536,5,2024-04-27
O06566,C0691,P0029,1,2024-09-11
O06567,C0650,P0425,5,2024-11-03
O06568,C0790,P0408,5,2024-09-19
O06569,C0070,P0465,4,2025-01-27
O06570,C0875,P0256,5,2025-02-25
O06571,C0702,P0689,4,2025-07-21
O06572,C0805,P0506,2,2024-12-29
O06573,C0252,P0114,2,2025-07-04
O06574,C0823,P0069,4,2025-05-21
O06575,C0144,P0462,5,2023-11-29
O06576,C0109,P0104,3,2024-05-19
O06577,C0052,P0156,4,2024-04-10
O06578,C0592,P0402,4,2024-09-04
O06579,C0424,P0458,2,2025-05-05
O06580,C0038,P0515,5,2023-12-10
O06581,C0220,P0511,3,2025-07-19
O06582,C0137,P0032,3,2023-12-09
O06583,C0709,P0205,2,2024-01-30
O06584,C0543,P0426,2,2024-12-23
O06585,C0159,P0498,1,2023-09-28
O06586,C0201,P0500,3,2025-02-03
O06587,C0182,P0493,5,2024-01-07
O06588,C0320,P0004,1,2024-02-01
O06589,C0418,P0110,2,2025-05-09
O06590,C0098,P0645,5,2024-09-18
O06591,C0088,P0606,1,2024-03-01
O06592,C0642,P0156,5,2025-04-13
O06593,C0554,P0160,4,2023-10-04
O06594,C0725,P0314,5,2024-12-01
O06595,C0463,P0606,5,2025-01-13
O06596,C0175,P0347,4,2024-08-07
O06597,C0510,P0429,1,2023-10-27
O06598,C0842,P0691,4,2024-09-23
O06599,C0584,P0081,2,2024-04-30
O06600,C0856,P0008,4,2025-07-24
O06601,C0173,P0185,1,2024-07-13
O06602,C0845,P0388,5,2024-08-15
O06603,C0483,P0382,1,2025-05-03
O06604,C0539,P0119,2,2025-03-25
O06605,C0910,P0337,1,2025-07-17
O06606,C0299,P0342,5,2023-12-11
O06607,C0431,P0176,3,2025-02-26
O06608,C0670,P0146,4,2024-05-26
O06609,C0469,P0654,1,2024-01-03
O06610,C0692,P0024,3,2024-06-10
O06611,C0699,P0185,1,2025-03-04
O06612,C0458,P0611,5,2024-12-16
O06613,C0820,P0104,1,2025-02-14
O06614,C0526,P0572,4,2025-07-30
O06615,C0456,P0521,2,2024-04-17
O06616,C0525,P0145,3,2025-06-27
O06617,C0771,P0437,3,2025-08-17
O06618,C0656,P0561,5,2023-12-02
O06619,C0196,P0550,1,2025-03-10
O06620,C0897,P0099,2,2025-07-16
O06621,C0008,P0674,5,2023-10-03
O06622,C0503,P0101,2,2025-05-05
O06623,C0917,P0253,4,2025-02-12
O06624,C0827,P0413,4,2024-01-23
O06625,C0334,P0240,2,2025-02-05
O06626,C0320,P0684,3,2024-12-09
O06627,C0048,P0392,1,2024-08-13
O06628,C0697,P0665,1,2024-03-11
O06629,C0081,P0650,5,2023-12-25
O06630,C0919,P0431,4,2025-05-18
O06631,C0285,P0429,1,2024-12-18
O06632,C0915,P0092,2,2024-09-02
O06633,C0868,P0265,1,2024-01-01
O06634,C0475,P0461,1,2025-01-02
O06635,C0028,P0667,1,2025-06-09
O06636,C0651,P0213,5,2025-07-20
O06637,C0815,P0163,3,2023-10-12
O06638,C0265,P0201,3,2025-02-03
O06639,C0658,P0118,4,2024-03-12
O06640,C0632,P0032,4,2024-04-03
O06641,C0333,P0414,4,2023-10-02
O06642,C0078,P0082,1,2024-07-15
O06643,C0309,P0156,3,2023-11-04
O06644,C0782,P0428,5,2023-10-03
O06645,C0667,P0484,2,2025-09-09
O06646,C0907,P0059,5,2024-10-21
O06647,C0834,P0539,2,2024-07-21
O06648,C0070,P0418,4,2023-12-25
O06649,C0887,P0180,5,2024-03-10
O06650,C0314,P0563,3,2024-10-21
O06651,C0442,P0274,1,2025-01-08
O06652,C0320,P0062,4,2024-06-02
O06653,C0285,P0045,4,2023-09-28
O06654,C0432,P0118,1,2024-10-01
O06655,C0463,P0524,3,2025-05-23
O06656,C0804,P0022,2,2025-08-01
O06657,C0659,P0539,5,2025-03-02
O06658,C0336,P0321,2,2024-01-06
O06659,C0175,P0488,2,2023-11-05
O06660,C0200,P0264,1,2024-07-10
O06661,C0037,P0281,1,2025-07-31
O06662,C0326,P0443,4,2024-05-12
O06663,C0082,P0223,4,2024-08-28
O06664,C0240,P0251,3,2025-08-05
O06665,C0005,P0631,1,2025-09-10
O06666,C0813,P0146,4,2024-04-09
O06667,C0166,P0599,3,2024-07-07
O06668,C0505,P0042,5,2025-06-10
O06669,C0353,P0083,5,2023-09-22
O06670,C0720,P0681,5,2024-11-17
O06671,C0051,P0075,5,2024-01-21
O06672,C0183,P0315,4,2024-07-10
O06673,C0793,P0475,1,2024-07-10
O06674,C0650,P0083,4,2025-06-02
O06675,C0317,P0385,4,2025-05-05
O06676,C0047,P0055,5,2024-12-31
O06677,C0347,P0280,2,2024-02-11
O06678,C0641,P0205,2,2025-08-08
O06679,C0310,P0216,4,2024-01-22
O06680,C0187,P0114,3,2024-12-27
O06681,C0872,P0182,3,2024-05-06
O06682,C0850,P0624,5,2024-10-13
O06683,C0594,P0014,4,2025-03-07
O06684,C0479,P0138,1,2024-04-12
O06685,C0371,P0557,4,2024-04-25
O06686,C0340,P0592,5,2024-03-23
O06687,C0628,P0238,2,2025-09-11
O06688,C0493,P0297,2,2024-09-06
O06689,C0889,P0319,3,2025-08-24
O06690,C0445,P0170,1,2025-05-22
O06691,C0654,P0353,2,2024-11-11
O06692,C0408,P0548,4,2025-07-03
O06693,C0618,P0697,4,2024-11-14
O06694,C0044,P0104,2,2025-07-13
O06695,C0390,P0164,5,2024-07-27
O06696,C0524,P0226,1,2023-12-19
O06697,C0103,P0272,4,2025-09-03
O06698,C0260,P0123,5,2024-07-11
O06699,C0395,P0175,5,2024-04-21
O06700,C0508,P0196,4,2024-06-19
O06701,C0743,P0130,5,2024-08-19
O06702,C0813,P0704,1,2024-12-21
O06703,C0136,P0070,4,2024-03-07
O06704,C0590,P0326,1,2024-08-18
O06705,C0675,P0347,3,2025-03-30
O06706,C0597,P0113,1,2024-05-08
O06707,C0116,P0189,4,2024-01-20
O06708,C0450,P0405,4,2024-09-21
O06709,C0401,P0312,2,2024-07-18
O06710,C0516,P0440,5,2024-05-06
O06711,C0430,P0147,4,2024-12-13
O06712,C0909,P0091,4,2025-06-01
O06713,C0573,P0041,3,2025-02-18
O06714,C0801,P0384,4,2024-10-04
O06715,C0757,P0633,2,2024-03-08
O06716,C0034,P0465,3,2024-08-24
O06717,C0340,P0517,1,2024-12-03
O06718,C0389,P0232,2,2024-09-11
O06719,C0923,P0481,2,2024-01-09
O06720,C0675,P0056,3,2025-06-05
O06721,C0889,P0529,4,2024-09-21
O06722,C0003,P0400,2,2024-07-06
O06723,C0850,P0383,1,2025-05-18
O06724,C0343,P0201,2,2023-10-18
O06725,C0199,P0231,3,2023-11-03
O06726,C0336,P0062,5,2024-06-21
O06727,C0449,P0462,2,2024-04-03
O06728,C0242,P0194,3,2024-06-24
O06729,C0159,P0191,5,2024-05-03
O06730,C0057,P0068,5,2024-08-09
O06731,C0763,P0423,1,2024-11-22
O06732,C0575,P0385,3,2024-05-24
O06733,C0195,P0244,1,2024-09-12
O06734,C0831,P0389,3,2023-12-17
O06735,C0646,P0323,3,2025-04-07
O06736,C0413,P0695,4,2024-12-17
O06737,C0077,P0534,2,2025-08-11
O06738,C0329,P0071,4,2024-10-07
O06739,C0562,P0344,1,2024-06-17
O06740,C0389,P0154,3,2025-07-25
O06741,C0048,P0537,2,2025-09-13
O06742,C0180,P0090,3,2024-07-12
O06743,C0519,P0519,5,2024-06-02
O06744,C0079,P0218,5,2025-02-10
O06745,C0183,P0335,4,2024-07-16
O06746,C0715,P0405,5,2024-04-11
O06747,C0241,P0211,2,2025-01-06
O06748,C0604,P0089,1,2024-09-06
O06749,C0659,P0493,2,2025-03-13
O06750,C0287,P0557,3,2024-03-10
O06751,C0624,P0602,3,2025-01-31
O06752,C0203,P0051,2,2024-07-29
O06753,C0345,P0463,3,2024-12-06
O06754,C0120,P0548,3,2025-07-20
O06755,C0492,P0463,4,2024-06-28
O06756,C0162,P0312,3,2024-02-25
O06757,C0807,P0135,1,2025-03-18
O06758,C0661,P0138,5,2023-12-16
O06759,C0607,P0090,2,2024-05-27
O06760,C0124,P0660,1,2024-12-09
O06761,C0219,P0189,5,2024-07-17
O06762,C0110,P0451,2,2025-06-26
O06763,C0259,P0543,5,2025-01-24
O06764,C0051,P0156,3,2024-06-04
O06765,C0187,P0256,4,2025-07-04
O06766,C0227,P0082,1,2025-04-08
O06767,C0367,P0117,5,2024-03-09
O06768,C0365,P0621,2,2024-01-04
O06769,C0155,P0373,1,2024-01-04
O06770,C0551,P0361,4,2024-10-29
O06771,C0473,P0302,2,2023-12-26
O06772,C0832,P0449,2,2024-09-17
O06773,C0655,P0483,5,2024-10-24
O06774,C0624,P0423,4,2024-08-08
O06775,C0729,P0528,3,2023-10-07
O06776,C0252,P0449,5,2024-03-14
O06777,C0809,P0157,5,2024-04-17
O06778,C0147,P0025,4,2023-12-06
O06779,C0536,P0270,1,2024-06-19
O06780,C0159,P0641,3,2024-01-10
O06781,C0151,P0466,2,2024-05-30
O06782,C0158,P0301,5,2024-09-14
O06783,C0666,P0522,5,2025-04-26
O06784,C0766,P0564,1,2024-05-31
O06785,C0633,P0083,1,2025-03-29
O06786,C0155,P0148,2,2025-07-19
O06787,C0037,P0363,4,2025-05-01
O06788,C0840,P0223,4,2024-08-26
O06789,C0363,P0410,4,2025-05-03
O06790,C0181,P0335,3,2025-05-12
O06791,C0564,P0085,1,2025-09-06
O06792,C0275,P0019,3,2025-05-17
O06793,C0699,P0100,3,2024-12-27
O06794,C0397,P0457,2,2024-04-10
O06795,C0321,P0217,4,2024-12-22
O06796,C0631,P0283,1,2025-06-24
O06797,C0917,P0325,5,2025-05-10
O06798,C0866,P0501,5,2024-06-17
O06799,C0528,P0078,1,2025-04-17
O06800,C0606,P0306,4,2024-02-07
O06801,C0261,P0201,3,2024-04-27
O06802,C0583,P0066,1,2025-03-03
O06803,C0578,P0303,4,2025-09-01
O06804,C0736,P0380,5,2023-10-09
O06805,C0238,P0457,5,2024-09-11
O06806,C0146,P0029,5,2024-04-24
O06807,C0856,P0198,4,2025-07-21
O06808,C0413,P0135,5,2025-03-07
O06809,C0484,P0459,4,2024-07-27
O06810,C0285,P0157,4,2024-01-07
O06811,C0272,P0689,5,2024-05-17
O06812,C0277,P0615,4,2025-06-09
O06813,C0579,P0601,3,2023-10-03
O06814,C0577,P0234,1,2025-09-09
O06815,C0894,P0405,1,2024-09-17
O06816,C0464,P0091,3,2024-04-26
O06817,C0238,P0595,4,2025-01-17
O06818,C0779,P0638,2,2025-07-24
O06819,C0795,P0310,4,2025-04-19
O06820,C0476,P0641,4,2025-08-12
O06821,C0494,P0699,3,2025-09-13
O06822,C0354,P0567,5,2024-05-16
O06823,C0333,P0527,3,2025-08-18
O06824,C0320,P0244,1,2025-08-31
O06825,C0582,P0458,5,2023-10-10
O06826,C0731,P0655,1,2024-10-11
O06827,C0352,P0093,3,2024-11-05
O06828,C0096,P0544,5,2025-05-28
O06829,C0863,P0501,3,2024-04-27
O06830,C0442,P0302,3,2025-07-28
O06831,C0534,P0348,1,2024-08-08
O06832,C0247,P0694,3,2025-04-02
O06833,C0257,P0209,4,2024-04-20
O06834,C0105,P0412,1,2023-10-25
O06835,C0660,P0409,2,2024-02-23
O06836,C0741,P0526,3,2024-11-30
O06837,C0085,P0352,2,2023-12-20
O06838,C0595,P0513,1,2023-12-05
O06839,C0210,P0588,3,2024-11-25
O06840,C0229,P0395,5,2024-06-27
O06841,C0468,P0631,3,2025-01-18
O06842,C0472,P0236,3,2025-06-01
O06843,C0179,P0220,4,2025-04-25
O06844,C0875,P0223,3,2024-08-29
O06845,C0743,P0311,3,2023-12-19
O06846,C0440,P0451,3,2025-06-10
O06847,C0194,P0019,4,2025-07-03
O06848,C0608,P0416,1,2024-09-27
O06849,C0662,P0011,4,2024-08-27
O06850,C0872,P0058,3,2025-08-14
O06851,C0631,P0487,2,2025-07-15
O06852,C0568,P0504,3,2024-06-24
O06853,C0153,P0047,1,2023-11-12
O06854,C0005,P0188,1,2024-12-25
O06855,C0836,P0497,3,2025-09-16
O06856,C0675,P0615,1,2023-12-04
O06857,C0825,P0289,5,2024-12-15
O06858,C0008,P0607,1,2023-09-18
O06859,C0612,P0505,5,2024-10-30
O06860,C0160,P0701,5,2024-09-19
O06861,C0528,P0304,4,2024-11-09
O06862,C0663,P0578,3,2024-05-03
O06863,C0173,P0063,1,2023-11-16
O06864,C0786,P0009,2,2024-09-06
O06865,C0110,P0117,3,2025-07-08
O06866,C0925,P0595,5,2025-05-26
O06867,C0617,P0500,1,2023-12-06
O06868,C0146,P0601,5,2025-08-03
O06869,C0699,P0222,3,2025-07-20
O06870,C0826,P0380,5,2023-11-01
O06871,C0732,P0329,2,2025-05-25
O06872,C0496,P0677,1,2025-03-30
O06873,C0567,P0093,5,2025-02-17
O06874,C0612,P0002,4,2024-07-06
O06875,C0224,P0322,2,2024-10-14
O06876,C0731,P0270,2,2025-02-19
O06877,C0280,P0658,5,2024-12-01
O06878,C0673,P0650,5,2024-09-09
O06879,C0508,P0134,2,2023-09-18
O06880,C0769,P0207,1,2024-05-17
O06881,C0270,P0359,2,2024-04-16
O06882,C0258,P0228,4,2024-01-08
O06883,C0895,P0107,1,2024-05-18
O06884,C0298,P0599,2,2025-06-24
O06885,C0576,P0383,4,2024-06-09
O06886,C0029,P0225,5,2023-09-29
O06887,C0402,P0235,4,2024-04-18
O06888,C0038,P0307,1,2025-02-17
O06889,C0840,P0091,3,2025-07-20
O06890,C0057,P0236,1,2024-04-20
O06891,C0721,P0080,1,2024-04-24
O06892,C0788,P0127,3,2024-06-17
O06893,C0326,P0129,3,2025-05-26
O06894,C0576,P0631,5,2025-06-17
O06895,C0330,P0620,3,2023-10-18
O06896,C0640,P0326,3,2024-02-07
O06897,C0465,P0667,5,2023-12-28
O06898,C0858,P0323,3,2025-03-06
O06899,C0503,P0231,3,2025-01-05
O06900,C0625,P0665,1,2023-11-10
O06901,C0622,P0197,4,2025-05-16
O06902,C0498,P0341,5,2025-09-04
O06903,C0038,P0182,4,2023-11-01
O06904,C0734,P0283,1,2024-12-18
O06905,C0775,P0446,5,2023-09-29
O06906,C0300,P0201,5,2024-07-06
O06907,C0029,P0082,1,2024-07-20
O06908,C0642,P0080,1,2023-12-18
O06909,C0716,P0488,1,2025-05-30
O06910,C0730,P0387,3,2025-05-23
O06911,C0762,P0436,1,2025-05-15
O06912,C0023,P0517,2,2024-06-27
O06913,C0621,P0406,4,2025-02-20
O06914,C0730,P0118,1,2024-08-24
O06915,C0815,P0661,3,2024-04-02
O06916,C0803,P0676,5,2025-09-01
O06917,C0447,P0088,5,2025-07-27
O06918,C0057,P0340,5,2024-04-28
O06919,C0363,P0492,4,2025-03-11
O06920,C0129,P0599,1,2025-07-04
O06921,C0094,P0018,2,2025-07-16
O06922,C0893,P0103,3,2025-02-17
O06923,C0688,P0197,1,2024-12-23
O06924,C0583,P0517,1,2024-08-30
O06925,C0011,P0232,4,2025-07-18
O06926,C0861,P0496,3,2024-03-01
O06927,C0809,P0604,1,2025-08-04
O06928,C0255,P0250,4,2023-11-18
O06929,C0071,P0364,4,2024-10-06
O06930,C0453,P0318,1,2025-02-19
O06931,C0572,P0071,2,2024-10-24
O06932,C0337,P0094,5,2024-02-05
O06933,C0805,P0528,3,2025-05-03
O06934,C0227,P0452,3,2025-04-05
O06935,C0367,P0611,2,2024-02-13
O06936,C0569,P0235,3,2024-10-01
O06937,C0099,P0155,3,2025-06-22
O06938,C0292,P0686,4,2024-04-03
O06939,C0403,P0048,4,2024-02-29
O06940,C0624,P0323,4,2025-04-01
O06941,C0412,P0677,3,2024-10-25
O06942,C0735,P0197,1,2025-03-26
O06943,C0489,P0266,5,2025-04-20
O06944,C0223,P0664,5,2024-08-28
O06945,C0150,P0306,5,2024-07-25
O06946,C0290,P0525,3,2024-10-11
O06947,C0846,P0542,4,2023-10-05
O06948,C0499,P0003,3,2025-01-30
O06949,C0098,P0081,1,2024-04-21
O06950,C0458,P0121,5,2024-02-14
O06951,C0453,P0199,1,2024-02-01
O06952,C0630,P0235,3,2023-12-30
O06953,C0553,P0360,1,2025-06-04
O06954,C0103,P0130,1,2024-01-02
O06955,C0219,P0190,4,2024-08-20
O06956,C0858,P0120,3,2023-11-12
O06957,C0598,P0577,5,2024-11-13
O06958,C0274,P0440,1,2024-10-19
O06959,C0314,P0348,5,2025-04-23
O06960,C0020,P0104,2,2024-05-03
O06961,C0880,P0444,2,2024-11-22
O06962,C0104,P0633,4,2025-04-16
O06963,C0798,P0213,2,2024-11-18
O06964,C0666,P0142,1,2025-06-23
O06965,C0564,P0112,5,2024-08-19
O06966,C0511,P0645,2,2025-07-19
O06967,C0917,P0273,1,2025-07-11
O06968,C0690,P0139,1,2024-01-10
O06969,C0584,P0508,2,2025-04-15
O06970,C0328,P0182,3,2024-08-31
O06971,C0871,P0230,3,2025-05-01
O06972,C0899,P0035,4,2025-08-27
O06973,C0226,P0338,1,2024-04-14
O06974,C0440,P0406,3,2024-07-31
O06975,C0685,P0041,2,2024-04-12
O06976,C0002,P0659,1,2024-08-14
O06977,C0828,P0270,4,2025-03-14
O06978,C0542,P0078,2,2025-01-02
O06979,C0227,P0482,5,2024-11-03
O06980,C0586,P0651,1,2025-01-24
O06981,C0565,P0118,4,2023-10-27
O06982,C0174,P0536,4,2024-08-26
O06983,C0183,P0224,3,2025-06-24
O06984,C0674,P0005,5,2025-01-14
O06985,C0563,P0079,2,2025-09-05
O06986,C0226,P0283,4,2024-10-24
O06987,C0559,P0218,4,2025-01-26
O06988,C0811,P0234,1,2024-05-10
O06989,C0583,P0138,3,2024-11-01
O06990,C0431,P0655,2,2024-05-09
O06991,C0643,P0095,5,2024-03-16
O06992,C0829,P0365,1,2025-06-01
O06993,C0751,P0096,5,2024-10-24
O06994,C0426,P0172,2,2024-06-07
O06995,C0605,P0385,1,2023-11-24
O06996,C0604,P0401,3,2024-08-18
O06997,C0696,P0034,5,2025-07-29
O06998,C0601,P0212,1,2025-07-19
O06999,C0665,P0168,4,2024-10-25
O07000,C0795,P0139,2,2025-05-24
O07001,C0203,P0011,1,2024-08-07
O07002,C0833,P0354,4,2025-02-08
O07003,C0312,P0485,4,2024-06-18
O07004,C0796,P0429,5,2025-03-17
O07005,C0104,P0330,2,2025-05-22
O07006,C0867,P0554,3,2024-12-06
O07007,C0667,P0319,5,2024-02-24
O07008,C0490,P0058,3,2023-09-18
O07009,C0814,P0312,2,2024-01-28
O07010,C0193,P0544,5,2024-01-05
O07011,C0361,P0277,1,2025-04-05
O07012,C0209,P0267,2,2024-12-06
O07013,C0173,P0073,5,2025-09-04
O07014,C0793,P0554,5,2024-08-12
O07015,C0731,P0543,5,2023-12-03
O07016,C0077,P0224,3,2025-01-25
O07017,C0691,P0034,1,2025-06-03
O07018,C0874,P0696,4,2025-01-12
O07019,C0094,P0117,3,2025-01-20
O07020,C0345,P0117,3,2025-02-13
O07021,C0519,P0274,1,2023-11-26
O07022,C0570,P0556,4,2024-11-29
O07023,C0135,P0159,4,2023-10-06
O07024,C0214,P0009,3,2025-04-11
O07025,C0082,P0467,4,2024-01-24
O07026,C0883,P0486,2,2025-02-02
O07027,C0327,P0193,4,2024-10-01
O07028,C0568,P0208,1,2024-01-16
O07029,C0268,P0674,2,2025-03-19
O07030,C0653,P0688,1,2024-04-23
O07031,C0162,P0592,3,2025-03-08
O07032,C0290,P0383,5,2024-11-01
O07033,C0571,P0313,3,2024-12-11
O07034,C0315,P0291,2,2024-05-04
O07035,C0268,P0595,2,2025-01-18
O07036,C0209,P0481,4,2025-02-06
O07037,C0529,P0222,3,2024-05-25
O07038,C0451,P0008,3,2025-06-15
O07039,C0075,P0345,4,2023-11-07
O07040,C0381,P0050,1,2025-06-18
O07041,C0366,P0631,5,2025-05-03
O07042,C0503,P0670,2,2024-03-21
O07043,C0489,P0182,2,2023-12-26
O07044,C0575,P0290,3,2024-09-07
O07045,C0669,P0406,1,2025-08-11
O07046,C0331,P0428,1,2024-12-21
O07047,C0481,P0608,1,2024-01-04
O07048,C0491,P0528,3,2024-07-13
O07049,C0748,P0094,5,2024-08-26
O07050,C0898,P0280,1,2024-12-27
O07051,C0413,P0547,4,2024-09-08
O07052,C0286,P0218,4,2024-01-23
O07053,C0827,P0625,3,2025-08-21
O07054,C0249,P0145,1,2024-01-07
O07055,C0623,P0633,1,2024-11-18
O07056,C0183,P0516,5,2024-11-30
O07057,C0720,P0523,5,2023-09-27
O07058,C0377,P0582,4,2024-02-18
O07059,C0381,P0207,2,2024-08-11
O07060,C0598,P0619,3,2025-07-02
O07061,C0194,P0028,2,2023-10-16
O07062,C0479,P0069,4,2025-07-04
O07063,C0467,P0658,1,2025-02-19
O07064,C0631,P0556,3,2025-06-17
O07065,C0606,P0238,4,2024-11-24
O07066,C0465,P0119,2,2025-06-08
O07067,C0241,P0002,3,2024-04-13
O07068,C0867,P0507,3,2024-09-14
O07069,C0343,P0237,1,2024-07-23
O07070,C0218,P0059,5,2025-04-05
O07071,C0347,P0022,3,2023-10-14
O07072,C0139,P0624,3,2024-02-03
O07073,C0247,P0577,2,2024-03-08
O07074,C0807,P0588,5,2023-10-17
O07075,C0439,P0159,5,2025-09-13
O07076,C0057,P0459,2,2024-02-12
O07077,C0893,P0096,3,2024-09-03
O07078,C0598,P0518,3,2025-07-29
O07079,C0383,P0349,1,2025-07-11
O07080,C0322,P0628,5,2024-05-28
O07081,C0609,P0474,1,2023-11-12
O07082,C0300,P0160,4,2025-07-05
O07083,C0454,P0471,4,2024-12-16
O07084,C0601,P0695,5,2025-02-21
O07085,C0026,P0532,4,2024-12-13
O07086,C0728,P0180,3,2023-10-06
O07087,C0677,P0672,5,2024-04-12
O07088,C0092,P0478,5,2023-09-24
O07089,C0762,P0333,5,2025-07-07
O07090,C0726,P0173,3,2023-12-20
O07091,C0766,P0418,2,2024-03-25
O07092,C0211,P0523,4,2024-05-24
O07093,C0700,P0100,5,2024-06-24
O07094,C0322,P0384,4,2024-05-16
O07095,C0825,P0087,4,2024-07-03
O07096,C0554,P0219,1,2025-07-29
O07097,C0303,P0666,2,2023-10-27
O07098,C0712,P0110,1,2023-09-24
O07099,C0624,P0611,3,2025-08-04
O07100,C0074,P0381,4,2024-06-29
O07101,C0043,P0194,5,2024-01-13
O07102,C0404,P0135,3,2023-12-18
O07103,C0848,P0559,4,2025-07-07
O07104,C0062,P0339,5,2023-09-29
O07105,C0022,P0397,5,2025-05-14
O07106,C0509,P0171,5,2025-06-26
O07107,C0343,P0032,3,2023-09-25
O07108,C0527,P0595,1,2024-04-05
O07109,C0628,P0091,5,2025-03-05
O07110,C0297,P0470,3,2023-09-30
O07111,C0196,P0334,5,2024-02-16
O07112,C0611,P0174,4,2024-11-30
O07113,C0403,P0303,5,2023-12-19
O07114,C0186,P0599,3,2024-09-06
O07115,C0485,P0020,1,2024-09-21
O07116,C0661,P0459,3,2024-04-20
O07117,C0791,P0020,3,2024-04-25
O07118,C0313,P0432,5,2024-07-18
O07119,C0287,P0431,1,2025-03-10
O07120,C0241,P0185,4,2024-07-25
O07121,C0187,P0653,5,2024-08-27
O07122,C0870,P0116,2,2024-05-17
O07123,C0616,P0051,1,2024-05-22
O07124,C0429,P0263,5,2024-08-22
O07125,C0726,P0453,1,2023-12-20
O07126,C0176,P0705,5,2025-09-16
O07127,C0137,P0472,1,2023-11-19
O07128,C0911,P0658,3,2023-11-23
O07129,C0393,P0161,1,2024-12-23
O07130,C0786,P0077,4,2023-12-10
O07131,C0438,P0211,1,2025-02-13
O07132,C0036,P0022,4,2024-09-08
O07133,C0332,P0540,4,2025-06-22
O07134,C0079,P0098,1,2023-09-17
O07135,C0101,P0339,4,2025-04-02
O07136,C0588,P0394,2,2025-01-26
O07137,C0822,P0068,3,2024-11-29
O07138,C0797,P0463,4,2023-10-20
O07139,C0248,P0113,2,2025-07-24
O07140,C0092,P0598,1,2025-03-24
O07141,C0306,P0213,2,2024-10-20
O07142,C0729,P0074,4,2025-05-07
O07143,C0326,P0006,2,2024-09-27
O07144,C0466,P0208,5,2023-12-28
O07145,C0305,P0164,2,2025-04-24
O07146,C0124,P0344,4,2025-03-11
O07147,C0686,P0379,4,2024-05-11
O07148,C0121,P0588,3,2025-08-16
O07149,C0247,P0060,5,2025-02-12
O07150,C0605,P0511,3,2024-08-07
O07151,C0442,P0683,3,2024-12-18
O07152,C0129,P0609,2,2024-01-13
O07153,C0556,P0466,3,2024-07-15
O07154,C0075,P0665,4,2025-07-13
O07155,C0192,P0337,4,2024-07-18
O07156,C0695,P0040,3,2023-12-09
O07157,C0397,P0306,4,2024-11-14
O07158,C0539,P0454,5,2024-08-10
O07159,C0691,P0612,3,2025-06-25
O07160,C0546,P0272,4,2024-12-27
O07161,C0265,P0598,4,2024-02-09
O07162,C0304,P0262,3,2025-03-14
O07163,C0743,P0402,4,2024-07-25
O07164,C0455,P0168,1,2024-03-16
O07165,C0731,P0430,4,2024-02-17
O07166,C0609,P0635,1,2025-07-12
O07167,C0468,P0053,5,2023-12-20
O07168,C0917,P0656,1,2025-03-29
O07169,C0326,P0625,4,2023-10-04
O07170,C0432,P0382,2,2023-10-06
O07171,C0157,P0644,2,2024-10-25
O07172,C0116,P0018,3,2023-12-26
O07173,C0399,P0463,1,2024-08-23
O07174,C0788,P0438,5,2025-01-20
O07175,C0302,P0529,1,2024-06-06
O07176,C0628,P0317,5,2024-05-18
O07177,C0334,P0067,5,2025-04-04
O07178,C0247,P0349,2,2023-11-13
O07179,C0047,P0272,5,2024-09-19
O07180,C0379,P0373,1,2025-02-20
O07181,C0417,P0010,5,2024-04-13
O07182,C0163,P0477,5,2025-01-15
O07183,C0472,P0493,2,2025-08-20
O07184,C0924,P0257,2,2024-04-05
O07185,C0225,P0329,4,2024-10-01
O07186,C0890,P0296,4,2025-01-25
O07187,C0067,P0285,2,2024-12-19
O07188,C0821,P0265,1,2023-12-30
O07189,C0722,P0071,2,2024-07-01
O07190,C0856,P0008,3,2023-10-13
O07191,C0676,P0448,3,2025-08-27
O07192,C0047,P0408,3,2023-11-01
O07193,C0681,P0139,1,2024-05-19
O07194,C0027,P0421,4,2024-08-08
O07195,C0225,P0518,1,2024-01-17
O07196,C0670,P0333,2,2024-09-05
O07197,C0736,P0473,2,2024-05-08
O07198,C0517,P0668,3,2024-06-08
O07199,C0358,P0666,5,2025-01-09
O07200,C0032,P0560,3,2024-06-05
O07201,C0872,P0102,5,2025-03-07
O07202,C0698,P0345,5,2024-01-03
O07203,C0285,P0653,5,2024-06-29
O07204,C0852,P0702,1,2025-02-08
O07205,C0050,P0272,3,2024-09-30
O07206,C0680,P0086,2,2025-07-01
O07207,C0314,P0316,2,2023-10-27
O07208,C0477,P0078,1,2024-04-27
O07209,C0430,P0593,2,2025-04-06
O07210,C0277,P0228,3,2024-04-24
O07211,C0761,P0058,1,2025-05-14
O07212,C0045,P0499,5,2025-01-09
O07213,C0161,P0049,5,2024-02-02
O07214,C0855,P0443,1,2025-03-31
O07215,C0125,P0631,2,2024-10-18
O07216,C0662,P0468,3,2024-10-30
O07217,C0685,P0464,4,2025-08-21
O07218,C0389,P0253,3,2024-10-22
O07219,C0809,P0640,5,2025-08-21
O07220,C0588,P0484,3,2025-05-12
O07221,C0265,P0012,2,2025-03-02
O07222,C0326,P0614,4,2024-02-10
O07223,C0213,P0098,1,2023-10-06
O07224,C0315,P0659,4,2024-07-17
O07225,C0553,P0426,3,2024-04-09
O07226,C0518,P0188,3,2025-05-30
O07227,C0676,P0128,4,2024-01-09
O07228,C0171,P0581,4,2024-09-13
O07229,C0636,P0139,1,2024-06-22
O07230,C0178,P0233,5,2025-06-15
O07231,C0347,P0058,5,2025-06-15
O07232,C0149,P0091,5,2023-11-22
O07233,C0855,P0100,5,2025-05-27
O07234,C0574,P0271,1,2024-08-18
O07235,C0460,P0307,2,2025-02-19
O07236,C0285,P0663,1,2023-12-01
O07237,C0203,P0484,4,2024-08-09
O07238,C0171,P0201,2,2024-08-23
O07239,C0440,P0641,3,2025-06-14
O07240,C0645,P0162,5,2024-11-27
O07241,C0691,P0635,2,2025-06-29
O07242,C0311,P0655,3,2025-06-28
O07243,C0514,P0293,1,2024-07-17
O07244,C0794,P0548,4,2025-01-24
O07245,C0697,P0599,1,2024-02-10
O07246,C0494,P0654,5,2024-04-24
O07247,C0794,P0593,3,2025-02-23
O07248,C0542,P0165,3,2025-01-15
O07249,C0540,P0097,4,2024-01-05
O07250,C0148,P0584,5,2023-10-08
O07251,C0635,P0690,1,2024-08-31
O07252,C0336,P0283,4,2024-01-29
O07253,C0512,P0702,5,2024-10-19
O07254,C0574,P0447,4,2025-07-15
O07255,C0170,P0537,4,2023-12-06
O07256,C0269,P0670,3,2023-10-29
O07257,C0897,P0259,3,2024-07-05
O07258,C0596,P0556,1,2024-03-24
O07259,C0842,P0020,1,2025-09-11
O07260,C0326,P0075,1,2024-05-12
O07261,C0414,P0602,3,2024-01-28
O07262,C0640,P0135,4,2024-05-19
O07263,C0041,P0142,5,2024-12-30
O07264,C0725,P0068,4,2024-12-19
O07265,C0816,P0340,4,2023-10-23
O07266,C0279,P0206,1,2023-10-22
O07267,C0793,P0051,1,2024-06-06
O07268,C0818,P0213,3,2024-11-30
O07269,C0338,P0661,5,2024-07-29
O07270,C0045,P0630,4,2025-08-18
O07271,C0681,P0147,2,2024-09-16
O07272,C0239,P0025,3,2025-01-30
O07273,C0453,P0421,3,2025-02-03
O07274,C0615,P0004,4,2024-11-15
O07275,C0860,P0423,4,2025-03-09
O07276,C0163,P0653,4,2023-12-17
O07277,C0380,P0504,4,2025-04-20
O07278,C0279,P0481,5,2023-11-08
O07279,C0801,P0493,1,2024-01-23
O07280,C0889,P0494,3,2025-08-08
O07281,C0510,P0300,2,2025-08-03
O07282,C0049,P0345,4,2023-11-02
O07283,C0130,P0136,3,2023-11-29
O07284,C0090,P0574,3,2025-05-31
O07285,C0635,P0530,4,2024-02-19
O07286,C0643,P0560,1,2024-10-23
O07287,C0012,P0439,2,2023-09-25
O07288,C0404,P0316,1,2024-05-07
O07289,C0485,P0382,5,2024-10-07
O07290,C0646,P0588,4,2024-04-08
O07291,C0283,P0356,2,2025-01-15
O07292,C0886,P0337,5,2024-06-08
O07293,C0358,P0490,4,2024-10-31
O07294,C0527,P0027,2,2025-01-31
O07295,C0757,P0671,5,2024-06-10
O07296,C0551,P0640,3,2024-08-25
O07297,C0191,P0121,3,2024-05-19
O07298,C0689,P0054,1,2024-11-25
O07299,C0231,P0428,4,2025-03-23
O07300,C0605,P0494,5,2024-11-23
O07301,C0684,P0158,5,2025-09-03
O07302,C0219,P0426,4,2025-02-21
O07303,C0666,P0020,1,2024-05-22
O07304,C0072,P0300,2,2024-11-06
O07305,C0176,P0449,5,2023-11-02
O07306,C0161,P0416,5,2024-11-19
O07307,C0126,P0109,1,2024-05-13
O07308,C0232,P0310,4,2023-10-20
O07309,C0511,P0669,5,2025-06-27
O07310,C0784,P0194,2,2024-03-03
O07311,C0843,P0543,3,2025-01-22
O07312,C0922,P0523,4,2024-06-16
O07313,C0368,P0588,5,2024-02-19
O07314,C0011,P0102,5,2024-11-27
O07315,C0906,P0078,1,2024-02-24
O07316,C0185,P0651,4,2025-02-15
O07317,C0901,P0067,4,2025-04-08
O07318,C0315,P0487,1,2023-12-13
O07319,C0926,P0413,5,2024-04-29
O07320,C0490,P0603,1,2025-03-23
O07321,C0741,P0179,5,2024-09-25
O07322,C0402,P0016,1,2024-06-08
O07323,C0537,P0374,4,2024-10-22
O07324,C0569,P0463,2,2024-03-26
O07325,C0247,P0124,2,2024-03-25
O07326,C0100,P0300,5,2024-04-09
O07327,C0183,P0299,2,2025-02-23
O07328,C0200,P0233,1,2024-07-11
O07329,C0467,P0562,3,2025-07-17
O07330,C0026,P0592,3,2024-08-18
O07331,C0103,P0678,4,2025-06-12
O07332,C0403,P0179,1,2024-08-28
O07333,C0019,P0486,3,2024-05-11
O07334,C0893,P0242,2,2023-12-31
O07335,C0684,P0271,5,2025-06-08
O07336,C0922,P0248,2,2023-11-19
O07337,C0463,P0497,5,2024-12-08
O07338,C0503,P0089,4,2025-08-31
O07339,C0277,P0099,4,2025-03-16
O07340,C0223,P0036,2,2025-09-05
O07341,C0687,P0661,4,2025-03-12
O07342,C0837,P0129,2,2024-06-07
O07343,C0790,P0187,3,2025-03-02
O07344,C0324,P0609,1,2024-10-02
O07345,C0448,P0029,2,2024-07-06
O07346,C0693,P0689,2,2024-07-23
O07347,C0586,P0409,4,2023-12-24
O07348,C0590,P0321,1,2025-07-05
O07349,C0261,P0344,2,2024-10-01
O07350,C0709,P0135,1,2024-02-11
O07351,C0536,P0244,2,2025-06-04
O07352,C0350,P0235,3,2025-09-15
O07353,C0163,P0560,5,2025-05-29
O07354,C0451,P0251,2,2024-07-01
O07355,C0462,P0078,2,2024-09-20
O07356,C0047,P0363,3,2024-02-06
O07357,C0599,P0589,4,2024-05-08
O07358,C0658,P0626,5,2024-12-23
O07359,C0099,P0642,5,2025-04-21
O07360,C0791,P0131,5,2025-05-13
O07361,C0592,P0154,4,2024-05-15
O07362,C0273,P0420,1,2024-05-06
O07363,C0591,P0063,2,2025-02-06
O07364,C0248,P0401,5,2023-09-28
O07365,C0246,P0347,1,2025-07-30
O07366,C0513,P0365,5,2023-11-23
O07367,C0629,P0466,5,2024-05-31
O07368,C0150,P0486,3,2025-07-12
O07369,C0306,P0169,4,2023-11-13
O07370,C0550,P0548,1,2025-01-01
O07371,C0126,P0549,2,2024-05-03
O07372,C0408,P0554,4,2024-11-22
O07373,C0362,P0506,1,2024-08-03
O07374,C0633,P0178,5,2024-05-18
O07375,C0340,P0522,5,2025-03-11
O07376,C0291,P0570,3,2025-05-17
O07377,C0068,P0327,2,2023-11-08
O07378,C0910,P0185,2,2024-07-21
O07379,C0527,P0102,3,2023-11-25
O07380,C0476,P0172,3,2025-02-25
O07381,C0587,P0567,5,2023-11-03
O07382,C0420,P0041,2,2024-11-20
O07383,C0437,P0177,5,2024-10-05
O07384,C0266,P0656,2,2024-08-08
O07385,C0014,P0037,3,2025-03-12
O07386,C0444,P0064,3,2025-08-16
O07387,C0131,P0392,3,2024-12-12
O07388,C0906,P0568,4,2024-11-28
O07389,C0344,P0111,4,2025-08-10
O07390,C0064,P0479,2,2024-04-02
O07391,C0902,P0476,4,2025-08-26
O07392,C0540,P0056,5,2024-09-25
O07393,C0784,P0335,4,2024-04-07
O07394,C0685,P0299,5,2024-08-08
O07395,C0493,P0188,2,2024-01-13
O07396,C0868,P0044,1,2024-08-18
O07397,C0660,P0376,1,2024-03-26
O07398,C0165,P0284,2,2023-12-25
O07399,C0035,P0678,5,2023-09-24
O07400,C0491,P0131,3,2025-04-22
O07401,C0867,P0694,1,2024-10-27
O07402,C0084,P0411,1,2024-07-02
O07403,C0082,P0571,4,2024-08-22
O07404,C0506,P0117,2,2023-09-25
O07405,C0446,P0586,5,2024-05-18
O07406,C0462,P0706,2,2024-11-04
O07407,C0301,P0135,2,2025-03-13
O07408,C0219,P0357,3,2024-11-07
O07409,C0694,P0417,4,2023-12-13
O07410,C0707,P0125,4,2025-03-30
O07411,C0479,P0302,4,2023-10-11
O07412,C0511,P0530,3,2024-12-29
O07413,C0519,P0645,1,2025-02-26
O07414,C0882,P0428,2,2024-02-24
O07415,C0718,P0422,4,2024-12-30
O07416,C0282,P0629,5,2024-06-12
O07417,C0648,P0412,1,2025-04-06
O07418,C0446,P0513,4,2024-08-29
O07419,C0057,P0432,2,2024-02-20
O07420,C0412,P0498,5,2023-09-19
O07421,C0716,P0099,2,2023-10-15
O07422,C0342,P0041,5,2024-10-05
O07423,C0145,P0654,4,2024-03-24
O07424,C0348,P0446,1,2025-03-21
O07425,C0056,P0137,4,2025-02-24
O07426,C0252,P0626,1,2023-11-03
O07427,C0483,P0259,4,2023-10-06
O07428,C0726,P0668,4,2024-12-20
O07429,C0747,P0167,4,2024-09-05
O07430,C0148,P0060,2,2024-09-29
O07431,C0186,P0382,4,2024-02-09
O07432,C0580,P0351,5,2025-07-06
O07433,C0010,P0047,3,2024-08-02
O07434,C0508,P0542,2,2024-10-07
O07435,C0468,P0412,4,2023-12-23
O07436,C0516,P0337,1,2025-01-11
O07437,C0754,P0256,4,2025-04-15
O07438,C0492,P0087,5,2024-04-20
O07439,C0603,P0110,3,2024-08-31
O07440,C0570,P0354,3,2023-11-09
O07441,C0592,P0471,5,2023-11-29
O07442,C0925,P0604,2,2024-09-28
O07443,C0319,P0692,2,2024-12-23
O07444,C0503,P0249,4,2024-11-06
O07445,C0607,P0621,5,2024-11-13
O07446,C0415,P0247,1,2024-01-07
O07447,C0025,P0187,4,2024-02-14
O07448,C0394,P0534,4,2025-09-13
O07449,C0334,P0431,1,2023-10-20
O07450,C0863,P0312,3,2025-06-02
O07451,C0451,P0164,5,2024-04-23
O07452,C0637,P0359,3,2025-08-01
O07453,C0003,P0659,5,2025-03-27
O07454,C0176,P0051,2,2024-01-08
O07455,C0048,P0563,2,2024-04-10
O07456,C0611,P0365,1,2025-05-24
O07457,C0471,P0146,5,2024-11-30
O07458,C0206,P0042,1,2024-02-05
O07459,C0905,P0434,4,2025-01-21
O07460,C0125,P0153,5,2024-02-26
O07461,C0401,P0406,5,2024-05-11
O07462,C0196,P0022,3,2023-12-04
O07463,C0009,P0066,2,2025-04-20
O07464,C0655,P0140,2,2024-05-28
O07465,C0113,P0152,4,2025-03-29
O07466,C0008,P0414,2,2025-06-28
O07467,C0742,P0321,5,2025-07-26
O07468,C0226,P0133,2,2024-11-03
O07469,C0561,P0402,2,2025-01-01
O07470,C0395,P0608,4,2025-07-10
O07471,C0868,P0693,3,2023-09-27
O07472,C0590,P0441,1,2023-09-20
O07473,C0729,P0028,4,2024-12-18
O07474,C0227,P0241,2,2024-10-16
O07475,C0618,P0504,4,2025-03-20
O07476,C0504,P0165,4,2023-12-02
O07477,C0055,P0599,1,2024-03-15
O07478,C0280,P0344,1,2023-09-21
O07479,C0364,P0052,3,2025-05-02
O07480,C0520,P0544,1,2023-10-23
O07481,C0619,P0653,3,2024-01-08
O07482,C0076,P0199,2,2024-04-26
O07483,C0638,P0212,5,2024-06-21
O07484,C0485,P0450,1,2024-01-30
O07485,C0292,P0107,4,2023-11-11
O07486,C0581,P0306,4,2025-01-31
O07487,C0145,P0621,1,2023-10-13
O07488,C0424,P0701,1,2024-07-30
O07489,C0897,P0177,3,2023-10-25
O07490,C0029,P0270,2,2025-06-10
O07491,C0759,P0545,1,2025-09-02
O07492,C0107,P0223,3,2024-10-05
O07493,C0875,P0205,4,2024-06-22
O07494,C0873,P0288,2,2025-07-28
O07495,C0395,P0187,4,2025-01-01
O07496,C0809,P0206,3,2024-04-16
O07497,C0043,P0679,2,2025-09-03
O07498,C0294,P0498,4,2024-08-25
O07499,C0132,P0509,2,2024-06-20
O07500,C0721,P0487,4,2024-02-12
O07501,C0209,P0571,3,2023-12-20
O07502,C0872,P0574,2,2025-05-16
O07503,C0118,P0310,5,2024-06-16
O07504,C0258,P0023,4,2023-11-22
O07505,C0886,P0029,4,2025-02-15
O07506,C0729,P0685,1,2024-01-10
O07507,C0862,P0128,5,2024-08-17
O07508,C0624,P0320,5,2025-05-06
O07509,C0151,P0214,3,2025-06-06
O07510,C0656,P0033,4,2024-01-03
O07511,C0030,P0121,5,2025-02-05
O07512,C0293,P0264,1,2024-02-17
O07513,C0261,P0114,2,2024-08-03
O07514,C0547,P0650,4,2025-01-09
O07515,C0472,P0064,4,2025-04-04
O07516,C0229,P0412,3,2025-06-04
O07517,C0366,P0433,4,2025-06-24
O07518,C0573,P0084,3,2024-12-14
O07519,C0508,P0702,3,2025-04-26
O07520,C0132,P0544,4,2024-06-01
O07521,C0161,P0295,5,2025-06-05
O07522,C0489,P0439,4,2024-03-24
O07523,C0650,P0323,3,2025-04-26
O07524,C0070,P0510,1,2024-12-07
O07525,C0179,P0461,3,2024-07-04
O07526,C0622,P0693,1,2025-07-08
O07527,C0302,P0188,5,2023-12-10
O07528,C0388,P0391,4,2023-11-10
O07529,C0050,P0267,1,2024-01-08
O07530,C0775,P0130,5,2023-11-16
O07531,C0330,P0421,4,2024-10-12
O07532,C0523,P0318,1,2024-11-20
O07533,C0127,P0020,5,2025-09-09
O07534,C0483,P0166,3,2024-01-16
O07535,C0477,P0297,5,2024-12-28
O07536,C0120,P0353,2,2024-05-19
O07537,C0066,P0645,2,2025-04-30
O07538,C0422,P0434,2,2024-09-16
O07539,C0672,P0387,1,2024-03-19
O07540,C0400,P0232,3,2024-03-05
O07541,C0792,P0103,5,2024-09-25
O07542,C0727,P0246,2,2025-06-14
O07543,C0288,P0376,5,2025-07-12
O07544,C0901,P0452,3,2024-07-15
O07545,C0448,P0384,1,2024-04-19
O07546,C0215,P0052,3,2024-12-30
O07547,C0546,P0481,1,2025-08-10
O07548,C0198,P0434,2,2023-10-03
O07549,C0735,P0243,2,2025-01-07
O07550,C0503,P0507,3,2023-12-19
O07551,C0522,P0019,3,2023-09-30
O07552,C0763,P0442,1,2024-10-01
O07553,C0607,P0543,3,2025-04-24
O07554,C0690,P0086,2,2024-09-07
O07555,C0438,P0698,2,2025-03-30
O07556,C0695,P0380,5,2024-09-07
O07557,C0016,P0568,2,2024-01-13
O07558,C0747,P0074,2,2025-03-27
O07559,C0452,P0280,4,2024-08-11
O07560,C0113,P0624,2,2024-03-17
O07561,C0214,P0516,2,2023-11-22
O07562,C0110,P0519,5,2024-10-18
O07563,C0351,P0064,3,2024-11-11
O07564,C0266,P0248,5,2025-01-30
O07565,C0543,P0544,1,2024-07-14
O07566,C0192,P0482,4,2024-10-08
O07567,C0191,P0686,3,2023-10-18
O07568,C0586,P0333,1,2023-10-03
O07569,C0218,P0587,2,2024-08-11
O07570,C0394,P0179,3,2025-08-18
O07571,C0461,P0141,2,2025-01-11
O07572,C0917,P0481,2,2023-10-26
O07573,C0207,P0161,4,2024-05-09
O07574,C0311,P0107,1,2023-11-08
O07575,C0362,P0086,1,2024-08-13
O07576,C0377,P0474,3,2023-10-08
O07577,C0618,P0646,2,2025-01-15
O07578,C0211,P0394,2,2025-08-19
O07579,C0600,P0290,4,2024-06-28
O07580,C0608,P0037,2,2024-08-21
O07581,C0551,P0145,1,2024-01-10
O07582,C0671,P0029,1,2024-08-25
O07583,C0780,P0117,1,2025-03-15
O07584,C0088,P0628,5,2024-10-03
O07585,C0401,P0583,5,2024-08-05
O07586,C0379,P0676,4,2024-10-12
O07587,C0441,P0532,1,2024-02-11
O07588,C0068,P0137,5,2024-03-01
O07589,C0588,P0483,2,2024-05-15
O07590,C0196,P0088,2,2023-10-21
O07591,C0337,P0127,2,2024-07-24
O07592,C0024,P0681,2,2024-02-20
O07593,C0257,P0591,2,2023-09-23
O07594,C0869,P0081,4,2025-07-18
O07595,C0702,P0536,5,2024-02-28
O07596,C0825,P0639,2,2024-04-21
O07597,C0282,P0642,1,2024-06-27
O07598,C0376,P0156,4,2023-12-28
O07599,C0604,P0697,1,2024-08-18
O07600,C0721,P0164,5,2025-05-22
O07601,C0453,P0385,3,2024-06-27
O07602,C0427,P0439,5,2024-10-03
O07603,C0407,P0162,3,2023-12-01
O07604,C0605,P0312,4,2024-05-05
O07605,C0855,P0511,5,2025-05-01
O07606,C0845,P0343,4,2025-05-16
O07607,C0903,P0351,3,2025-05-05
O07608,C0199,P0011,1,2024-06-08
O07609,C0125,P0191,2,2023-10-19
O07610,C0209,P0234,2,2024-04-07
O07611,C0165,P0626,2,2024-11-15
O07612,C0790,P0525,3,2024-01-21
O07613,C0380,P0063,2,2025-08-18
O07614,C0624,P0332,4,2024-11-04
O07615,C0631,P0211,4,2025-03-22
O07616,C0349,P0435,3,2025-08-29
O07617,C0351,P0350,5,2024-11-10
O07618,C0600,P0182,2,2024-02-19
O07619,C0610,P0360,2,2024-08-30
O07620,C0495,P0089,5,2025-01-27
O07621,C0030,P0304,5,2024-09-02
O07622,C0894,P0076,3,2025-05-28
O07623,C0406,P0183,2,2024-04-21
O07624,C0674,P0169,1,2024-01-01
O07625,C0645,P0007,2,2025-08-10
O07626,C0711,P0235,1,2025-05-03
O07627,C0375,P0418,3,2025-02-26
O07628,C0287,P0056,5,2023-11-22
O07629,C0106,P0490,4,2024-01-27
O07630,C0118,P0648,1,2024-01-27
O07631,C0518,P0090,4,2024-05-21
O07632,C0440,P0146,1,2025-07-07
O07633,C0685,P0280,5,2025-05-29
O07634,C0642,P0463,3,2025-04-18
O07635,C0513,P0089,5,2024-02-17
O07636,C0858,P0294,3,2024-08-18
O07637,C0183,P0316,5,2025-06-06
O07638,C0792,P0653,1,2024-12-05
O07639,C0630,P0079,1,2025-08-09
O07640,C0355,P0613,2,2025-07-23
O07641,C0047,P0054,5,2025-07-31
O07642,C0764,P0087,2,2025-07-20
O07643,C0179,P0572,3,2024-03-02
O07644,C0785,P0043,4,2023-10-22
O07645,C0889,P0390,5,2025-05-06
O07646,C0402,P0625,1,2023-10-31
O07647,C0059,P0591,2,2024-03-08
O07648,C0672,P0628,3,2024-03-01
O07649,C0003,P0001,4,2025-01-10
O07650,C0415,P0552,1,2024-05-23
O07651,C0271,P0443,4,2024-04-05
O07652,C0243,P0035,4,2024-10-11
O07653,C0349,P0705,4,2024-03-18
O07654,C0073,P0481,2,2025-01-03
O07655,C0893,P0181,5,2024-07-25
O07656,C0548,P0034,4,2025-08-04
O07657,C0779,P0293,2,2025-03-12
O07658,C0832,P0701,2,2025-09-08
O07659,C0368,P0481,3,2024-04-24
O07660,C0823,P0707,3,2024-04-21
O07661,C0291,P0657,2,2024-10-03
O07662,C0163,P0148,2,2025-03-18
O07663,C0595,P0092,1,2024-10-06
O07664,C0642,P0312,3,2025-04-11
O07665,C0728,P0378,1,2025-08-23
O07666,C0082,P0363,1,2024-05-04
O07667,C0631,P0153,5,2024-03-22
O07668,C0029,P0612,2,2024-02-02
O07669,C0076,P0365,1,2023-11-27
O07670,C0080,P0536,3,2024-08-08
O07671,C0054,P0004,1,2023-11-28
O07672,C0076,P0377,5,2025-08-24
O07673,C0703,P0210,2,2024-11-10
O07674,C0468,P0013,5,2024-10-13
O07675,C0435,P0455,3,2023-09-24
O07676,C0778,P0166,3,2023-11-08
O07677,C0870,P0626,1,2024-11-07
O07678,C0332,P0654,1,2024-08-30
O07679,C0906,P0040,2,2025-08-31
O07680,C0329,P0285,3,2024-04-29
O07681,C0484,P0119,4,2024-09-17
O07682,C0622,P0187,4,2024-09-15
O07683,C0174,P0547,1,2024-03-04
O07684,C0782,P0700,2,2024-09-14
O07685,C0382,P0138,5,2024-12-10
O07686,C0277,P0556,5,2024-08-26
O07687,C0890,P0484,3,2023-09-26
O07688,C0344,P0019,4,2025-04-16
O07689,C0745,P0452,4,2024-03-29
O07690,C0524,P0132,4,2024-06-26
O07691,C0260,P0355,1,2025-08-08
O07692,C0377,P0461,3,2024-06-26
O07693,C0872,P0146,2,2024-07-11
O07694,C0589,P0625,1,2025-02-08
O07695,C0230,P0692,4,2024-10-25
O07696,C0078,P0087,5,2023-11-20
O07697,C0103,P0649,4,2023-11-18
O07698,C0073,P0205,4,2025-04-27
O07699,C0813,P0488,1,2025-03-08
O07700,C0379,P0473,1,2025-06-17
O07701,C0003,P0707,5,2023-11-07
O07702,C0072,P0600,4,2024-10-08
O07703,C0601,P0239,3,2024-11-15
O07704,C0656,P0191,5,2024-04-05
O07705,C0893,P0372,2,2025-01-03
O07706,C0640,P0501,1,2025-05-29
O07707,C0491,P0302,1,2024-11-24
O07708,C0562,P0257,3,2024-04-19
O07709,C0886,P0030,5,2024-04-12
O07710,C0857,P0218,5,2025-06-10
O07711,C0282,P0313,4,2024-09-20
O07712,C0409,P0255,1,2024-10-04
O07713,C0550,P0062,3,2024-06-08
O07714,C0582,P0313,2,2025-08-09
O07715,C0258,P0203,5,2025-04-24
O07716,C0393,P0115,1,2025-04-14
O07717,C0100,P0118,3,2024-01-21
O07718,C0085,P0418,5,2025-03-02
O07719,C0908,P0444,3,2024-05-19
O07720,C0123,P0142,4,2023-11-04
O07721,C0688,P0564,1,2025-02-12
O07722,C0575,P0355,2,2024-07-31
O07723,C0324,P0134,5,2023-10-07
O07724,C0268,P0396,5,2024-02-06
O07725,C0910,P0004,4,2024-10-03
O07726,C0014,P0601,2,2024-12-12
O07727,C0445,P0705,1,2025-06-29
O07728,C0149,P0693,1,2024-06-28
O07729,C0847,P0679,5,2024-06-27
O07730,C0526,P0623,1,2025-05-01
O07731,C0724,P0104,5,2025-01-22
O07732,C0351,P0441,5,2025-06-03
O07733,C0382,P0598,3,2024-07-04
O07734,C0276,P0029,1,2024-02-02
O07735,C0766,P0274,3,2024-02-09
O07736,C0309,P0266,1,2024-05-09
O07737,C0263,P0365,5,2024-09-11
O07738,C0450,P0265,1,2025-07-31
O07739,C0213,P0612,1,2025-04-20
O07740,C0643,P0682,1,2024-10-26
O07741,C0795,P0192,1,2025-07-29
O07742,C0240,P0707,2,2025-08-27
O07743,C0321,P0070,2,2025-08-14
O07744,C0010,P0585,3,2025-09-16
O07745,C0680,P0594,5,2024-04-27
O07746,C0826,P0511,5,2025-06-03
O07747,C0051,P0632,3,2024-07-06
O07748,C0276,P0207,4,2025-08-11
O07749,C0381,P0147,2,2025-02-22
O07750,C0415,P0139,2,2025-04-05
O07751,C0020,P0193,1,2024-01-04
O07752,C0463,P0423,5,2024-09-17
O07753,C0412,P0455,2,2024-07-18
O07754,C0192,P0506,2,2024-08-08
O07755,C0592,P0400,5,2025-01-25
O07756,C0766,P0452,2,2025-08-23
O07757,C0836,P0008,3,2024-05-13
O07758,C0743,P0543,1,2023-11-22
O07759,C0255,P0493,2,2025-02-14
O07760,C0587,P0148,5,2024-08-24
O07761,C0177,P0600,3,2024-09-22
O07762,C0751,P0664,2,2025-02-19
O07763,C0156,P0318,1,2024-04-20
O07764,C0551,P0656,3,2025-01-30
O07765,C0444,P0045,5,2025-07-29
O07766,C0155,P0568,5,2025-02-07
O07767,C0004,P0187,1,2025-09-07
O07768,C0685,P0461,4,2025-06-07
O07769,C0093,P0497,5,2024-04-19
O07770,C0256,P0096,3,2024-05-31
O07771,C0076,P0129,3,2025-03-09
O07772,C0323,P0349,1,2024-11-17
O07773,C0859,P0558,5,2023-11-17
O07774,C0489,P0350,4,2024-06-06
O07775,C0268,P0370,5,2024-01-21
O07776,C0713,P0214,5,2024-07-08
O07777,C0888,P0327,4,2025-04-12
O07778,C0340,P0095,5,2025-03-31
O07779,C0590,P0669,1,2025-02-27
O07780,C0649,P0251,1,2024-11-05
O07781,C0408,P0150,3,2023-12-26
O07782,C0076,P0031,5,2024-02-19
O07783,C0392,P0240,2,2025-01-13
O07784,C0636,P0327,2,2025-01-17
O07785,C0693,P0452,5,2025-01-09
O07786,C0292,P0115,1,2024-05-18
O07787,C0571,P0057,1,2025-02-03
O07788,C0115,P0284,2,2023-09-25
O07789,C0037,P0318,5,2024-05-08
O07790,C0046,P0513,3,2023-12-29
O07791,C0014,P0518,3,2024-09-24
O07792,C0545,P0328,5,2025-02-11
O07793,C0202,P0349,1,2024-01-29
O07794,C0709,P0700,1,2024-11-16
O07795,C0397,P0144,1,2025-07-18
O07796,C0798,P0085,3,2023-09-23
O07797,C0506,P0361,3,2025-07-28
O07798,C0333,P0697,5,2025-04-17
O07799,C0498,P0559,3,2024-02-29
O07800,C0475,P0087,2,2023-10-30
O07801,C0348,P0203,4,2024-07-27
O07802,C0241,P0300,2,2024-07-21
O07803,C0813,P0218,4,2025-07-19
O07804,C0452,P0235,1,2024-11-16
O07805,C0291,P0110,5,2024-01-12
O07806,C0018,P0017,1,2024-06-21
O07807,C0671,P0078,4,2024-08-10
O07808,C0433,P0056,3,2024-09-03
O07809,C0924,P0351,3,2024-06-13
O07810,C0789,P0291,4,2025-02-19
O07811,C0524,P0646,3,2025-05-03
O07812,C0743,P0319,3,2024-12-30
O07813,C0404,P0152,1,2024-02-05
O07814,C0610,P0066,1,2024-09-06
O07815,C0472,P0005,1,2025-03-12
O07816,C0058,P0701,4,2024-05-12
O07817,C0882,P0505,5,2025-06-17
O07818,C0714,P0219,1,2025-09-09
O07819,C0227,P0507,3,2024-06-06
O07820,C0465,P0057,4,2025-06-25
O07821,C0635,P0103,1,2024-01-03
O07822,C0667,P0436,5,2025-07-06
O07823,C0309,P0115,1,2024-03-19
O07824,C0845,P0536,4,2025-06-23
O07825,C0315,P0018,1,2025-09-14
O07826,C0380,P0612,4,2024-06-30
O07827,C0144,P0241,4,2024-06-30
O07828,C0744,P0274,1,2025-09-14
O07829,C0603,P0523,5,2024-10-24
O07830,C0469,P0486,5,2025-02-21
O07831,C0367,P0098,5,2025-07-10
O07832,C0022,P0450,1,2024-02-27
O07833,C0465,P0470,3,2025-04-07
O07834,C0632,P0620,5,2024-01-06
O07835,C0300,P0560,3,2025-05-24
O07836,C0703,P0408,4,2024-05-13
O07837,C0663,P0338,1,2024-03-25
O07838,C0885,P0623,2,2024-05-13
O07839,C0220,P0093,3,2024-07-18
O07840,C0789,P0637,1,2024-10-31
O07841,C0707,P0507,5,2024-12-01
O07842,C0040,P0176,1,2024-11-28
O07843,C0753,P0346,2,2024-12-25
O07844,C0783,P0406,5,2025-09-09
O07845,C0603,P0616,3,2025-02-21
O07846,C0317,P0293,5,2025-06-20
O07847,C0045,P0102,5,2025-01-30
O07848,C0552,P0136,2,2025-02-13
O07849,C0906,P0242,3,2024-01-12
O07850,C0170,P0607,1,2024-07-02
O07851,C0816,P0583,2,2024-03-20
O07852,C0593,P0122,5,2024-07-22
O07853,C0860,P0570,2,2024-10-08
O07854,C0199,P0253,1,2025-04-09
O07855,C0374,P0151,4,2024-06-20
O07856,C0918,P0547,2,2024-01-27
O07857,C0546,P0052,3,2024-08-18
O07858,C0535,P0068,1,2025-02-11
O07859,C0615,P0282,4,2025-02-17
O07860,C0444,P0140,5,2025-04-01
O07861,C0732,P0580,2,2024-01-26
O07862,C0460,P0471,3,2023-12-09
O07863,C0793,P0581,1,2025-06-18
O07864,C0564,P0011,4,2025-06-12
O07865,C0692,P0107,5,2025-03-08
O07866,C0814,P0050,1,2025-06-10
O07867,C0141,P0486,2,2024-10-29
O07868,C0332,P0520,4,2024-12-17
O07869,C0647,P0072,2,2024-12-09
O07870,C0837,P0530,2,2024-02-16
O07871,C0151,P0207,2,2024-09-17
O07872,C0894,P0552,2,2024-07-02
O07873,C0199,P0706,4,2024-09-12
O07874,C0757,P0101,1,2024-07-19
O07875,C0836,P0313,3,2024-12-01
O07876,C0020,P0149,2,2024-09-09
O07877,C0571,P0319,1,2025-05-22
O07878,C0688,P0323,2,2025-09-06
O07879,C0645,P0526,4,2024-03-30
O07880,C0133,P0219,4,2024-11-07
O07881,C0379,P0637,5,2024-02-28
O07882,C0369,P0304,3,2023-11-28
O07883,C0173,P0057,5,2024-08-19
O07884,C0808,P0556,5,2025-04-10
O07885,C0916,P0389,2,2024-05-07
O07886,C0302,P0254,2,2023-11-22
O07887,C0834,P0689,4,2024-03-01
O07888,C0100,P0430,5,2025-08-20
O07889,C0817,P0154,5,2024-05-25
O07890,C0264,P0597,2,2023-09-25
O07891,C0719,P0547,5,2024-07-16
O07892,C0527,P0254,3,2024-12-17
O07893,C0043,P0559,5,2025-07-21
O07894,C0516,P0011,2,2024-07-29
O07895,C0542,P0248,4,2024-06-30
O07896,C0109,P0305,3,2024-09-20
O07897,C0231,P0211,1,2023-11-30
O07898,C0037,P0334,4,2025-09-12
O07899,C0198,P0528,3,2024-09-08
O07900,C0278,P0664,1,2024-04-30
O07901,C0830,P0056,5,2024-11-16
O07902,C0014,P0641,4,2024-07-29
O07903,C0071,P0520,2,2024-01-15
O07904,C0513,P0058,3,2024-03-01
O07905,C0552,P0552,4,2025-07-15
O07906,C0602,P0584,4,2023-12-01
O07907,C0389,P0018,3,2024-05-07
O07908,C0619,P0159,3,2024-11-18
O07909,C0844,P0151,5,2023-11-03
O07910,C0529,P0654,5,2024-10-16
O07911,C0516,P0627,2,2025-09-08
O07912,C0095,P0666,5,2023-12-20
O07913,C0580,P0502,2,2025-03-11
O07914,C0823,P0479,4,2025-01-20
O07915,C0433,P0413,5,2025-02-02
O07916,C0298,P0084,3,2024-04-08
O07917,C0679,P0380,1,2024-04-27
O07918,C0924,P0340,4,2025-02-22
O07919,C0881,P0609,2,2025-08-02
O07920,C0634,P0686,2,2025-09-14
O07921,C0068,P0286,1,2023-11-06
O07922,C0854,P0596,2,2025-02-26
O07923,C0630,P0120,2,2023-10-30
O07924,C0684,P0461,1,2024-02-25
O07925,C0500,P0058,4,2024-01-10
O07926,C0349,P0043,3,2024-07-25
O07927,C0527,P0498,3,2025-08-01
O07928,C0883,P0019,2,2025-09-13
O07929,C0314,P0284,2,2024-03-02
O07930,C0651,P0266,4,2024-04-30
O07931,C0250,P0661,5,2024-11-13
O07932,C0914,P0033,3,2025-01-30
O07933,C0257,P0568,4,2024-09-29
O07934,C0467,P0321,1,2025-07-02
O07935,C0090,P0354,3,2024-10-05
O07936,C0548,P0653,4,2025-09-12
O07937,C0691,P0384,3,2025-05-21
O07938,C0187,P0220,1,2025-09-11
O07939,C0498,P0274,4,2025-09-16
O07940,C0735,P0005,2,2024-04-03
O07941,C0774,P0473,3,2023-09-21
O07942,C0138,P0389,2,2023-12-07
O07943,C0099,P0291,1,2024-11-26
O07944,C0784,P0516,3,2025-04-15
O07945,C0005,P0039,4,2024-07-30
O07946,C0239,P0358,5,2025-06-13
O07947,C0544,P0397,1,2025-04-24
O07948,C0784,P0625,1,2024-05-07
O07949,C0860,P0320,1,2025-05-03
O07950,C0233,P0674,3,2024-03-18
O07951,C0634,P0284,4,2023-11-25
O07952,C0025,P0292,3,2025-08-12
O07953,C0868,P0339,4,2024-07-19
O07954,C0019,P0637,5,2024-02-20
O07955,C0548,P0650,1,2024-11-09
O07956,C0471,P0064,3,2025-05-13
O07957,C0307,P0200,5,2025-08-02
O07958,C0078,P0693,1,2024-06-16
O07959,C0256,P0394,2,2024-03-29
O07960,C0773,P0046,1,2025-01-28
O07961,C0066,P0332,3,2024-04-13
O07962,C0080,P0505,3,2024-08-28
O07963,C0353,P0424,5,2025-08-11
O07964,C0503,P0309,3,2025-02-02
O07965,C0770,P0272,4,2024-12-31
O07966,C0718,P0595,3,2025-01-11
O07967,C0043,P0673,1,2024-02-02
O07968,C0137,P0344,1,2024-06-28
O07969,C0174,P0412,2,2024-02-08
O07970,C0077,P0655,5,2024-01-26
O07971,C0376,P0701,1,2023-12-01
O07972,C0390,P0589,2,2024-05-12
O07973,C0173,P0422,5,2024-07-31
O07974,C0821,P0643,2,2024-01-15
O07975,C0329,P0097,1,2024-12-31
O07976,C0543,P0157,2,2024-11-17
O07977,C0391,P0548,1,2024-03-24
O07978,C0533,P0157,5,2024-06-18
O07979,C0530,P0200,3,2024-12-10
O07980,C0330,P0199,5,2025-08-18
O07981,C0560,P0666,1,2024-03-16
O07982,C0798,P0137,4,2025-09-11
O07983,C0508,P0482,1,2025-05-09
O07984,C0764,P0700,4,2025-07-03
O07985,C0048,P0259,3,2024-03-16
O07986,C0155,P0628,5,2025-03-18
O07987,C0630,P0259,2,2024-08-03
O07988,C0503,P0446,4,2024-12-15
O07989,C0679,P0054,1,2025-04-23
O07990,C0885,P0034,3,2023-10-26
O07991,C0341,P0034,5,2025-06-13
O07992,C0201,P0705,2,2024-06-08
O07993,C0026,P0654,1,2024-04-02
O07994,C0405,P0029,2,2024-02-05
O07995,C0134,P0080,4,2024-12-15
O07996,C0556,P0087,5,2025-08-06
O07997,C0324,P0682,5,2024-01-21
O07998,C0662,P0387,1,2025-03-29
O07999,C0851,P0701,2,2023-10-20
O08000,C0878,P0646,3,2025-04-08
O08001,C0371,P0126,5,2025-02-28
O08002,C0411,P0119,3,2025-07-18
O08003,C0724,P0315,4,2025-06-22
O08004,C0449,P0553,2,2025-04-14
O08005,C0600,P0695,1,2025-07-18
O08006,C0606,P0248,5,2024-07-11
O08007,C0314,P0699,2,2024-08-22
O08008,C0114,P0136,4,2024-11-10
O08009,C0293,P0055,3,2025-05-02
O08010,C0791,P0522,4,2025-03-15
O08011,C0680,P0151,3,2024-01-24
O08012,C0155,P0235,1,2025-01-22
O08013,C0398,P0259,2,2024-11-19
O08014,C0353,P0269,5,2025-09-01
O08015,C0838,P0350,4,2023-09-19
O08016,C0451,P0150,2,2025-04-20
O08017,C0724,P0299,3,2024-04-10
O08018,C0543,P0430,2,2024-08-10
O08019,C0512,P0197,5,2024-09-02
O08020,C0477,P0353,5,2024-04-03
O08021,C0600,P0437,1,2024-03-21
O08022,C0474,P0693,1,2025-03-17
O08023,C0765,P0662,4,2023-10-16
O08024,C0049,P0238,5,2024-05-13
O08025,C0907,P0231,5,2025-01-31
O08026,C0436,P0005,4,2023-11-02
O08027,C0805,P0160,3,2023-11-16
O08028,C0817,P0057,5,2024-08-10
O08029,C0059,P0672,2,2025-03-24
O08030,C0787,P0516,5,2023-12-24
O08031,C0347,P0057,5,2025-05-10
O08032,C0147,P0256,4,2024-04-19
O08033,C0092,P0506,4,2025-05-01
O08034,C0640,P0052,3,2023-10-06
O08035,C0334,P0025,1,2023-10-24
O08036,C0526,P0195,2,2025-09-02
O08037,C0476,P0617,1,2024-09-18
O08038,C0643,P0450,5,2024-02-07
O08039,C0228,P0612,4,2024-10-27
O08040,C0842,P0512,4,2023-11-22
O08041,C0708,P0330,5,2025-09-03
O08042,C0080,P0034,5,2024-04-09
O08043,C0607,P0116,2,2024-02-27
O08044,C0444,P0120,5,2024-02-23
O08045,C0683,P0054,4,2025-02-07
O08046,C0155,P0500,3,2023-10-17
O08047,C0242,P0048,1,2024-08-21
O08048,C0742,P0679,3,2024-04-03
O08049,C0270,P0466,5,2024-03-17
O08050,C0399,P0196,2,2025-04-08
O08051,C0313,P0528,1,2025-06-11
O08052,C0351,P0201,3,2024-10-02
O08053,C0172,P0706,4,2025-04-02
O08054,C0551,P0443,4,2023-12-05
O08055,C0170,P0668,3,2025-03-22
O08056,C0895,P0642,2,2024-10-19
O08057,C0549,P0225,2,2023-12-15
O08058,C0353,P0041,3,2024-04-28
O08059,C0144,P0393,1,2025-03-29
O08060,C0014,P0280,4,2025-05-02
O08061,C0785,P0367,4,2023-09-23
O08062,C0470,P0652,4,2025-05-04
O08063,C0201,P0444,4,2025-02-08
O08064,C0850,P0466,2,2025-01-24
O08065,C0036,P0235,4,2023-12-22
O08066,C0206,P0106,3,2024-11-03
O08067,C0641,P0579,2,2025-02-07
O08068,C0730,P0641,4,2025-05-08
O08069,C0537,P0318,3,2024-01-13
O08070,C0007,P0028,2,2024-10-30
O08071,C0608,P0249,4,2024-11-28
O08072,C0860,P0135,3,2024-12-17
O08073,C0789,P0147,3,2025-09-12
O08074,C0652,P0030,3,2024-12-07
O08075,C0245,P0610,5,2024-10-20
O08076,C0861,P0545,2,2024-10-19
O08077,C0837,P0068,2,2025-06-02
O08078,C0796,P0486,2,2023-11-19
O08079,C0347,P0576,1,2025-07-29
O08080,C0307,P0232,5,2023-10-16
O08081,C0664,P0032,1,2024-02-21
O08082,C0243,P0623,5,2025-01-12
O08083,C0173,P0631,5,2024-09-25
O08084,C0265,P0158,1,2024-12-15
O08085,C0395,P0695,3,2024-11-25
O08086,C0204,P0172,2,2023-10-24
O08087,C0749,P0631,2,2024-02-26
O08088,C0787,P0365,3,2024-08-01
O08089,C0728,P0599,5,2024-06-19
O08090,C0174,P0320,4,2025-02-11
O08091,C0692,P0283,1,2025-08-03
O08092,C0105,P0345,2,2025-04-01
O08093,C0669,P0611,1,2025-03-27
O08094,C0518,P0450,2,2024-04-16
O08095,C0586,P0359,1,2025-05-19
O08096,C0692,P0466,4,2023-11-09
O08097,C0920,P0329,3,2024-02-12
O08098,C0621,P0676,4,2024-07-17
O08099,C0451,P0360,5,2025-07-21
O08100,C0204,P0195,3,2024-10-03
O08101,C0879,P0597,1,2024-01-24
O08102,C0791,P0201,1,2024-11-23
O08103,C0766,P0397,2,2024-11-02
O08104,C0759,P0073,3,2024-01-06
O08105,C0441,P0412,4,2024-02-22
O08106,C0167,P0099,1,2024-11-22
O08107,C0417,P0675,3,2025-09-14
O08108,C0408,P0585,3,2025-01-14
O08109,C0152,P0409,4,2024-05-28
O08110,C0838,P0344,1,2023-10-20
O08111,C0062,P0661,5,2025-03-23
O08112,C0282,P0074,3,2024-02-02
O08113,C0840,P0574,5,2025-08-13
O08114,C0223,P0535,5,2023-09-28
O08115,C0643,P0030,5,2024-09-10
O08116,C0572,P0164,2,2024-03-02
O08117,C0736,P0037,2,2025-01-05
O08118,C0698,P0561,2,2023-09-21
O08119,C0038,P0085,1,2025-06-25
O08120,C0168,P0170,1,2024-05-27
O08121,C0822,P0670,2,2024-11-19
O08122,C0053,P0179,4,2024-06-08
O08123,C0815,P0203,1,2025-04-01
O08124,C0675,P0028,5,2024-11-07
O08125,C0309,P0556,2,2024-12-21
O08126,C0734,P0046,4,2024-10-15
O08127,C0429,P0691,4,2024-08-31
O08128,C0055,P0462,1,2025-04-22
O08129,C0773,P0500,1,2024-04-03
O08130,C0624,P0589,1,2025-08-05
O08131,C0570,P0689,1,2025-07-04
O08132,C0044,P0652,2,2024-01-29
O08133,C0895,P0532,5,2025-02-18
O08134,C0473,P0136,4,2025-05-07
O08135,C0236,P0465,4,2023-10-31
O08136,C0668,P0329,4,2024-08-29
O08137,C0713,P0604,4,2024-05-06
O08138,C0471,P0142,3,2025-06-03
O08139,C0081,P0609,3,2024-05-04
O08140,C0804,P0103,3,2025-01-15
O08141,C0657,P0517,1,2025-05-21
O08142,C0660,P0551,2,2024-12-16
O08143,C0308,P0110,1,2023-12-15
O08144,C0311,P0452,3,2025-07-29
O08145,C0425,P0146,5,2024-06-08
O08146,C0892,P0203,1,2024-10-03
O08147,C0895,P0676,3,2024-07-15
O08148,C0291,P0638,1,2025-04-05
O08149,C0451,P0126,5,2025-05-12
O08150,C0073,P0025,5,2023-09-29
O08151,C0324,P0625,2,2023-10-24
O08152,C0443,P0383,1,2025-05-04
O08153,C0163,P0164,2,2024-12-17
O08154,C0132,P0692,1,2024-04-22
O08155,C0013,P0209,4,2024-07-05
O08156,C0031,P0007,5,2024-11-17
O08157,C0571,P0579,1,2024-01-30
O08158,C0557,P0192,1,2025-01-09
O08159,C0522,P0290,2,2025-06-28
O08160,C0061,P0018,4,2025-01-25
O08161,C0706,P0266,1,2024-01-23
O08162,C0168,P0482,2,2025-04-10
O08163,C0223,P0098,1,2025-04-01
O08164,C0787,P0189,4,2024-03-03
O08165,C0092,P0461,3,2025-01-12
O08166,C0622,P0318,4,2024-10-21
O08167,C0050,P0492,1,2024-01-12
O08168,C0116,P0468,5,2024-08-21
O08169,C0319,P0632,5,2024-01-10
O08170,C0475,P0622,5,2024-06-09
O08171,C0655,P0705,3,2023-10-25
O08172,C0413,P0201,1,2024-05-04
O08173,C0589,P0617,1,2024-05-02
O08174,C0704,P0087,3,2025-03-23
O08175,C0701,P0343,2,2024-08-19
O08176,C0737,P0162,5,2023-12-03
O08177,C0926,P0336,3,2024-04-07
O08178,C0092,P0157,5,2024-10-11
O08179,C0230,P0234,4,2025-04-09
O08180,C0889,P0235,3,2025-03-25
O08181,C0186,P0072,1,2023-10-20
O08182,C0717,P0095,5,2024-12-18
O08183,C0515,P0256,1,2024-07-16
O08184,C0556,P0551,4,2024-08-27
O08185,C0859,P0161,3,2024-06-28
O08186,C0062,P0350,3,2025-08-16
O08187,C0168,P0568,5,2024-08-23
O08188,C0137,P0052,2,2024-06-06
O08189,C0122,P0307,5,2025-02-01
O08190,C0616,P0334,5,2024-09-19
O08191,C0311,P0378,2,2024-04-22
O08192,C0620,P0483,3,2023-10-31
O08193,C0047,P0444,2,2025-07-09
O08194,C0746,P0562,2,2025-03-02
O08195,C0145,P0393,2,2025-08-11
O08196,C0422,P0394,1,2024-05-27
O08197,C0136,P0631,4,2024-09-24
O08198,C0622,P0568,3,2024-07-14
O08199,C0373,P0426,2,2024-03-18
O08200,C0081,P0281,3,2025-01-19
O08201,C0139,P0114,1,2025-05-10
O08202,C0445,P0044,4,2024-11-01
O08203,C0321,P0402,2,2025-02-23
O08204,C0840,P0340,5,2025-08-22
O08205,C0878,P0624,4,2023-11-16
O08206,C0717,P0321,3,2023-11-29
O08207,C0345,P0249,5,2025-06-14
O08208,C0413,P0113,3,2025-07-25
O08209,C0088,P0142,5,2024-10-17
O08210,C0205,P0161,3,2024-12-09
O08211,C0835,P0140,3,2023-12-27
O08212,C0770,P0515,5,2025-03-02
O08213,C0175,P0561,3,2024-07-13
O08214,C0632,P0353,5,2024-05-26
O08215,C0606,P0316,4,2025-04-11
O08216,C0340,P0410,5,2024-07-26
O08217,C0675,P0048,3,2025-05-03
O08218,C0188,P0158,5,2024-03-27
O08219,C0737,P0137,3,2025-07-07
O08220,C0607,P0464,3,2025-06-07
O08221,C0323,P0233,2,2024-11-19
O08222,C0453,P0393,3,2024-10-07
O08223,C0799,P0111,3,2024-06-21
O08224,C0191,P0140,2,2025-06-14
O08225,C0266,P0476,2,2025-06-11
O08226,C0747,P0077,4,2024-04-01
O08227,C0708,P0308,2,2024-08-26
O08228,C0681,P0131,3,2024-08-17
O08229,C0073,P0629,1,2024-06-19
O08230,C0674,P0568,1,2024-07-24
O08231,C0763,P0425,2,2023-09-23
O08232,C0640,P0060,2,2025-05-06
O08233,C0008,P0486,4,2024-05-29
O08234,C0681,P0362,4,2024-06-26
O08235,C0252,P0673,1,2025-08-09
O08236,C0087,P0313,1,2024-12-04
O08237,C0094,P0651,5,2024-02-09
O08238,C0797,P0200,1,2024-06-16
O08239,C0098,P0237,1,2024-10-01
O08240,C0176,P0698,5,2025-04-27
O08241,C0828,P0178,3,2025-06-26
O08242,C0379,P0445,1,2025-01-30
O08243,C0886,P0563,5,2024-03-09
O08244,C0409,P0208,2,2024-03-24
O08245,C0326,P0145,1,2025-05-17
O08246,C0071,P0425,5,2024-09-16
O08247,C0630,P0362,5,2025-03-11
O08248,C0484,P0372,3,2025-02-08
O08249,C0034,P0041,3,2025-09-02
O08250,C0832,P0369,4,2025-01-09
O08251,C0083,P0281,4,2024-12-23
O08252,C0769,P0208,2,2025-06-19
O08253,C0138,P0341,4,2024-04-12
O08254,C0562,P0628,5,2025-01-02
O08255,C0189,P0348,1,2023-12-09
O08256,C0194,P0658,1,2024-05-08
O08257,C0904,P0101,4,2025-02-15
O08258,C0059,P0131,3,2025-01-19
O08259,C0147,P0389,5,2025-03-26
O08260,C0835,P0636,2,2025-07-06
O08261,C0910,P0234,1,2023-10-06
O08262,C0059,P0327,4,2023-11-13
O08263,C0573,P0463,4,2024-05-30
O08264,C0526,P0119,5,2024-04-24
O08265,C0055,P0518,4,2024-01-29
O08266,C0173,P0009,3,2023-10-24
O08267,C0131,P0625,5,2023-11-18
O08268,C0878,P0490,4,2025-01-14
O08269,C0868,P0116,3,2025-04-24
O08270,C0099,P0313,2,2024-07-02
O08271,C0063,P0353,5,2025-08-23
O08272,C0080,P0431,3,2023-12-05
O08273,C0895,P0183,5,2025-08-24
O08274,C0181,P0333,4,2025-05-15
O08275,C0185,P0625,2,2023-11-19
O08276,C0697,P0100,5,2024-11-11
O08277,C0709,P0012,5,2024-11-07
O08278,C0589,P0645,4,2024-10-27
O08279,C0538,P0396,4,2023-10-03
O08280,C0613,P0352,5,2023-09-17
O08281,C0259,P0290,4,2024-12-21
O08282,C0548,P0277,2,2024-09-15
O08283,C0183,P0085,2,2024-10-09
O08284,C0460,P0370,5,2024-01-11
O08285,C0732,P0160,5,2025-06-27
O08286,C0916,P0356,2,2025-09-05
O08287,C0626,P0011,2,2024-07-07
O08288,C0691,P0303,5,2025-01-20
O08289,C0307,P0364,2,2025-05-05
O08290,C0605,P0106,2,2025-08-03
O08291,C0041,P0278,3,2024-04-28
O08292,C0662,P0056,4,2024-03-02
O08293,C0014,P0634,4,2024-08-16
O08294,C0027,P0657,2,2023-11-30
O08295,C0694,P0058,2,2024-02-25
O08296,C0169,P0155,4,2024-07-04
O08297,C0809,P0225,5,2024-04-17
O08298,C0067,P0043,1,2025-08-02
O08299,C0454,P0647,3,2023-11-12
O08300,C0333,P0382,2,2024-04-12
O08301,C0640,P0346,1,2024-08-03
O08302,C0453,P0536,2,2025-05-20
O08303,C0476,P0652,3,2023-09-28
O08304,C0437,P0180,5,2024-12-01
O08305,C0697,P0690,1,2024-04-21
O08306,C0168,P0235,2,2024-07-03
O08307,C0671,P0594,4,2025-07-18
O08308,C0868,P0327,2,2025-09-14
O08309,C0517,P0348,4,2025-04-11
O08310,C0792,P0151,2,2023-12-25
O08311,C0768,P0259,3,2023-10-17
O08312,C0370,P0137,3,2023-12-14
O08313,C0478,P0414,3,2023-12-27
O08314,C0217,P0397,4,2025-09-04
O08315,C0505,P0579,5,2024-09-06
O08316,C0354,P0011,5,2024-03-25
O08317,C0877,P0462,3,2024-10-18
O08318,C0079,P0324,2,2024-09-04
O08319,C0590,P0411,3,2024-12-19
O08320,C0259,P0401,2,2024-05-21
O08321,C0866,P0677,1,2025-04-01
O08322,C0356,P0543,4,2024-09-25
O08323,C0342,P0039,1,2024-11-09
O08324,C0520,P0121,1,2024-01-07
O08325,C0726,P0388,2,2023-12-01
O08326,C0253,P0142,1,2024-11-26
O08327,C0432,P0223,4,2024-11-26
O08328,C0735,P0043,3,2024-03-29
O08329,C0580,P0306,2,2025-06-16
O08330,C0022,P0469,4,2024-01-14
O08331,C0537,P0305,2,2024-11-23
O08332,C0905,P0240,4,2024-12-05
O08333,C0647,P0464,2,2024-11-20
O08334,C0313,P0105,1,2024-04-27
O08335,C0185,P0354,2,2025-05-28
O08336,C0148,P0410,2,2024-08-03
O08337,C0406,P0503,5,2024-07-08
O08338,C0509,P0342,1,2025-08-06
O08339,C0513,P0597,3,2025-03-26
O08340,C0909,P0197,4,2024-10-21
O08341,C0262,P0328,4,2024-05-28
O08342,C0135,P0226,2,2024-05-16
O08343,C0738,P0189,4,2025-06-24
O08344,C0758,P0168,5,2025-08-17
O08345,C0044,P0221,5,2025-02-11
O08346,C0348,P0204,2,2025-01-26
O08347,C0634,P0083,2,2025-02-25
O08348,C0150,P0684,1,2024-03-02
O08349,C0480,P0595,4,2025-04-15
O08350,C0257,P0097,1,2023-11-20
O08351,C0634,P0573,2,2024-03-20
O08352,C0637,P0342,1,2025-08-15
O08353,C0814,P0207,2,2025-01-02
O08354,C0396,P0413,5,2025-07-01
O08355,C0022,P0086,1,2023-10-14
O08356,C0894,P0543,4,2024-06-18
O08357,C0705,P0557,5,2024-07-12
O08358,C0206,P0532,5,2023-12-10
O08359,C0479,P0418,1,2023-09-17
O08360,C0454,P0284,2,2024-09-08
O08361,C0578,P0172,3,2025-02-16
O08362,C0062,P0615,2,2024-02-25
O08363,C0353,P0482,1,2024-01-11
O08364,C0032,P0300,2,2024-08-18
O08365,C0014,P0676,4,2024-12-23
O08366,C0742,P0198,1,2025-03-16
O08367,C0456,P0522,5,2025-01-16
O08368,C0745,P0148,1,2024-03-01
O08369,C0629,P0177,4,2025-03-09
O08370,C0720,P0440,2,2025-04-24
O08371,C0441,P0486,1,2025-06-06
O08372,C0281,P0107,3,2025-07-27
O08373,C0601,P0246,3,2024-04-10
O08374,C0926,P0066,5,2025-04-21
O08375,C0874,P0292,3,2025-07-12
O08376,C0665,P0652,3,2025-03-23
O08377,C0358,P0544,1,2024-10-22
O08378,C0266,P0278,3,2024-06-28
O08379,C0875,P0460,1,2025-01-04
O08380,C0076,P0674,4,2025-03-22
O08381,C0630,P0382,1,2024-12-01
O08382,C0208,P0650,1,2025-04-10
O08383,C0662,P0561,5,2024-10-11
O08384,C0018,P0602,5,2025-07-03
O08385,C0566,P0266,2,2025-08-21
O08386,C0251,P0262,4,2024-01-29
O08387,C0811,P0597,3,2025-06-06
O08388,C0036,P0706,3,2025-08-17
O08389,C0181,P0439,4,2023-12-09
O08390,C0509,P0242,1,2024-12-18
O08391,C0172,P0644,5,2025-05-20
O08392,C0460,P0094,3,2024-12-09
O08393,C0283,P0091,1,2025-02-26
O08394,C0313,P0013,2,2025-08-03
O08395,C0547,P0269,4,2024-05-07
O08396,C0509,P0487,3,2024-10-05
O08397,C0208,P0385,1,2024-05-25
O08398,C0786,P0198,1,2024-05-02
O08399,C0654,P0176,1,2024-05-11
O08400,C0005,P0665,4,2024-06-30
O08401,C0396,P0355,4,2024-10-18
O08402,C0650,P0376,1,2024-12-11
O08403,C0201,P0464,2,2024-03-20
O08404,C0802,P0665,1,2024-01-30
O08405,C0754,P0587,2,2023-12-29
O08406,C0459,P0350,1,2024-11-08
O08407,C0590,P0464,2,2024-05-25
O08408,C0151,P0067,5,2023-12-22
O08409,C0435,P0259,1,2024-08-22
O08410,C0806,P0312,2,2025-06-21
O08411,C0796,P0418,1,2024-08-02
O08412,C0047,P0028,5,2023-09-18
O08413,C0877,P0385,1,2023-11-10
O08414,C0815,P0038,3,2024-04-16
O08415,C0523,P0117,4,2025-09-04
O08416,C0687,P0099,3,2023-11-11
O08417,C0845,P0011,2,2025-05-30
O08418,C0420,P0660,5,2024-01-19
O08419,C0859,P0022,4,2024-11-19
O08420,C0271,P0009,4,2025-02-02
O08421,C0442,P0431,1,2024-08-02
O08422,C0157,P0700,3,2023-09-17
O08423,C0096,P0227,1,2024-02-19
O08424,C0510,P0143,1,2025-03-25
O08425,C0590,P0091,3,2024-11-01
O08426,C0103,P0231,2,2023-11-21
O08427,C0842,P0608,5,2024-09-02
O08428,C0138,P0706,2,2024-07-03
O08429,C0909,P0425,1,2024-03-24
O08430,C0891,P0549,1,2025-04-30
O08431,C0435,P0130,5,2024-03-29
O08432,C0211,P0179,5,2025-07-17
O08433,C0428,P0505,1,2024-03-19
O08434,C0383,P0163,4,2023-12-06
O08435,C0730,P0333,2,2025-04-03
O08436,C0023,P0144,4,2023-10-14
O08437,C0917,P0117,2,2025-02-07
O08438,C0034,P0351,4,2024-07-18
O08439,C0438,P0106,4,2024-03-31
O08440,C0627,P0506,1,2025-02-17
O08441,C0694,P0341,3,2024-05-27
O08442,C0292,P0670,4,2024-03-27
O08443,C0488,P0354,4,2025-06-18
O08444,C0211,P0578,1,2024-03-28
O08445,C0502,P0135,4,2023-12-14
O08446,C0895,P0059,3,2025-04-02
O08447,C0632,P0178,2,2025-07-12
O08448,C0461,P0682,4,2024-10-19
O08449,C0375,P0224,1,2024-12-10
O08450,C0622,P0685,2,2024-04-26
O08451,C0777,P0150,2,2024-10-15
O08452,C0166,P0137,5,2024-12-17
O08453,C0370,P0378,5,2025-07-21
O08454,C0678,P0583,1,2024-01-04
O08455,C0315,P0699,2,2024-06-17
O08456,C0915,P0447,3,2023-10-15
O08457,C0144,P0101,4,2025-06-20
O08458,C0621,P0445,1,2025-08-14
O08459,C0766,P0200,5,2025-09-15
O08460,C0075,P0569,5,2023-12-22
O08461,C0222,P0151,4,2024-05-08
O08462,C0590,P0647,5,2025-08-20
O08463,C0462,P0282,5,2024-10-19
O08464,C0476,P0039,3,2023-10-07
O08465,C0892,P0274,4,2024-10-23
O08466,C0141,P0618,3,2024-10-13
O08467,C0908,P0621,5,2025-03-11
O08468,C0844,P0330,5,2025-03-09
O08469,C0667,P0456,1,2023-10-31
O08470,C0302,P0087,5,2025-05-22
O08471,C0906,P0373,2,2024-11-29
O08472,C0445,P0420,3,2025-04-06
O08473,C0479,P0311,2,2024-12-19
O08474,C0022,P0051,1,2025-06-05
O08475,C0549,P0074,2,2025-04-07
O08476,C0913,P0535,2,2024-06-14
O08477,C0124,P0216,2,2025-07-02
O08478,C0302,P0406,1,2025-08-21
O08479,C0382,P0292,5,2025-06-07
O08480,C0438,P0078,3,2025-02-12
O08481,C0793,P0511,4,2024-08-01
O08482,C0687,P0488,3,2025-07-17
O08483,C0175,P0687,5,2024-06-07
O08484,C0044,P0119,1,2025-04-07
O08485,C0457,P0578,2,2024-09-21
O08486,C0267,P0596,2,2025-04-10
O08487,C0345,P0539,5,2024-09-15
O08488,C0010,P0562,2,2024-08-30
O08489,C0652,P0526,5,2023-10-29
O08490,C0058,P0377,3,2025-07-30
O08491,C0754,P0033,5,2024-03-03
O08492,C0528,P0272,2,2025-02-01
O08493,C0133,P0597,5,2023-12-23
O08494,C0008,P0621,3,2024-04-25
O08495,C0605,P0372,2,2025-02-09
O08496,C0479,P0131,1,2023-11-15
O08497,C0483,P0484,2,2024-11-21
O08498,C0443,P0557,1,2024-01-21
O08499,C0349,P0580,5,2024-04-17
O08500,C0598,P0161,3,2023-12-27
O08501,C0808,P0371,5,2023-12-01
O08502,C0490,P0239,4,2023-12-10
O08503,C0753,P0334,2,2024-09-17
O08504,C0273,P0654,4,2024-02-07
O08505,C0336,P0563,2,2025-08-17
O08506,C0680,P0312,2,2025-03-08
O08507,C0170,P0591,3,2025-08-09
O08508,C0489,P0087,1,2025-07-22
O08509,C0550,P0617,1,2025-07-07
O08510,C0026,P0041,4,2024-02-14
O08511,C0503,P0624,2,2024-07-07
O08512,C0113,P0139,1,2025-01-07
O08513,C0002,P0275,2,2023-09-27
O08514,C0762,P0138,5,2024-01-13
O08515,C0013,P0129,1,2024-03-19
O08516,C0037,P0650,4,2024-02-25
O08517,C0699,P0500,5,2025-06-15
O08518,C0751,P0220,3,2024-01-11
O08519,C0810,P0318,1,2024-05-05
O08520,C0549,P0506,2,2025-08-02
O08521,C0605,P0575,2,2025-01-13
O08522,C0732,P0485,3,2023-09-24
O08523,C0055,P0193,2,2024-08-02
O08524,C0381,P0220,5,2024-11-05
O08525,C0210,P0068,4,2025-01-19
O08526,C0764,P0119,3,2024-08-14
O08527,C0345,P0419,1,2025-01-12
O08528,C0164,P0694,1,2024-11-14
O08529,C0591,P0543,3,2025-02-03
O08530,C0324,P0631,5,2025-03-14
O08531,C0420,P0505,3,2025-03-12
O08532,C0058,P0057,1,2024-08-23
O08533,C0903,P0437,4,2024-03-05
O08534,C0357,P0447,1,2023-12-19
O08535,C0802,P0038,1,2025-09-12
O08536,C0121,P0191,1,2025-01-14
O08537,C0709,P0108,1,2024-10-28
O08538,C0838,P0492,5,2024-08-11
O08539,C0592,P0403,4,2025-06-13
O08540,C0181,P0501,3,2024-09-17
O08541,C0475,P0332,1,2024-11-18
O08542,C0830,P0032,1,2025-04-25
O08543,C0687,P0126,4,2024-01-06
O08544,C0366,P0564,1,2024-09-17
O08545,C0490,P0362,1,2024-09-15
O08546,C0225,P0180,1,2024-09-04
O08547,C0886,P0461,5,2025-07-17
O08548,C0838,P0682,4,2024-08-27
O08549,C0797,P0129,5,2025-02-27
O08550,C0523,P0262,5,2025-02-08
O08551,C0803,P0188,5,2025-05-29
O08552,C0418,P0512,4,2024-03-23
O08553,C0663,P0479,3,2023-12-12
O08554,C0414,P0091,5,2024-09-14
O08555,C0230,P0083,5,2023-11-24
O08556,C0250,P0465,1,2025-06-13
O08557,C0051,P0192,1,2024-05-01
O08558,C0533,P0380,2,2024-01-21
O08559,C0558,P0226,4,2024-07-08
O08560,C0213,P0561,3,2024-09-26
O08561,C0393,P0046,3,2025-08-10
O08562,C0897,P0670,5,2025-09-04
O08563,C0328,P0567,2,2025-08-20
O08564,C0016,P0135,1,2023-11-05
O08565,C0524,P0358,1,2024-02-16
O08566,C0039,P0370,4,2024-07-29
O08567,C0726,P0321,2,2025-09-07
O08568,C0052,P0319,1,2025-06-20
O08569,C0606,P0519,3,2025-08-10
O08570,C0644,P0526,1,2024-05-30
O08571,C0898,P0014,3,2023-11-12
O08572,C0626,P0223,4,2025-08-03
O08573,C0301,P0485,2,2024-12-03
O08574,C0630,P0561,1,2024-08-21
O08575,C0834,P0638,1,2023-10-09
O08576,C0920,P0459,2,2024-11-20
O08577,C0034,P0090,1,2024-08-03
O08578,C0494,P0288,4,2024-08-05
O08579,C0587,P0658,3,2023-10-14
O08580,C0348,P0120,3,2024-06-02
O08581,C0352,P0700,1,2025-01-21
O08582,C0041,P0556,1,2025-03-11
O08583,C0908,P0314,5,2024-04-21
O08584,C0882,P0320,4,2024-08-01
O08585,C0424,P0349,2,2024-09-23
O08586,C0670,P0337,5,2025-01-17
O08587,C0739,P0545,2,2023-12-22
O08588,C0547,P0505,3,2025-07-30
O08589,C0531,P0349,2,2024-07-26
O08590,C0459,P0227,4,2024-06-17
O08591,C0501,P0376,4,2025-05-04
O08592,C0683,P0480,2,2025-03-20
O08593,C0272,P0529,2,2025-04-04
O08594,C0519,P0236,5,2024-02-29
O08595,C0664,P0217,3,2024-09-06
O08596,C0691,P0066,3,2024-09-18
O08597,C0169,P0333,2,2024-07-07
O08598,C0539,P0400,2,2025-06-08
O08599,C0391,P0110,1,2024-01-02
O08600,C0414,P0267,5,2024-02-12
O08601,C0372,P0065,5,2024-07-07
O08602,C0297,P0189,1,2024-09-28
O08603,C0792,P0533,4,2024-01-05
O08604,C0866,P0102,2,2025-06-05
O08605,C0177,P0222,3,2024-02-16
O08606,C0333,P0552,1,2024-11-28
O08607,C0890,P0450,2,2024-07-03
O08608,C0612,P0317,4,2025-05-11
O08609,C0388,P0041,2,2024-05-31
O08610,C0195,P0456,1,2025-08-08
O08611,C0121,P0626,4,2024-01-16
O08612,C0759,P0011,3,2023-11-23
O08613,C0656,P0184,4,2025-07-28
O08614,C0926,P0271,5,2024-03-30
O08615,C0336,P0576,4,2025-07-05
O08616,C0667,P0349,1,2025-06-14
O08617,C0540,P0623,2,2023-10-03
O08618,C0196,P0656,1,2024-11-04
O08619,C0240,P0049,1,2023-10-13
O08620,C0854,P0109,5,2024-05-29
O08621,C0545,P0596,3,2025-07-06
O08622,C0008,P0451,5,2024-02-12
O08623,C0264,P0016,5,2024-09-02
O08624,C0652,P0246,3,2024-02-16
O08625,C0858,P0179,2,2024-06-01
O08626,C0592,P0433,4,2023-12-25
O08627,C0546,P0079,4,2025-02-18
O08628,C0366,P0111,1,2025-04-18
O08629,C0255,P0161,3,2024-11-30
O08630,C0571,P0268,4,2024-09-30
O08631,C0187,P0547,2,2024-03-31
O08632,C0136,P0303,5,2023-12-19
O08633,C0921,P0283,4,2025-08-08
O08634,C0700,P0056,3,2023-11-18
O08635,C0317,P0378,4,2024-11-15
O08636,C0788,P0057,4,2025-05-27
O08637,C0117,P0127,1,2024-08-22
O08638,C0678,P0060,1,2025-01-24
O08639,C0079,P0449,3,2024-11-14
O08640,C0194,P0303,2,2024-07-02
O08641,C0533,P0508,5,2025-01-13
O08642,C0864,P0487,4,2024-02-20
O08643,C0802,P0702,5,2025-04-02
O08644,C0052,P0637,4,2024-07-09
O08645,C0447,P0474,1,2023-10-11
O08646,C0715,P0305,2,2024-10-08
O08647,C0807,P0566,1,2024-09-04
O08648,C0072,P0311,2,2024-11-30
O08649,C0743,P0587,1,2025-02-09
O08650,C0813,P0339,5,2025-02-10
O08651,C0908,P0289,2,2025-08-26
O08652,C0518,P0678,2,2024-12-24
O08653,C0167,P0524,3,2024-09-23
O08654,C0346,P0009,3,2023-10-21
O08655,C0589,P0251,3,2024-11-07
O08656,C0337,P0587,5,2023-11-19
O08657,C0880,P0637,5,2024-08-18
O08658,C0132,P0479,1,2025-08-02
O08659,C0488,P0102,4,2024-05-08
O08660,C0397,P0040,3,2024-08-30
O08661,C0839,P0523,2,2025-07-31
O08662,C0647,P0652,5,2024-03-19
O08663,C0117,P0263,2,2025-06-01
O08664,C0358,P0183,4,2025-08-31
O08665,C0658,P0289,4,2023-09-17
O08666,C0455,P0680,3,2023-10-25
O08667,C0315,P0097,2,2024-07-20
O08668,C0041,P0341,2,2025-05-16
O08669,C0414,P0265,4,2025-03-30
O08670,C0149,P0014,3,2025-03-10
O08671,C0911,P0302,4,2024-12-18
O08672,C0897,P0444,5,2025-03-21
O08673,C0689,P0232,4,2024-11-28
O08674,C0886,P0549,1,2024-11-09
O08675,C0637,P0326,4,2024-06-28
O08676,C0023,P0003,3,2025-02-02
O08677,C0232,P0659,4,2024-09-29
O08678,C0344,P0169,2,2024-04-01
O08679,C0196,P0139,3,2024-09-06
O08680,C0029,P0114,1,2025-01-28
O08681,C0319,P0457,2,2025-01-12
O08682,C0787,P0346,1,2025-03-14
O08683,C0049,P0091,3,2024-06-02
O08684,C0123,P0137,3,2025-03-26
O08685,C0282,P0351,5,2024-04-06
O08686,C0384,P0126,1,2024-06-12
O08687,C0250,P0150,1,2025-04-08
O08688,C0412,P0421,2,2024-06-15
O08689,C0514,P0539,2,2025-04-26
O08690,C0578,P0025,3,2023-11-11
O08691,C0602,P0290,5,2023-10-02
O08692,C0796,P0363,3,2025-01-25
O08693,C0688,P0425,1,2025-09-03
O08694,C0234,P0352,3,2025-01-09
O08695,C0396,P0471,2,2024-03-14
O08696,C0332,P0308,1,2024-07-09
O08697,C0165,P0579,5,2023-09-27
O08698,C0312,P0255,3,2025-04-06
O08699,C0678,P0552,2,2025-06-11
O08700,C0598,P0310,5,2025-08-29
O08701,C0552,P0491,3,2024-04-24
O08702,C0364,P0122,4,2024-08-10
O08703,C0056,P0133,2,2024-12-15
O08704,C0866,P0054,2,2025-07-06
O08705,C0492,P0553,4,2025-07-12
O08706,C0458,P0559,3,2024-05-29
O08707,C0270,P0346,2,2023-10-30
O08708,C0757,P0633,2,2023-10-03
O08709,C0644,P0467,4,2025-01-15
O08710,C0466,P0577,3,2024-10-08
O08711,C0725,P0041,2,2025-05-28
O08712,C0828,P0486,4,2024-12-12
O08713,C0474,P0125,1,2024-10-09
O08714,C0398,P0428,5,2025-03-11
O08715,C0195,P0613,4,2024-03-03
O08716,C0039,P0010,2,2025-08-13
O08717,C0919,P0118,1,2023-11-27
O08718,C0278,P0368,5,2023-10-12
O08719,C0483,P0586,4,2023-12-14
O08720,C0840,P0183,5,2024-02-13
O08721,C0528,P0354,3,2024-11-09
O08722,C0097,P0377,3,2024-12-13
O08723,C0297,P0640,3,2025-01-09
O08724,C0558,P0178,3,2025-07-30
O08725,C0649,P0165,4,2025-07-04
O08726,C0196,P0631,1,2024-11-24
O08727,C0077,P0421,1,2024-09-03
O08728,C0171,P0510,3,2023-10-30
O08729,C0518,P0551,5,2024-02-16
O08730,C0823,P0577,3,2024-10-20
O08731,C0609,P0687,4,2025-04-08
O08732,C0020,P0038,3,2023-12-13
O08733,C0183,P0315,1,2024-01-09
O08734,C0892,P0644,4,2023-11-26
O08735,C0525,P0037,2,2025-05-24
O08736,C0641,P0263,3,2025-04-07
O08737,C0193,P0634,3,2025-03-19
O08738,C0687,P0381,4,2025-04-25
O08739,C0628,P0706,3,2024-03-13
O08740,C0811,P0336,1,2024-09-29
O08741,C0594,P0588,2,2024-06-09
O08742,C0403,P0559,5,2024-04-10
O08743,C0369,P0116,3,2025-03-23
O08744,C0827,P0008,5,2024-10-01
O08745,C0557,P0079,4,2024-07-09
O08746,C0903,P0517,1,2024-06-07
O08747,C0580,P0467,1,2024-01-19
O08748,C0579,P0201,4,2024-04-09
O08749,C0591,P0395,1,2024-04-25
O08750,C0388,P0075,1,2024-11-13
O08751,C0570,P0309,3,2025-03-29
O08752,C0328,P0406,3,2023-11-01
O08753,C0386,P0429,3,2024-06-13
O08754,C0083,P0016,4,2024-05-14
O08755,C0184,P0497,1,2024-06-06
O08756,C0544,P0524,5,2025-05-29
O08757,C0825,P0301,3,2025-08-25
O08758,C0867,P0113,1,2024-01-24
O08759,C0559,P0562,5,2025-08-29
O08760,C0489,P0156,3,2025-08-08
O08761,C0187,P0389,5,2024-09-22
O08762,C0117,P0144,1,2025-09-06
O08763,C0143,P0248,3,2024-10-04
O08764,C0416,P0467,5,2024-01-30
O08765,C0256,P0456,2,2025-08-27
O08766,C0632,P0508,4,2024-12-16
O08767,C0193,P0704,1,2025-02-17
O08768,C0840,P0335,2,2024-07-16
O08769,C0393,P0483,2,2025-08-07
O08770,C0352,P0276,5,2025-01-03
O08771,C0851,P0653,2,2023-10-04
O08772,C0003,P0651,1,2025-08-24
O08773,C0473,P0444,1,2025-07-23
O08774,C0765,P0241,2,2024-03-02
O08775,C0321,P0180,1,2024-04-11
O08776,C0770,P0397,5,2025-07-27
O08777,C0376,P0245,5,2024-11-17
O08778,C0925,P0687,3,2024-11-04
O08779,C0073,P0477,2,2023-11-24
O08780,C0743,P0215,5,2023-11-15
O08781,C0290,P0422,2,2024-10-17
O08782,C0139,P0525,1,2025-07-30
O08783,C0648,P0329,1,2025-03-04
O08784,C0114,P0008,5,2025-09-03
O08785,C0501,P0546,2,2024-03-26
O08786,C0187,P0630,2,2023-09-30
O08787,C0918,P0037,4,2024-06-30
O08788,C0795,P0469,1,2025-02-02
O08789,C0496,P0455,4,2024-02-27
O08790,C0092,P0206,3,2024-07-16
O08791,C0823,P0173,4,2024-03-06
O08792,C0180,P0706,3,2023-10-19
O08793,C0330,P0403,4,2024-04-19
O08794,C0106,P0661,4,2024-11-29
O08795,C0712,P0560,1,2025-07-05
O08796,C0888,P0253,5,2023-10-12
O08797,C0086,P0211,2,2025-08-17
O08798,C0179,P0401,2,2025-02-28
O08799,C0039,P0679,4,2024-02-23
O08800,C0067,P0278,5,2025-04-16
O08801,C0372,P0200,4,2025-06-25
O08802,C0303,P0386,3,2023-11-11
O08803,C0686,P0068,3,2024-06-01
O08804,C0900,P0326,3,2025-05-25
O08805,C0859,P0217,1,2024-02-09
O08806,C0082,P0061,5,2023-11-19
O08807,C0460,P0702,4,2024-09-01
O08808,C0578,P0474,1,2025-06-09
O08809,C0608,P0599,2,2025-06-02
O08810,C0596,P0649,1,2024-03-09
O08811,C0017,P0301,5,2024-08-19
O08812,C0493,P0346,5,2025-05-18
O08813,C0517,P0599,1,2025-06-24
O08814,C0636,P0612,4,2024-02-07
O08815,C0394,P0527,3,2024-08-21
O08816,C0849,P0146,4,2024-06-03
O08817,C0238,P0166,3,2024-08-06
O08818,C0591,P0060,5,2025-01-18
O08819,C0746,P0596,1,2024-07-04
O08820,C0847,P0645,2,2023-11-13
O08821,C0498,P0211,4,2025-08-07
O08822,C0431,P0418,4,2024-02-21
O08823,C0218,P0356,1,2024-08-31
O08824,C0751,P0134,5,2025-04-29
O08825,C0495,P0680,2,2024-08-06
O08826,C0890,P0521,4,2024-02-11
O08827,C0605,P0255,4,2025-09-12
O08828,C0783,P0484,2,2025-08-02
O08829,C0491,P0378,4,2024-07-15
O08830,C0023,P0579,1,2024-10-29
O08831,C0555,P0464,1,2023-10-26
O08832,C0205,P0580,1,2024-05-03
O08833,C0240,P0440,1,2025-05-28
O08834,C0691,P0689,3,2025-04-12
O08835,C0886,P0344,4,2024-09-01
O08836,C0035,P0298,2,2024-09-11
O08837,C0298,P0158,1,2025-01-26
O08838,C0852,P0136,1,2023-12-29
O08839,C0711,P0609,1,2024-07-21
O08840,C0311,P0604,4,2024-05-02
O08841,C0103,P0448,1,2024-09-05
O08842,C0570,P0586,4,2024-08-24
O08843,C0898,P0396,2,2024-01-03
O08844,C0388,P0445,3,2024-01-08
O08845,C0762,P0411,5,2025-06-04
O08846,C0679,P0511,3,2024-10-15
O08847,C0209,P0009,5,2024-04-01
O08848,C0770,P0025,5,2025-07-19
O08849,C0252,P0287,1,2024-10-08
O08850,C0156,P0151,3,2025-01-10
O08851,C0403,P0175,1,2025-03-09
O08852,C0307,P0546,4,2024-05-09
O08853,C0565,P0193,1,2025-04-10
O08854,C0644,P0604,2,2023-10-04
O08855,C0154,P0354,5,2025-03-08
O08856,C0114,P0514,2,2023-11-23
O08857,C0191,P0411,1,2025-05-23
O08858,C0332,P0383,5,2025-06-11
O08859,C0913,P0291,4,2024-10-20
O08860,C0479,P0645,1,2023-12-15
O08861,C0496,P0225,2,2024-09-27
O08862,C0859,P0500,2,2023-10-13
O08863,C0462,P0201,3,2023-10-31
O08864,C0555,P0249,5,2024-02-11
O08865,C0768,P0071,4,2024-03-29
O08866,C0460,P0114,5,2025-06-21
O08867,C0498,P0558,1,2025-06-15
O08868,C0856,P0501,1,2024-01-11
O08869,C0374,P0561,2,2025-01-01
O08870,C0576,P0369,2,2025-02-02
O08871,C0449,P0672,1,2023-10-02
O08872,C0532,P0336,5,2023-10-04
O08873,C0298,P0403,2,2024-03-15
O08874,C0429,P0171,2,2024-06-07
O08875,C0615,P0144,3,2024-08-03
O08876,C0173,P0458,2,2025-05-15
O08877,C0640,P0641,1,2025-05-02
O08878,C0339,P0066,4,2025-04-10
O08879,C0919,P0269,4,2023-12-25
O08880,C0275,P0150,2,2024-10-21
O08881,C0326,P0663,2,2023-10-23
O08882,C0270,P0073,3,2024-09-21
O08883,C0862,P0635,4,2025-02-26
O08884,C0778,P0425,5,2023-09-29
O08885,C0738,P0575,5,2024-03-02
O08886,C0149,P0672,4,2024-05-30
O08887,C0715,P0695,4,2024-05-11
O08888,C0206,P0296,2,2023-10-05
O08889,C0420,P0200,3,2024-06-19
O08890,C0270,P0698,3,2023-11-20
O08891,C0350,P0011,1,2025-06-25
O08892,C0467,P0027,3,2024-08-20
O08893,C0204,P0630,4,2025-04-13
O08894,C0197,P0251,1,2025-08-26
O08895,C0805,P0479,1,2024-02-27
O08896,C0004,P0054,3,2024-08-01
O08897,C0212,P0562,1,2024-10-01
O08898,C0572,P0525,5,2025-07-07
O08899,C0029,P0075,2,2024-10-13
O08900,C0175,P0244,1,2024-09-16
O08901,C0804,P0309,2,2025-02-11
O08902,C0786,P0146,3,2023-10-28
O08903,C0913,P0253,2,2024-03-20
O08904,C0116,P0334,5,2025-07-21
O08905,C0683,P0624,5,2024-09-15
O08906,C0058,P0168,4,2025-04-30
O08907,C0353,P0140,2,2025-03-31
O08908,C0789,P0194,5,2024-07-06
O08909,C0874,P0318,2,2025-06-08
O08910,C0130,P0053,5,2023-10-14
O08911,C0522,P0389,5,2024-03-01
O08912,C0298,P0604,3,2024-01-10
O08913,C0840,P0228,2,2025-07-12
O08914,C0165,P0158,4,2023-11-13
O08915,C0309,P0198,5,2024-09-17
O08916,C0890,P0186,1,2024-07-19
O08917,C0549,P0582,1,2024-03-22
O08918,C0808,P0213,4,2023-09-21
O08919,C0737,P0637,5,2024-02-24
O08920,C0676,P0245,4,2024-02-05
O08921,C0800,P0567,1,2025-08-04
O08922,C0571,P0658,3,2023-12-09
O08923,C0097,P0114,1,2024-04-19
O08924,C0659,P0515,3,2024-10-03
O08925,C0921,P0020,3,2025-07-07
O08926,C0176,P0260,2,2025-02-13
O08927,C0106,P0346,2,2023-11-13
O08928,C0399,P0151,1,2024-03-15
O08929,C0718,P0649,2,2025-06-24
O08930,C0076,P0103,2,2025-08-19
O08931,C0240,P0051,3,2024-12-12
O08932,C0762,P0503,2,2025-01-13
O08933,C0759,P0249,2,2024-06-30
O08934,C0566,P0632,5,2025-01-03
O08935,C0341,P0142,3,2024-07-25
O08936,C0160,P0489,5,2024-03-24
O08937,C0496,P0561,2,2023-11-03
O08938,C0074,P0164,2,2024-10-18
O08939,C0072,P0248,3,2023-12-14
O08940,C0573,P0455,2,2023-11-07
O08941,C0703,P0027,3,2024-01-19
O08942,C0735,P0425,4,2024-08-29
O08943,C0914,P0660,5,2024-12-25
O08944,C0093,P0325,5,2023-11-16
O08945,C0425,P0446,3,2023-12-20
O08946,C0180,P0397,1,2025-05-09
O08947,C0256,P0229,4,2024-02-02
O08948,C0808,P0625,1,2025-04-06
O08949,C0241,P0272,1,2025-05-09
O08950,C0551,P0447,1,2024-11-13
O08951,C0531,P0572,2,2024-05-11
O08952,C0005,P0565,2,2025-04-06
O08953,C0162,P0261,4,2023-10-01
O08954,C0803,P0578,3,2024-03-29
O08955,C0014,P0096,4,2024-06-13
O08956,C0885,P0453,2,2024-05-24
O08957,C0740,P0033,1,2024-07-15
O08958,C0204,P0310,5,2025-09-09
O08959,C0585,P0591,2,2025-08-03
O08960,C0596,P0659,3,2023-12-23
O08961,C0446,P0187,3,2024-04-16
O08962,C0063,P0573,3,2024-08-02
O08963,C0854,P0320,5,2025-03-29
O08964,C0301,P0022,5,2025-01-23
O08965,C0184,P0661,3,2024-10-22
O08966,C0496,P0447,2,2025-07-21
O08967,C0699,P0503,2,2025-05-12
O08968,C0773,P0407,3,2024-12-11
O08969,C0245,P0193,4,2024-03-07
O08970,C0669,P0037,5,2024-01-01
O08971,C0260,P0254,1,2023-10-20
O08972,C0652,P0305,5,2024-01-20
O08973,C0338,P0276,3,2024-02-08
O08974,C0862,P0610,5,2024-11-02
O08975,C0715,P0204,3,2025-06-09
O08976,C0811,P0419,1,2024-12-25
O08977,C0199,P0498,1,2024-01-07
O08978,C0004,P0589,4,2023-11-23
O08979,C0589,P0381,5,2025-06-28
O08980,C0489,P0057,3,2023-12-11
O08981,C0191,P0549,1,2023-11-16
O08982,C0341,P0180,3,2024-02-23
O08983,C0262,P0075,3,2023-12-20
O08984,C0532,P0244,3,2023-12-11
O08985,C0119,P0507,4,2025-03-11
O08986,C0697,P0245,3,2025-09-12
O08987,C0558,P0434,2,2025-04-21
O08988,C0701,P0522,5,2023-10-08
O08989,C0173,P0415,2,2024-11-09
O08990,C0263,P0102,2,2025-09-12
O08991,C0741,P0607,4,2025-04-23
O08992,C0595,P0632,3,2025-03-04
O08993,C0243,P0222,3,2025-05-12
O08994,C0392,P0141,2,2024-04-10
O08995,C0463,P0118,3,2024-04-02
O08996,C0278,P0566,1,2024-09-24
O08997,C0540,P0104,4,2025-04-15
O08998,C0550,P0423,4,2024-03-06
O08999,C0856,P0594,4,2024-09-26
O09000,C0791,P0349,2,2024-11-15
O09001,C0109,P0530,4,2025-07-24
O09002,C0610,P0491,4,2023-10-25
O09003,C0133,P0126,5,2025-04-10
O09004,C0569,P0161,2,2025-03-08
O09005,C0573,P0242,1,2025-09-16
O09006,C0522,P0233,3,2024-01-26
O09007,C0740,P0701,2,2025-05-14
O09008,C0580,P0391,1,2024-01-09
O09009,C0656,P0492,4,2024-10-17
O09010,C0486,P0541,5,2025-04-15
O09011,C0643,P0455,2,2024-05-01
O09012,C0233,P0417,1,2024-07-01
O09013,C0062,P0207,2,2023-10-09
O09014,C0889,P0592,2,2025-04-25
O09015,C0526,P0216,5,2023-10-05
O09016,C0335,P0239,4,2024-03-06
O09017,C0350,P0294,2,2024-01-01
O09018,C0482,P0636,5,2025-01-21
O09019,C0644,P0143,3,2025-05-20
O09020,C0786,P0402,1,2024-08-15
O09021,C0090,P0315,2,2024-09-03
O09022,C0501,P0352,5,2023-11-19
O09023,C0677,P0525,4,2023-11-08
O09024,C0238,P0402,2,2024-04-26
O09025,C0338,P0414,1,2023-12-24
O09026,C0804,P0123,3,2025-04-06
O09027,C0473,P0626,5,2023-09-22
O09028,C0510,P0625,4,2025-03-04
O09029,C0065,P0439,1,2023-11-29
O09030,C0626,P0406,4,2024-12-15
O09031,C0085,P0622,5,2025-03-10
O09032,C0216,P0422,5,2024-04-02
O09033,C0582,P0526,3,2024-08-24
O09034,C0368,P0243,5,2025-06-14
O09035,C0649,P0221,4,2025-06-18
O09036,C0897,P0502,5,2025-08-10
O09037,C0578,P0107,5,2023-12-09
O09038,C0822,P0059,3,2024-05-10
O09039,C0623,P0667,5,2024-09-13
O09040,C0178,P0267,3,2023-11-26
O09041,C0772,P0015,4,2024-12-17
O09042,C0127,P0515,2,2024-06-30
O09043,C0889,P0548,2,2025-05-17
O09044,C0320,P0226,4,2025-05-09
O09045,C0467,P0025,4,2024-12-10
O09046,C0920,P0625,3,2024-04-18
O09047,C0692,P0029,4,2024-10-14
O09048,C0681,P0331,3,2025-04-01
O09049,C0906,P0161,3,2024-06-07
O09050,C0289,P0279,2,2025-05-30
O09051,C0262,P0190,4,2025-05-03
O09052,C0774,P0461,2,2025-07-03
O09053,C0332,P0270,3,2024-11-09
O09054,C0363,P0375,5,2024-01-18
O09055,C0127,P0582,5,2025-01-10
O09056,C0235,P0315,4,2024-08-11
O09057,C0778,P0100,3,2024-12-12
O09058,C0696,P0561,5,2024-08-15
O09059,C0535,P0356,4,2025-05-10
O09060,C0791,P0443,1,2024-12-09
O09061,C0214,P0616,4,2024-12-27
O09062,C0366,P0426,3,2025-02-28
O09063,C0008,P0388,5,2024-07-29
O09064,C0616,P0267,3,2024-10-19
O09065,C0539,P0647,2,2025-02-03
O09066,C0565,P0580,2,2024-12-23
O09067,C0441,P0291,3,2024-08-03
O09068,C0135,P0181,1,2025-03-24
O09069,C0222,P0468,2,2025-08-10
O09070,C0405,P0011,4,2025-06-21
O09071,C0867,P0087,5,2025-08-18
O09072,C0714,P0141,4,2024-03-18
O09073,C0636,P0668,4,2024-01-20
O09074,C0083,P0656,4,2025-04-23
O09075,C0067,P0452,3,2024-12-15
O09076,C0290,P0635,3,2024-07-23
O09077,C0240,P0206,1,2023-10-07
O09078,C0525,P0380,4,2025-05-27
O09079,C0286,P0370,3,2024-06-19
O09080,C0451,P0422,3,2025-02-12
O09081,C0155,P0311,1,2025-05-08
O09082,C0311,P0705,1,2024-09-13
O09083,C0601,P0606,3,2024-09-02
O09084,C0906,P0015,2,2023-12-21
O09085,C0178,P0272,2,2023-10-16
O09086,C0072,P0676,1,2025-08-27
O09087,C0624,P0518,5,2025-04-18
O09088,C0139,P0035,3,2025-01-25
O09089,C0222,P0151,3,2024-02-17
O09090,C0576,P0612,4,2023-12-22
O09091,C0268,P0078,1,2024-04-30
O09092,C0173,P0249,4,2024-10-04
O09093,C0604,P0058,5,2025-04-17
O09094,C0786,P0550,3,2024-11-10
O09095,C0869,P0420,4,2025-03-25
O09096,C0400,P0127,5,2023-10-02
O09097,C0805,P0545,1,2023-10-24
O09098,C0716,P0130,3,2024-11-05
O09099,C0413,P0512,5,2025-08-31
O09100,C0413,P0422,5,2024-02-01
O09101,C0381,P0476,5,2023-11-23
O09102,C0597,P0703,4,2025-05-11
O09103,C0523,P0692,5,2024-07-28
O09104,C0865,P0464,5,2023-12-09
O09105,C0863,P0471,3,2025-07-12
O09106,C0068,P0573,2,2025-01-05
O09107,C0281,P0670,3,2025-02-25
O09108,C0673,P0460,5,2024-08-03
O09109,C0385,P0162,3,2025-01-11
O09110,C0547,P0088,2,2023-09-29
O09111,C0520,P0641,5,2024-05-26
O09112,C0320,P0421,2,2025-03-10
O09113,C0540,P0227,4,2025-01-04
O09114,C0850,P0535,3,2023-10-29
O09115,C0139,P0436,1,2023-11-03
O09116,C0326,P0261,4,2024-11-15
O09117,C0877,P0574,3,2024-08-23
O09118,C0805,P0013,3,2025-08-17
O09119,C0238,P0125,3,2025-09-09
O09120,C0078,P0498,4,2024-04-21
O09121,C0715,P0041,3,2024-02-26
O09122,C0820,P0542,1,2023-11-28
O09123,C0889,P0654,2,2025-04-11
O09124,C0467,P0296,4,2025-08-08
O09125,C0207,P0394,4,2024-05-09
O09126,C0014,P0070,1,2024-08-24
O09127,C0699,P0544,1,2024-03-04
O09128,C0048,P0013,5,2025-09-07
O09129,C0100,P0641,4,2025-03-29
O09130,C0587,P0578,1,2024-04-09
O09131,C0140,P0686,3,2024-02-17
O09132,C0698,P0372,2,2024-03-14
O09133,C0102,P0003,5,2024-04-25
O09134,C0047,P0434,4,2025-06-01
O09135,C0452,P0680,3,2023-12-03
O09136,C0920,P0470,4,2025-08-08
O09137,C0860,P0621,4,2025-06-14
O09138,C0037,P0165,3,2024-05-01
O09139,C0810,P0182,2,2024-12-16
O09140,C0087,P0081,4,2024-08-07
O09141,C0124,P0682,5,2025-05-08
O09142,C0119,P0099,1,2024-05-09
O09143,C0449,P0187,4,2023-09-27
O09144,C0567,P0165,5,2025-03-22
O09145,C0275,P0528,5,2025-09-03
O09146,C0504,P0327,3,2024-08-17
O09147,C0344,P0069,3,2024-05-28
O09148,C0894,P0139,3,2024-04-30
O09149,C0670,P0458,1,2024-04-04
O09150,C0642,P0226,5,2025-04-01
O09151,C0161,P0189,2,2024-04-18
O09152,C0824,P0555,4,2023-09-26
O09153,C0426,P0059,3,2024-12-11
O09154,C0609,P0406,2,2025-01-06
O09155,C0438,P0431,1,2025-06-21
O09156,C0152,P0228,5,2025-06-12
O09157,C0108,P0408,3,2024-08-23
O09158,C0577,P0648,5,2024-12-24
O09159,C0275,P0683,4,2024-05-04
O09160,C0309,P0652,4,2025-04-03
O09161,C0908,P0151,3,2025-02-01
O09162,C0806,P0105,5,2024-02-20
O09163,C0850,P0634,5,2023-12-19
O09164,C0477,P0060,1,2025-06-08
O09165,C0070,P0409,5,2025-04-30
O09166,C0794,P0545,2,2024-11-17
O09167,C0565,P0233,4,2024-06-01
O09168,C0918,P0684,3,2024-07-23
O09169,C0090,P0489,4,2025-02-17
O09170,C0132,P0639,4,2025-07-08
O09171,C0706,P0588,4,2024-08-10
O09172,C0118,P0483,2,2025-02-27
O09173,C0583,P0536,4,2023-11-11
O09174,C0236,P0225,5,2024-06-22
O09175,C0096,P0297,4,2024-06-27
O09176,C0306,P0258,2,2025-05-06
O09177,C0434,P0404,2,2025-05-02
O09178,C0204,P0440,1,2025-02-21
O09179,C0014,P0188,3,2025-04-06
O09180,C0647,P0106,5,2023-10-09
O09181,C0384,P0538,5,2025-01-20
O09182,C0496,P0381,1,2024-06-26
O09183,C0561,P0075,2,2024-05-29
O09184,C0895,P0177,1,2025-02-02
O09185,C0404,P0191,4,2025-03-05
O09186,C0582,P0455,4,2025-08-14
O09187,C0147,P0402,1,2025-02-27
O09188,C0908,P0116,5,2023-10-15
O09189,C0423,P0173,5,2024-08-10
O09190,C0247,P0120,1,2024-01-23
O09191,C0356,P0396,5,2024-07-16
O09192,C0831,P0273,2,2023-11-21
O09193,C0361,P0330,1,2023-10-27
O09194,C0303,P0417,4,2025-08-02
O09195,C0450,P0131,2,2023-10-16
O09196,C0831,P0588,5,2025-04-07
O09197,C0728,P0146,2,2024-11-08
O09198,C0231,P0681,4,2025-09-16
O09199,C0513,P0138,4,2023-09-22
O09200,C0521,P0043,5,2023-10-19
O09201,C0024,P0606,5,2025-07-18
O09202,C0308,P0462,5,2024-03-12
O09203,C0859,P0665,1,2023-11-13
O09204,C0481,P0629,2,2023-11-12
O09205,C0143,P0278,1,2024-02-05
O09206,C0153,P0509,5,2025-07-23
O09207,C0781,P0264,1,2024-08-22
O09208,C0570,P0112,4,2025-04-18
O09209,C0616,P0589,2,2024-04-22
O09210,C0310,P0018,1,2025-01-02
O09211,C0565,P0679,1,2024-11-29
O09212,C0862,P0382,1,2024-11-29
O09213,C0708,P0169,4,2024-06-19
O09214,C0024,P0222,1,2024-11-02
O09215,C0369,P0171,3,2023-11-02
O09216,C0442,P0681,1,2025-07-29
O09217,C0490,P0604,2,2023-10-21
O09218,C0375,P0314,5,2024-01-15
O09219,C0509,P0403,4,2025-06-22
O09220,C0199,P0670,4,2024-02-20
O09221,C0252,P0617,1,2024-03-26
O09222,C0212,P0468,3,2024-05-09
O09223,C0649,P0350,2,2024-08-03
O09224,C0889,P0569,2,2024-09-14
O09225,C0624,P0421,5,2025-04-10
O09226,C0386,P0393,3,2024-07-08
O09227,C0802,P0131,5,2025-06-05
O09228,C0364,P0664,1,2025-01-14
O09229,C0831,P0615,4,2025-07-13
O09230,C0477,P0336,2,2024-03-14
O09231,C0706,P0312,5,2024-09-28
O09232,C0030,P0598,3,2024-10-16
O09233,C0242,P0370,3,2024-07-26
O09234,C0473,P0552,1,2024-04-04
O09235,C0050,P0482,4,2024-11-13
O09236,C0924,P0515,2,2024-04-11
O09237,C0877,P0306,5,2025-03-04
O09238,C0177,P0472,5,2025-08-04
O09239,C0540,P0590,3,2024-04-07
O09240,C0055,P0521,4,2024-02-06
O09241,C0289,P0486,1,2024-09-01
O09242,C0334,P0549,2,2024-02-12
O09243,C0421,P0404,4,2025-06-19
O09244,C0043,P0397,5,2025-07-30
O09245,C0751,P0659,2,2024-03-07
O09246,C0791,P0067,4,2025-05-10
O09247,C0603,P0017,1,2024-09-20
O09248,C0087,P0324,3,2025-06-17
O09249,C0649,P0083,1,2025-08-25
O09250,C0386,P0034,4,2025-07-18
O09251,C0352,P0047,5,2024-04-06
O09252,C0873,P0320,3,2024-07-21
O09253,C0124,P0042,4,2024-08-30
O09254,C0442,P0534,2,2025-04-19
O09255,C0498,P0274,1,2025-08-15
O09256,C0317,P0631,4,2025-04-06
O09257,C0275,P0084,4,2024-03-27
O09258,C0682,P0616,1,2023-12-15
O09259,C0552,P0549,1,2025-04-05
O09260,C0897,P0683,2,2024-06-05
O09261,C0404,P0386,2,2025-07-08
O09262,C0534,P0193,3,2024-01-19
O09263,C0889,P0581,2,2025-09-16
O09264,C0312,P0615,2,2024-03-09
O09265,C0103,P0289,5,2025-04-10
O09266,C0571,P0654,1,2024-06-29
O09267,C0186,P0676,3,2024-06-17
O09268,C0722,P0443,2,2024-06-13
O09269,C0890,P0494,3,2023-10-28
O09270,C0513,P0552,3,2025-01-09
O09271,C0242,P0102,4,2024-03-18
O09272,C0417,P0449,4,2024-09-03
O09273,C0133,P0657,3,2024-11-12
O09274,C0374,P0602,1,2025-07-21
O09275,C0525,P0021,3,2024-03-22
O09276,C0889,P0451,4,2024-07-18
O09277,C0446,P0662,2,2024-12-03
O09278,C0408,P0282,4,2024-04-26
O09279,C0742,P0586,4,2024-09-30
O09280,C0252,P0336,1,2023-12-05
O09281,C0625,P0185,5,2025-09-08
O09282,C0422,P0320,1,2024-10-05
O09283,C0517,P0154,5,2025-07-20
O09284,C0752,P0494,2,2025-05-08
O09285,C0831,P0150,3,2025-09-06
O09286,C0181,P0044,2,2023-12-28
O09287,C0775,P0447,3,2025-02-19
O09288,C0017,P0118,5,2025-09-14
O09289,C0104,P0402,3,2023-09-28
O09290,C0645,P0549,1,2024-06-07
O09291,C0300,P0293,2,2025-03-25
O09292,C0594,P0431,4,2025-01-20
O09293,C0265,P0621,5,2023-10-14
O09294,C0768,P0237,4,2025-02-14
O09295,C0654,P0374,4,2024-06-23
O09296,C0461,P0183,3,2025-08-21
O09297,C0567,P0382,5,2025-09-04
O09298,C0715,P0141,1,2024-04-18
O09299,C0347,P0495,5,2024-07-16
O09300,C0645,P0373,1,2024-04-01
O09301,C0035,P0197,1,2025-03-19
O09302,C0682,P0168,3,2024-03-17
O09303,C0713,P0323,5,2023-11-26
O09304,C0488,P0188,2,2024-11-26
O09305,C0907,P0164,2,2024-10-19
O09306,C0491,P0573,3,2025-07-16
O09307,C0009,P0075,4,2024-01-31
O09308,C0324,P0536,2,2024-02-16
O09309,C0601,P0191,3,2024-01-03
O09310,C0794,P0361,3,2024-05-09
O09311,C0191,P0481,1,2024-02-11
O09312,C0437,P0339,4,2024-02-24
O09313,C0827,P0477,5,2024-04-23
O09314,C0337,P0065,2,2024-07-10
O09315,C0394,P0101,3,2025-08-06
O09316,C0006,P0371,4,2024-07-29
O09317,C0829,P0358,2,2025-09-13
O09318,C0884,P0071,1,2024-08-28
O09319,C0602,P0334,5,2024-11-21
O09320,C0825,P0493,2,2025-05-20
O09321,C0297,P0629,4,2025-07-22
O09322,C0097,P0573,5,2024-09-15
O09323,C0903,P0038,5,2023-12-17
O09324,C0623,P0022,4,2025-03-19
O09325,C0437,P0212,4,2024-12-16
O09326,C0633,P0621,4,2024-05-06
O09327,C0334,P0494,1,2025-01-02
O09328,C0879,P0311,3,2024-01-19
O09329,C0364,P0279,2,2024-06-21
O09330,C0918,P0098,4,2025-08-27
O09331,C0190,P0435,4,2025-05-07
O09332,C0569,P0360,3,2023-10-12
O09333,C0430,P0224,5,2024-08-14
O09334,C0471,P0238,1,2023-12-30
O09335,C0111,P0546,3,2025-03-30
O09336,C0363,P0432,5,2024-03-10
O09337,C0333,P0009,2,2023-10-30
O09338,C0049,P0299,5,2025-08-30
O09339,C0561,P0309,5,2025-03-05
O09340,C0519,P0251,1,2023-10-25
O09341,C0483,P0097,2,2024-11-09
O09342,C0751,P0157,4,2023-12-02
O09343,C0232,P0317,4,2025-06-20
O09344,C0676,P0033,2,2025-01-05
O09345,C0367,P0069,5,2025-06-15
O09346,C0104,P0475,4,2024-04-15
O09347,C0061,P0497,1,2023-11-22
O09348,C0504,P0309,1,2024-05-04
O09349,C0278,P0191,3,2025-04-02
O09350,C0908,P0090,1,2025-02-19
O09351,C0518,P0331,3,2024-11-27
O09352,C0831,P0265,3,2024-11-19
O09353,C0338,P0444,3,2024-12-15
O09354,C0481,P0072,4,2025-03-23
O09355,C0122,P0336,2,2025-04-17
O09356,C0481,P0331,2,2024-04-15
O09357,C0878,P0356,5,2025-02-07
O09358,C0888,P0245,4,2023-10-31
O09359,C0072,P0566,3,2023-11-24
O09360,C0469,P0256,3,2024-11-02
O09361,C0900,P0641,3,2024-03-21
O09362,C0286,P0367,2,2023-10-11
O09363,C0215,P0450,2,2024-09-26
O09364,C0310,P0311,4,2024-11-09
O09365,C0492,P0468,2,2024-09-09
O09366,C0427,P0236,3,2025-09-08
O09367,C0440,P0246,4,2024-07-15
O09368,C0737,P0571,3,2025-06-19
O09369,C0354,P0082,1,2025-08-30
O09370,C0744,P0243,1,2025-03-09
O09371,C0638,P0206,4,2024-12-07
O09372,C0651,P0574,3,2023-10-16
O09373,C0327,P0557,4,2025-01-24
O09374,C0456,P0623,5,2025-06-15
O09375,C0333,P0449,5,2024-11-29
O09376,C0730,P0524,5,2024-07-05
O09377,C0289,P0275,3,2024-01-14
O09378,C0471,P0085,5,2025-02-16
O09379,C0446,P0319,2,2024-12-04
O09380,C0883,P0580,5,2025-02-13
O09381,C0161,P0175,1,2025-09-10
O09382,C0487,P0581,2,2024-07-13
O09383,C0098,P0314,3,2023-11-07
O09384,C0483,P0245,1,2024-02-14
O09385,C0003,P0002,4,2025-05-31
O09386,C0193,P0328,2,2025-08-14
O09387,C0074,P0471,3,2025-04-22
O09388,C0653,P0375,4,2024-06-06
O09389,C0400,P0086,1,2025-01-16
O09390,C0351,P0162,2,2025-04-22
O09391,C0083,P0161,5,2024-08-17
O09392,C0667,P0532,2,2023-11-24
O09393,C0824,P0438,2,2024-08-12
O09394,C0901,P0170,1,2024-07-05
O09395,C0374,P0456,5,2024-05-19
O09396,C0762,P0353,2,2023-12-20
O09397,C0016,P0667,2,2024-10-10
O09398,C0579,P0004,3,2023-11-28
O09399,C0271,P0531,3,2025-07-29
O09400,C0539,P0293,2,2024-01-07
O09401,C0445,P0326,3,2024-12-14
O09402,C0069,P0027,4,2024-08-05
O09403,C0439,P0698,1,2023-11-07
O09404,C0650,P0438,1,2023-10-01
O09405,C0561,P0127,2,2024-02-08
O09406,C0566,P0237,4,2024-07-01
O09407,C0238,P0275,3,2024-02-07
O09408,C0854,P0005,3,2024-04-03
O09409,C0655,P0578,2,2025-02-24
O09410,C0830,P0530,4,2024-02-12
O09411,C0190,P0565,4,2025-03-26
O09412,C0807,P0211,2,2025-01-06
O09413,C0719,P0366,4,2024-12-26
O09414,C0447,P0158,1,2023-10-04
O09415,C0817,P0380,2,2025-03-03
O09416,C0810,P0022,5,2025-05-30
O09417,C0744,P0601,3,2025-08-29
O09418,C0536,P0544,4,2024-10-27
O09419,C0610,P0096,5,2025-09-05
O09420,C0476,P0247,3,2023-10-01
O09421,C0807,P0069,5,2025-08-19
O09422,C0843,P0346,1,2024-11-17
O09423,C0884,P0531,1,2025-03-11
O09424,C0109,P0212,5,2024-01-05
O09425,C0050,P0171,3,2024-10-28
O09426,C0035,P0062,2,2025-03-15
O09427,C0006,P0540,2,2023-12-14
O09428,C0022,P0556,3,2025-01-19
O09429,C0862,P0138,3,2023-10-29
O09430,C0539,P0282,3,2023-11-17
O09431,C0051,P0504,5,2024-04-04
O09432,C0253,P0194,1,2025-01-20
O09433,C0427,P0499,1,2025-05-09
O09434,C0870,P0036,3,2024-12-26
O09435,C0494,P0194,2,2025-02-06
O09436,C0186,P0054,5,2023-11-18
O09437,C0648,P0163,2,2024-06-02
O09438,C0555,P0344,4,2024-10-18
O09439,C0225,P0375,3,2024-10-03
O09440,C0571,P0639,4,2024-11-28
O09441,C0604,P0602,2,2025-09-12
O09442,C0275,P0309,3,2025-01-28
O09443,C0705,P0260,1,2025-05-10
O09444,C0271,P0674,5,2024-11-06
O09445,C0224,P0659,3,2024-08-15
O09446,C0278,P0113,1,2025-09-05
O09447,C0643,P0546,3,2024-05-22
O09448,C0445,P0501,2,2024-05-02
O09449,C0203,P0025,5,2024-11-06
O09450,C0448,P0387,2,2024-12-05
O09451,C0484,P0150,5,2025-03-08
O09452,C0443,P0531,5,2023-12-09
O09453,C0167,P0236,4,2024-07-24
O09454,C0705,P0270,5,2023-09-30
O09455,C0369,P0286,5,2024-11-28
O09456,C0326,P0043,4,2025-05-05
O09457,C0147,P0043,1,2023-11-17
O09458,C0318,P0501,4,2024-09-07
O09459,C0015,P0133,2,2024-08-30
O09460,C0212,P0550,2,2024-04-30
O09461,C0486,P0470,5,2025-06-15
O09462,C0059,P0679,5,2024-11-13
O09463,C0311,P0457,1,2024-01-21
O09464,C0719,P0696,4,2024-10-21
O09465,C0033,P0223,5,2025-02-01
O09466,C0383,P0697,1,2024-04-12
O09467,C0379,P0162,5,2025-03-08
O09468,C0604,P0004,3,2024-07-15
O09469,C0575,P0259,4,2025-05-16
O09470,C0377,P0324,4,2025-03-11
O09471,C0545,P0041,2,2025-07-03
O09472,C0544,P0163,5,2023-12-11
O09473,C0616,P0112,4,2024-08-02
O09474,C0217,P0671,5,2024-06-16
O09475,C0631,P0320,3,2024-02-13
O09476,C0727,P0074,2,2024-02-16
O09477,C0039,P0401,5,2024-01-05
O09478,C0553,P0297,1,2024-09-24
O09479,C0785,P0557,3,2024-02-28
O09480,C0342,P0112,4,2025-09-07
O09481,C0761,P0677,1,2023-10-16
O09482,C0716,P0344,3,2025-05-30
O09483,C0503,P0683,1,2024-09-13
O09484,C0113,P0062,3,2024-11-16
O09485,C0216,P0670,5,2025-07-06
O09486,C0580,P0184,1,2024-11-28
O09487,C0895,P0138,3,2023-10-05
O09488,C0113,P0662,1,2024-02-09
O09489,C0075,P0101,2,2025-08-14
O09490,C0284,P0206,2,2025-02-03
O09491,C0827,P0370,4,2024-02-22
O09492,C0674,P0657,4,2025-04-06
O09493,C0094,P0579,1,2024-01-11
O09494,C0551,P0126,5,2024-02-28
O09495,C0601,P0262,1,2025-01-03
O09496,C0041,P0504,1,2024-05-03
O09497,C0863,P0340,3,2024-11-06
O09498,C0581,P0237,5,2025-05-07
O09499,C0313,P0407,1,2024-04-01
O09500,C0172,P0286,1,2024-11-24
O09501,C0678,P0336,5,2025-08-30
O09502,C0825,P0207,2,2025-04-04
O09503,C0364,P0330,4,2024-01-02
O09504,C0017,P0452,1,2023-12-14
O09505,C0378,P0138,2,2025-02-27
O09506,C0131,P0488,4,2024-10-03
O09507,C0431,P0542,2,2024-10-17
O09508,C0431,P0020,5,2025-02-26
O09509,C0804,P0054,5,2025-07-08
O09510,C0251,P0394,3,2025-01-08
O09511,C0054,P0376,4,2023-11-11
O09512,C0190,P0520,3,2024-05-19
O09513,C0609,P0692,5,2024-05-01
O09514,C0915,P0228,5,2024-04-07
O09515,C0157,P0042,5,2024-05-09
O09516,C0053,P0323,4,2025-08-08
O09517,C0487,P0057,3,2023-11-22
O09518,C0484,P0547,3,2025-03-15
O09519,C0641,P0035,1,2025-08-21
O09520,C0784,P0149,3,2024-07-09
O09521,C0555,P0431,5,2024-08-16
O09522,C0270,P0415,2,2024-07-20
O09523,C0775,P0641,5,2025-05-01
O09524,C0752,P0539,3,2025-08-29
O09525,C0907,P0029,5,2024-08-16
O09526,C0203,P0129,4,2025-01-28
O09527,C0448,P0365,2,2025-03-18
O09528,C0630,P0213,1,2025-07-04
O09529,C0887,P0665,1,2025-08-12
O09530,C0564,P0127,5,2025-01-19
O09531,C0685,P0687,2,2024-04-28
O09532,C0718,P0409,5,2025-05-08
O09533,C0543,P0109,3,2024-11-29
O09534,C0807,P0351,3,2025-08-30
O09535,C0308,P0511,2,2024-11-12
O09536,C0186,P0188,3,2024-04-14
O09537,C0902,P0587,3,2025-06-08
O09538,C0598,P0052,5,2024-05-02
O09539,C0787,P0651,1,2024-10-22
O09540,C0339,P0218,4,2024-05-14
O09541,C0600,P0620,3,2025-04-01
O09542,C0728,P0672,2,2024-05-27
O09543,C0879,P0699,1,2024-06-30
O09544,C0222,P0634,3,2024-05-19
O09545,C0417,P0039,1,2024-09-08
O09546,C0641,P0501,3,2025-02-06
O09547,C0802,P0046,4,2025-03-11
O09548,C0396,P0343,1,2024-08-23
O09549,C0059,P0285,2,2025-07-31
O09550,C0410,P0364,1,2023-11-04
O09551,C0204,P0519,2,2024-07-02
O09552,C0810,P0211,5,2024-02-18
O09553,C0875,P0643,3,2023-09-24
O09554,C0285,P0515,2,2025-03-12
O09555,C0829,P0556,4,2025-03-06
O09556,C0508,P0550,5,2025-04-27
O09557,C0215,P0327,4,2023-10-09
O09558,C0759,P0167,4,2024-06-13
O09559,C0761,P0260,1,2023-10-05
O09560,C0434,P0669,5,2025-04-28
O09561,C0005,P0339,4,2024-09-17
O09562,C0199,P0440,1,2024-07-29
O09563,C0834,P0030,2,2024-01-17
O09564,C0002,P0054,3,2025-04-13
O09565,C0526,P0003,2,2025-07-27
O09566,C0631,P0017,2,2023-10-09
O09567,C0405,P0453,3,2024-10-10
O09568,C0160,P0325,1,2024-12-05
O09569,C0389,P0622,1,2024-04-12
O09570,C0317,P0697,4,2023-11-04
O09571,C0343,P0138,4,2025-08-24
O09572,C0824,P0505,2,2024-01-04
O09573,C0250,P0531,1,2025-09-04
O09574,C0140,P0654,2,2025-04-16
O09575,C0050,P0214,5,2024-03-12
O09576,C0488,P0357,5,2025-07-15
O09577,C0779,P0105,3,2023-11-15
O09578,C0517,P0151,2,2024-09-13
O09579,C0583,P0024,5,2023-12-26
O09580,C0271,P0483,1,2024-11-09
O09581,C0181,P0361,2,2025-01-03
O09582,C0758,P0031,2,2024-02-11
O09583,C0586,P0443,5,2024-02-17
O09584,C0315,P0250,3,2025-09-09
O09585,C0089,P0297,3,2025-08-26
O09586,C0525,P0057,5,2024-05-08
O09587,C0010,P0473,2,2023-12-05
O09588,C0248,P0301,3,2025-02-26
O09589,C0431,P0217,5,2025-06-24
O09590,C0911,P0536,3,2023-12-19
O09591,C0564,P0127,5,2025-05-01
O09592,C0739,P0393,4,2025-04-26
O09593,C0819,P0150,3,2024-11-29
O09594,C0375,P0034,4,2024-01-02
O09595,C0309,P0430,5,2024-09-16
O09596,C0135,P0577,1,2024-07-16
O09597,C0841,P0105,2,2025-05-27
O09598,C0508,P0589,4,2025-04-13
O09599,C0048,P0224,2,2025-07-06
O09600,C0591,P0578,5,2024-04-27
O09601,C0783,P0037,5,2025-05-25
O09602,C0486,P0339,3,2024-05-17
O09603,C0083,P0621,5,2025-01-31
O09604,C0534,P0425,3,2025-06-04
O09605,C0514,P0516,2,2024-03-06
O09606,C0048,P0422,4,2025-08-16
O09607,C0740,P0131,3,2025-01-26
O09608,C0813,P0365,4,2025-08-09
O09609,C0623,P0486,5,2025-03-11
O09610,C0745,P0460,2,2023-12-07
O09611,C0458,P0083,3,2024-04-04
O09612,C0901,P0538,5,2025-01-18
O09613,C0561,P0428,3,2024-06-01
O09614,C0785,P0418,3,2024-12-09
O09615,C0765,P0359,1,2024-11-07
O09616,C0745,P0370,1,2023-12-16
O09617,C0703,P0057,5,2023-12-05
O09618,C0058,P0579,4,2025-01-22
O09619,C0643,P0199,2,2025-04-26
O09620,C0922,P0311,3,2024-02-16
O09621,C0132,P0142,5,2024-09-03
O09622,C0517,P0463,1,2025-04-08
O09623,C0220,P0140,2,2024-06-03
O09624,C0699,P0088,2,2024-04-02
O09625,C0024,P0608,1,2024-04-05
O09626,C0111,P0430,3,2024-09-21
O09627,C0791,P0144,5,2025-01-09
O09628,C0142,P0131,3,2025-03-28
O09629,C0287,P0191,4,2025-01-24
O09630,C0225,P0101,1,2025-06-27
O09631,C0519,P0075,1,2024-10-24
O09632,C0664,P0450,5,2024-08-12
O09633,C0759,P0689,3,2024-10-12
O09634,C0006,P0503,2,2024-05-17
O09635,C0274,P0389,4,2025-04-13
O09636,C0887,P0402,2,2025-08-15
O09637,C0726,P0174,3,2024-05-19
O09638,C0407,P0050,3,2025-07-28
O09639,C0389,P0460,1,2025-09-01
O09640,C0048,P0441,2,2024-04-17
O09641,C0087,P0191,3,2024-01-17
O09642,C0712,P0442,1,2024-07-22
O09643,C0604,P0447,3,2024-01-13
O09644,C0693,P0066,3,2024-11-01
O09645,C0573,P0557,5,2024-09-09
O09646,C0062,P0098,2,2025-08-05
O09647,C0453,P0120,3,2024-11-25
O09648,C0826,P0399,3,2024-09-09
O09649,C0791,P0599,2,2025-04-30
O09650,C0306,P0305,3,2025-02-27
O09651,C0243,P0548,2,2024-02-02
O09652,C0403,P0578,3,2024-08-10
O09653,C0472,P0683,3,2024-11-29
O09654,C0735,P0702,4,2024-09-01
O09655,C0385,P0228,5,2023-10-02
O09656,C0171,P0282,4,2024-09-19
O09657,C0904,P0510,4,2023-11-25
O09658,C0789,P0070,3,2024-01-26
O09659,C0189,P0327,3,2024-04-04
O09660,C0171,P0104,4,2024-02-05
O09661,C0738,P0426,5,2025-08-14
O09662,C0843,P0326,5,2024-11-12
O09663,C0141,P0214,1,2025-07-24
O09664,C0353,P0007,5,2025-05-20
O09665,C0527,P0052,1,2024-12-10
O09666,C0367,P0702,3,2024-10-26
O09667,C0473,P0561,4,2024-03-17
O09668,C0573,P0008,1,2024-10-09
O09669,C0445,P0137,1,2025-02-27
O09670,C0363,P0613,2,2024-11-13
O09671,C0443,P0471,5,2024-08-22
O09672,C0648,P0554,2,2025-02-22
O09673,C0770,P0276,4,2023-10-26
O09674,C0779,P0165,4,2024-07-01
O09675,C0369,P0626,4,2024-02-29
O09676,C0569,P0418,4,2024-01-13
O09677,C0090,P0253,1,2025-09-08
O09678,C0066,P0209,1,2024-01-12
O09679,C0731,P0639,5,2024-09-23
O09680,C0896,P0461,3,2023-10-07
O09681,C0629,P0446,1,2023-11-10
O09682,C0279,P0249,5,2024-04-01
O09683,C0320,P0215,1,2024-09-22
O09684,C0449,P0065,5,2023-10-05
O09685,C0281,P0084,2,2024-07-13
O09686,C0652,P0408,1,2025-09-03
O09687,C0096,P0477,3,2023-12-11
O09688,C0245,P0520,4,2023-10-14
O09689,C0362,P0238,2,2024-12-28
O09690,C0672,P0699,3,2023-11-22
O09691,C0871,P0591,4,2024-02-15
O09692,C0222,P0438,5,2024-09-01
O09693,C0299,P0575,3,2024-10-09
O09694,C0337,P0194,1,2023-11-02
O09695,C0179,P0371,4,2024-06-17
O09696,C0167,P0469,1,2024-09-15
O09697,C0711,P0009,3,2024-10-09
O09698,C0199,P0673,3,2024-03-06
O09699,C0334,P0039,4,2025-01-10
O09700,C0387,P0414,4,2024-04-04
O09701,C0802,P0678,4,2025-04-12
O09702,C0098,P0538,5,2024-09-07
O09703,C0741,P0707,3,2023-10-24
O09704,C0176,P0478,5,2024-05-22
O09705,C0202,P0592,1,2025-07-25
O09706,C0416,P0250,2,2024-03-05
O09707,C0331,P0635,1,2024-09-04
O09708,C0268,P0514,4,2024-09-19
O09709,C0040,P0133,2,2024-04-10
O09710,C0916,P0100,1,2024-12-01
O09711,C0373,P0155,3,2024-07-18
O09712,C0441,P0572,4,2024-04-26
O09713,C0547,P0388,1,2025-02-21
O09714,C0813,P0549,3,2025-08-10
O09715,C0344,P0505,4,2025-01-28
O09716,C0063,P0677,2,2024-12-30
O09717,C0599,P0182,4,2023-10-05
O09718,C0191,P0377,2,2024-07-07
O09719,C0532,P0432,4,2024-09-11
O09720,C0812,P0259,4,2025-02-07
O09721,C0526,P0296,4,2025-01-09
O09722,C0377,P0060,3,2024-06-09
O09723,C0891,P0601,2,2023-11-23
O09724,C0357,P0470,5,2024-02-07
O09725,C0915,P0140,3,2025-07-02
O09726,C0527,P0262,1,2024-01-30
O09727,C0853,P0326,5,2024-08-06
O09728,C0749,P0016,3,2023-10-12
O09729,C0558,P0301,2,2025-01-09
O09730,C0889,P0702,3,2024-07-14
O09731,C0801,P0165,3,2023-12-19
O09732,C0768,P0682,1,2025-06-30
O09733,C0759,P0508,3,2025-03-14
O09734,C0053,P0349,4,2024-09-16
O09735,C0599,P0199,5,2024-01-20
O09736,C0142,P0567,5,2024-07-08
O09737,C0363,P0126,2,2024-03-15
O09738,C0320,P0506,4,2024-10-29
O09739,C0509,P0488,1,2024-09-11
O09740,C0883,P0589,2,2024-03-17
O09741,C0071,P0448,5,2024-08-16
O09742,C0748,P0255,2,2025-06-17
O09743,C0034,P0421,3,2023-09-29
O09744,C0355,P0671,2,2024-09-19
O09745,C0490,P0200,1,2025-02-03
O09746,C0031,P0102,3,2023-11-05
O09747,C0841,P0510,4,2024-03-08
O09748,C0304,P0578,4,2024-10-02
O09749,C0521,P0008,5,2024-05-08
O09750,C0585,P0699,2,2025-05-19
O09751,C0179,P0655,4,2025-07-27
O09752,C0661,P0520,3,2025-08-28
O09753,C0543,P0241,3,2025-06-12
O09754,C0829,P0665,2,2023-11-25
O09755,C0577,P0281,5,2024-02-16
O09756,C0541,P0247,5,2024-06-23
O09757,C0553,P0180,2,2024-08-27
O09758,C0726,P0112,5,2024-03-22
O09759,C0056,P0702,5,2024-12-26
O09760,C0362,P0341,3,2024-09-01
O09761,C0261,P0449,2,2024-01-30
O09762,C0054,P0633,4,2024-03-29
O09763,C0137,P0528,1,2024-10-02
O09764,C0850,P0467,2,2024-12-24
O09765,C0329,P0538,2,2024-04-06
O09766,C0123,P0199,1,2024-07-10
O09767,C0790,P0231,4,2025-05-03
O09768,C0629,P0062,1,2025-01-30
O09769,C0881,P0109,2,2024-02-17
O09770,C0616,P0181,2,2023-11-21
O09771,C0684,P0093,4,2024-12-18
O09772,C0735,P0702,2,2024-05-20
O09773,C0016,P0402,5,2025-08-04
O09774,C0734,P0363,4,2025-03-21
O09775,C0576,P0172,2,2024-06-12
O09776,C0536,P0697,1,2025-01-28
O09777,C0064,P0007,1,2024-03-06
O09778,C0700,P0018,3,2025-07-26
O09779,C0555,P0596,5,2024-12-19
O09780,C0745,P0314,5,2023-11-28
O09781,C0605,P0100,4,2025-04-22
O09782,C0049,P0091,4,2023-09-25
O09783,C0694,P0046,2,2024-10-02
O09784,C0208,P0504,1,2025-09-07
O09785,C0835,P0093,5,2023-12-19
O09786,C0432,P0294,5,2024-03-31
O09787,C0665,P0649,1,2024-05-26
O09788,C0598,P0514,5,2024-04-16
O09789,C0810,P0019,2,2025-05-23
O09790,C0789,P0553,4,2025-03-14
O09791,C0026,P0420,5,2023-10-26
O09792,C0389,P0523,3,2025-01-24
O09793,C0557,P0437,3,2024-01-02
O09794,C0306,P0549,1,2024-07-16
O09795,C0773,P0213,1,2024-05-20
O09796,C0013,P0481,3,2024-05-04
O09797,C0826,P0556,4,2024-01-19
O09798,C0198,P0707,4,2024-02-27
O09799,C0294,P0205,2,2023-10-17
O09800,C0113,P0695,5,2025-04-28
O09801,C0063,P0706,3,2025-05-26
O09802,C0043,P0222,3,2024-12-03
O09803,C0829,P0525,3,2025-06-26
O09804,C0849,P0191,1,2025-07-27
O09805,C0428,P0319,1,2025-04-08
O09806,C0173,P0479,3,2024-05-04
O09807,C0383,P0059,1,2025-08-07
O09808,C0388,P0069,1,2024-06-28
O09809,C0253,P0515,2,2024-11-22
O09810,C0293,P0348,5,2025-02-12
O09811,C0802,P0346,1,2024-11-18
O09812,C0451,P0424,1,2024-07-21
O09813,C0716,P0626,5,2024-10-17
O09814,C0058,P0567,4,2024-03-19
O09815,C0810,P0194,3,2025-06-10
O09816,C0657,P0574,5,2023-09-24
O09817,C0298,P0512,3,2025-07-27
O09818,C0924,P0236,1,2023-09-27
O09819,C0769,P0240,3,2025-03-13
O09820,C0484,P0528,2,2025-07-01
O09821,C0855,P0666,2,2024-02-02
O09822,C0010,P0047,4,2024-04-17
O09823,C0285,P0463,2,2024-01-24
O09824,C0547,P0377,4,2025-05-12
O09825,C0725,P0495,1,2025-03-11
O09826,C0735,P0518,2,2023-09-30
O09827,C0722,P0666,2,2024-12-06
O09828,C0202,P0137,1,2025-04-13
O09829,C0004,P0626,1,2025-02-03
O09830,C0107,P0425,3,2023-11-24
O09831,C0128,P0249,5,2023-10-11
O09832,C0324,P0271,5,2025-08-08
O09833,C0899,P0423,1,2025-03-26
O09834,C0150,P0224,2,2025-07-14
O09835,C0861,P0199,5,2023-10-23
O09836,C0758,P0429,2,2023-10-11
O09837,C0692,P0128,2,2024-12-12
O09838,C0488,P0224,5,2024-09-22
O09839,C0439,P0242,2,2024-01-02
O09840,C0579,P0679,2,2025-06-21
O09841,C0017,P0005,1,2024-11-05
O09842,C0278,P0633,2,2025-04-06
O09843,C0332,P0465,2,2025-02-07
O09844,C0862,P0158,5,2024-10-05
O09845,C0079,P0613,1,2024-03-02
O09846,C0177,P0659,1,2023-12-02
O09847,C0649,P0256,2,2024-05-17
O09848,C0783,P0072,2,2024-01-13
O09849,C0196,P0153,1,2023-11-23
O09850,C0286,P0571,1,2024-10-05
O09851,C0777,P0287,5,2024-08-18
O09852,C0495,P0181,5,2025-05-15
O09853,C0009,P0151,2,2024-06-29
O09854,C0649,P0109,5,2024-09-15
O09855,C0858,P0019,4,2023-11-23
O09856,C0664,P0105,5,2024-10-03
O09857,C0455,P0079,2,2024-07-24
O09858,C0629,P0637,3,2025-07-19
O09859,C0724,P0597,4,2025-01-07
O09860,C0911,P0454,3,2025-09-02
O09861,C0035,P0432,3,2023-10-05
O09862,C0515,P0175,5,2024-06-13
O09863,C0105,P0568,2,2025-01-02
O09864,C0101,P0385,4,2025-04-24
O09865,C0742,P0399,1,2024-04-07
O09866,C0453,P0073,3,2024-03-06
O09867,C0592,P0344,4,2024-10-16
O09868,C0590,P0664,3,2024-04-26
O09869,C0431,P0472,5,2024-04-20
O09870,C0033,P0562,1,2025-04-18
O09871,C0297,P0610,5,2023-12-28
O09872,C0128,P0588,2,2024-04-27
O09873,C0298,P0238,5,2023-12-21
O09874,C0594,P0444,2,2024-02-23
O09875,C0590,P0300,5,2023-12-24
O09876,C0114,P0246,4,2025-09-04
O09877,C0590,P0427,3,2025-09-02
O09878,C0034,P0572,4,2025-06-20
O09879,C0449,P0523,5,2024-03-26
O09880,C0052,P0360,1,2024-01-08
O09881,C0409,P0055,5,2023-12-12
O09882,C0455,P0304,1,2025-08-08
O09883,C0719,P0231,1,2024-01-22
O09884,C0521,P0213,5,2025-08-24
O09885,C0395,P0382,4,2024-03-26
O09886,C0191,P0052,3,2024-10-03
O09887,C0536,P0320,2,2024-08-23
O09888,C0687,P0010,4,2025-03-04
O09889,C0647,P0131,3,2025-06-02
O09890,C0616,P0248,2,2025-01-15
O09891,C0896,P0344,5,2024-01-20
O09892,C0704,P0136,5,2025-02-28
O09893,C0133,P0450,4,2024-10-14
O09894,C0857,P0561,1,2025-02-04
O09895,C0703,P0414,3,2025-03-19
O09896,C0624,P0659,2,2025-09-13
O09897,C0442,P0140,4,2024-02-20
O09898,C0461,P0306,4,2024-09-10
O09899,C0171,P0081,1,2025-04-23
O09900,C0376,P0400,3,2023-12-02
O09901,C0841,P0085,2,2024-12-28
O09902,C0510,P0100,4,2025-05-27
O09903,C0023,P0129,2,2024-02-20
O09904,C0740,P0437,5,2025-06-22
O09905,C0170,P0418,3,2025-05-07
O09906,C0492,P0290,3,2024-01-12
O09907,C0345,P0302,1,2024-09-07
O09908,C0788,P0260,2,2024-07-20
O09909,C0493,P0105,4,2024-05-18
O09910,C0864,P0008,3,2024-10-08
O09911,C0365,P0503,2,2025-03-04
O09912,C0554,P0142,2,2024-08-16
O09913,C0835,P0019,5,2024-10-12
O09914,C0858,P0414,2,2025-07-02
O09915,C0154,P0051,2,2025-04-08
O09916,C0102,P0382,3,2024-03-17
O09917,C0302,P0028,2,2024-08-17
O09918,C0230,P0505,3,2024-01-10
O09919,C0326,P0380,3,2024-03-04
O09920,C0515,P0271,5,2025-08-15
O09921,C0148,P0283,3,2025-05-13
O09922,C0148,P0141,2,2025-09-13
O09923,C0837,P0192,5,2024-06-10
O09924,C0877,P0610,5,2024-07-19
O09925,C0596,P0081,5,2025-05-11
O09926,C0812,P0356,2,2024-06-17
O09927,C0480,P0531,5,2025-02-10
O09928,C0399,P0167,5,2025-05-11
O09929,C0923,P0216,1,2025-01-13
O09930,C0029,P0323,4,2024-10-09
O09931,C0498,P0577,4,2023-09-18
O09932,C0162,P0564,3,2025-01-16
O09933,C0662,P0278,4,2024-02-15
O09934,C0873,P0027,3,2023-12-13
O09935,C0022,P0189,2,2023-11-13
O09936,C0130,P0246,4,2025-04-25
O09937,C0166,P0179,4,2025-05-24
O09938,C0011,P0327,1,2025-07-14
O09939,C0101,P0375,1,2025-08-07
O09940,C0208,P0563,1,2023-10-17
O09941,C0297,P0225,3,2024-10-21
O09942,C0444,P0571,5,2025-07-28
O09943,C0531,P0647,4,2024-04-26
O09944,C0410,P0320,5,2024-04-20
O09945,C0700,P0650,4,2023-09-22
O09946,C0263,P0489,4,2024-08-18
O09947,C0401,P0199,4,2024-08-23
O09948,C0508,P0070,4,2024-11-08
O09949,C0818,P0448,4,2024-08-16
O09950,C0321,P0145,2,2024-09-15
O09951,C0070,P0244,4,2023-10-13
O09952,C0498,P0137,5,2024-09-21
O09953,C0410,P0260,4,2024-12-04
O09954,C0868,P0120,3,2024-04-16
O09955,C0364,P0407,3,2024-02-22
O09956,C0020,P0255,3,2024-07-16
O09957,C0075,P0401,1,2025-06-26
O09958,C0271,P0540,1,2025-03-13
O09959,C0637,P0286,4,2024-04-16
O09960,C0904,P0002,5,2023-11-14
O09961,C0008,P0215,5,2025-08-18
O09962,C0569,P0608,1,2023-09-29
O09963,C0359,P0283,5,2023-10-02
O09964,C0680,P0055,4,2025-07-21
O09965,C0085,P0116,2,2024-11-06
O09966,C0851,P0483,4,2025-02-08
O09967,C0784,P0108,2,2023-12-14
O09968,C0915,P0007,1,2025-08-30
O09969,C0760,P0185,2,2025-02-20
O09970,C0275,P0230,1,2023-10-10
O09971,C0102,P0152,1,2024-10-28
O09972,C0211,P0560,5,2024-08-03
O09973,C0335,P0129,4,2024-12-04
O09974,C0547,P0287,5,2025-01-13
O09975,C0614,P0532,2,2023-10-14
O09976,C0483,P0432,5,2023-12-14
O09977,C0326,P0107,4,2023-09-26
O09978,C0478,P0508,3,2025-05-01
O09979,C0506,P0151,5,2024-12-23
O09980,C0345,P0437,1,2025-07-21
O09981,C0040,P0112,1,2023-12-17
O09982,C0454,P0678,5,2024-01-22
O09983,C0305,P0293,3,2024-08-19
O09984,C0881,P0596,3,2024-03-29
O09985,C0399,P0538,2,2024-02-14
O09986,C0843,P0183,4,2025-01-28
O09987,C0410,P0568,4,2024-06-24
O09988,C0763,P0392,5,2024-09-24
O09989,C0595,P0426,2,2024-08-10
O09990,C0530,P0423,1,2024-12-18
O09991,C0478,P0244,3,2025-01-23
O09992,C0294,P0620,2,2024-09-17
O09993,C0271,P0351,4,2024-01-27
O09994,C0184,P0001,4,2024-05-11
O09995,C0164,P0563,3,2025-05-26
O09996,C0599,P0589,4,2024-03-03
O09997,C0011,P0290,4,2025-01-13
O09998,C0659,P0136,4,2025-07-16
O09999,C0590,P0060,4,2025-01-18
O10000,C0654,P0065,4,2025-06-11
